Student_ID,Department,Level,Gender,Age,State_of_Origin,First_Name,Last_Name,Email,Phone_Number,Session,Semester,Course_Code,Course_Title,Credit_Unit,Attendance_Rate,CA_Score,Exam_Score,Total_Score,Grade,GP
P/ND/23/94170,Civil Engineering,ND1,Male,19,Gombe,Faith,Ogunleye,faith.ogunleye@yabatech.edu.ng,(918)591-0311x850,2024/2025,1st Semester,MEC 101,Workshop Technology,2,56,11,25,36,F,0.0
P/ND/23/94170,Civil Engineering,ND1,Male,19,Gombe,Faith,Ogunleye,faith.ogunleye@yabatech.edu.ng,(918)591-0311x850,2024/2025,1st Semester,CEC 101,Engineering Drawing,3,51,13,32,45,D,2.25
P/ND/23/94170,Civil Engineering,ND1,Male,19,Gombe,Faith,Ogunleye,faith.ogunleye@yabatech.edu.ng,(918)591-0311x850,2024/2025,1st Semester,CEC 110,Fluid Mechanics,4,34,9,22,31,F,0.0
P/ND/23/76174,Electrical Engineering,ND2,Female,28,Lagos,Joy,Oshodi,joy.oshodi@yabatech.edu.ng,907.384.9642x79677,2024/2025,1st Semester,MTH 111,Logic & Linear Algebra,2,68,24,58,82,A,4.0
P/ND/23/76174,Electrical Engineering,ND2,Female,28,Lagos,Joy,Oshodi,joy.oshodi@yabatech.edu.ng,907.384.9642x79677,2024/2025,1st Semester,MEC 112,Mechanical Workshop,2,91,25,58,83,A,4.0
P/ND/23/76174,Electrical Engineering,ND2,Female,28,Lagos,Joy,Oshodi,joy.oshodi@yabatech.edu.ng,907.384.9642x79677,2024/2025,1st Semester,EEC 111,Electrical Science,3,88,25,58,83,A,4.0
P/ND/23/76174,Electrical Engineering,ND2,Female,28,Lagos,Joy,Oshodi,joy.oshodi@yabatech.edu.ng,907.384.9642x79677,2024/2025,1st Semester,EEC 115,Electrical Graphics,2,58,26,60,86,A,4.0
P/ND/23/76174,Electrical Engineering,ND2,Female,28,Lagos,Joy,Oshodi,joy.oshodi@yabatech.edu.ng,907.384.9642x79677,2024/2025,1st Semester,GNS 101,Use of English,2,63,27,63,90,A,4.0
P/HN/23/81377,Computer Science,HND2,Male,29,Osun,Deborah,Ibrahim,deborah.ibrahim@yabatech.edu.ng,301-827-8461x26591,2024/2025,1st Semester,COM 101,Intro to Computing,4,89,22,52,74,AB,3.5
P/HN/23/81377,Computer Science,HND2,Male,29,Osun,Deborah,Ibrahim,deborah.ibrahim@yabatech.edu.ng,301-827-8461x26591,2024/2025,1st Semester,COM 113,Intro to Programming,4,69,24,56,80,A,4.0
P/HN/23/81377,Computer Science,HND2,Male,29,Osun,Deborah,Ibrahim,deborah.ibrahim@yabatech.edu.ng,301-827-8461x26591,2024/2025,1st Semester,COM 112,Digital Electronics,3,84,21,49,70,AB,3.5
P/HN/23/81377,Computer Science,HND2,Male,29,Osun,Deborah,Ibrahim,deborah.ibrahim@yabatech.edu.ng,301-827-8461x26591,2024/2025,1st Semester,STA 111,Intro to Statistics,2,72,19,46,65,B,3.25
P/HN/23/81377,Computer Science,HND2,Male,29,Osun,Deborah,Ibrahim,deborah.ibrahim@yabatech.edu.ng,301-827-8461x26591,2024/2025,1st Semester,MTH 111,Logic & Linear Algebra,2,68,24,56,80,A,4.0
F/ND/23/8523,Computer Science,ND2,Male,23,Plateau,James,Okafor,james.okafor@yabatech.edu.ng,(615)755-3803,2024/2025,1st Semester,STA 111,Intro to Statistics,2,29,9,23,32,F,0.0
F/ND/23/8523,Computer Science,ND2,Male,23,Plateau,James,Okafor,james.okafor@yabatech.edu.ng,(615)755-3803,2024/2025,1st Semester,COM 112,Digital Electronics,3,48,12,29,41,E,2.0
F/ND/23/8523,Computer Science,ND2,Male,23,Plateau,James,Okafor,james.okafor@yabatech.edu.ng,(615)755-3803,2024/2025,1st Semester,COM 101,Intro to Computing,4,60,13,31,44,E,2.0
F/ND/23/8523,Computer Science,ND2,Male,23,Plateau,James,Okafor,james.okafor@yabatech.edu.ng,(615)755-3803,2024/2025,1st Semester,MTH 111,Logic & Linear Algebra,2,41,12,29,41,E,2.0
F/ND/23/8523,Computer Science,ND2,Male,23,Plateau,James,Okafor,james.okafor@yabatech.edu.ng,(615)755-3803,2024/2025,1st Semester,GNS 101,Use of English,2,37,8,20,28,F,0.0
P/ND/23/50462,Science Lab Tech,ND2,Female,30,Sokoto,Joshua,Oyekan,joshua.oyekan@yabatech.edu.ng,(857)880-4426x14710,2024/2025,1st Semester,GLT 111,General Lab Techniques,4,55,17,40,57,C,2.75
P/ND/23/50462,Science Lab Tech,ND2,Female,30,Sokoto,Joshua,Oyekan,joshua.oyekan@yabatech.edu.ng,(857)880-4426x14710,2024/2025,1st Semester,GNS 101,Use of English,2,57,19,45,64,BC,3.0
P/ND/23/50462,Science Lab Tech,ND2,Female,30,Sokoto,Joshua,Oyekan,joshua.oyekan@yabatech.edu.ng,(857)880-4426x14710,2024/2025,1st Semester,STB 111,General Biology,3,63,17,41,58,C,2.75
P/ND/23/50462,Science Lab Tech,ND2,Female,30,Sokoto,Joshua,Oyekan,joshua.oyekan@yabatech.edu.ng,(857)880-4426x14710,2024/2025,1st Semester,MTH 111,Logic & Linear Algebra,2,55,18,42,60,BC,3.0
P/ND/23/50462,Science Lab Tech,ND2,Female,30,Sokoto,Joshua,Oyekan,joshua.oyekan@yabatech.edu.ng,(857)880-4426x14710,2024/2025,1st Semester,STC 112,General Chemistry,3,49,7,17,24,F,0.0
P/ND/23/77141,Civil Engineering,ND1,Female,17,Kogi,Simon,Eze,simon.eze@yabatech.edu.ng,631.569.7843x462,2024/2025,1st Semester,CEC 101,Engineering Drawing,3,99,19,46,65,B,3.25
P/ND/23/77141,Civil Engineering,ND1,Female,17,Kogi,Simon,Eze,simon.eze@yabatech.edu.ng,631.569.7843x462,2024/2025,1st Semester,CEC 110,Fluid Mechanics,4,100,17,41,58,C,2.75
P/ND/23/77141,Civil Engineering,ND1,Female,17,Kogi,Simon,Eze,simon.eze@yabatech.edu.ng,631.569.7843x462,2024/2025,1st Semester,MEC 101,Workshop Technology,2,64,21,49,70,AB,3.5
P/ND/23/35233,Business Administration,ND2,Male,28,Cross River,David,Abiola,david.abiola@yabatech.edu.ng,408-815-1795x209,2024/2025,1st Semester,ECO 101,Intro to Economics,2,100,20,46,66,B,3.25
P/ND/23/35233,Business Administration,ND2,Male,28,Cross River,David,Abiola,david.abiola@yabatech.edu.ng,408-815-1795x209,2024/2025,1st Semester,ACC 111,Intro to Accounting,3,84,19,45,64,BC,3.0
P/ND/23/35233,Business Administration,ND2,Male,28,Cross River,David,Abiola,david.abiola@yabatech.edu.ng,408-815-1795x209,2024/2025,1st Semester,BAM 101,Intro to Business Admin,3,100,17,41,58,C,2.75
F/HN/23/97156,Computer Science,HND2,Male,18,Bayelsa,Michael,Abiola,michael.abiola@yabatech.edu.ng,(711)382-0171x1674,2024/2025,1st Semester,COM 112,Digital Electronics,3,90,28,66,94,A,4.0
F/HN/23/97156,Computer Science,HND2,Male,18,Bayelsa,Michael,Abiola,michael.abiola@yabatech.edu.ng,(711)382-0171x1674,2024/2025,1st Semester,GNS 101,Use of English,2,61,29,68,97,A,4.0
F/HN/23/97156,Computer Science,HND2,Male,18,Bayelsa,Michael,Abiola,michael.abiola@yabatech.edu.ng,(711)382-0171x1674,2024/2025,1st Semester,MTH 111,Logic & Linear Algebra,2,93,30,70,100,A,4.0
F/HN/23/97156,Computer Science,HND2,Male,18,Bayelsa,Michael,Abiola,michael.abiola@yabatech.edu.ng,(711)382-0171x1674,2024/2025,1st Semester,COM 101,Intro to Computing,4,93,27,65,92,A,4.0
F/HN/23/97156,Computer Science,HND2,Male,18,Bayelsa,Michael,Abiola,michael.abiola@yabatech.edu.ng,(711)382-0171x1674,2024/2025,1st Semester,STA 111,Intro to Statistics,2,70,27,65,92,A,4.0
F/HN/23/83659,Computer Science,HND1,Male,25,Gombe,Mary,Ekwueme,mary.ekwueme@yabatech.edu.ng,622-619-6486x10280,2024/2025,1st Semester,COM 113,Intro to Programming,4,37,6,15,21,F,0.0
F/HN/23/83659,Computer Science,HND1,Male,25,Gombe,Mary,Ekwueme,mary.ekwueme@yabatech.edu.ng,622-619-6486x10280,2024/2025,1st Semester,COM 101,Intro to Computing,4,48,7,17,24,F,0.0
F/HN/23/83659,Computer Science,HND1,Male,25,Gombe,Mary,Ekwueme,mary.ekwueme@yabatech.edu.ng,622-619-6486x10280,2024/2025,1st Semester,GNS 101,Use of English,2,44,6,15,21,F,0.0
F/HN/23/83659,Computer Science,HND1,Male,25,Gombe,Mary,Ekwueme,mary.ekwueme@yabatech.edu.ng,622-619-6486x10280,2024/2025,1st Semester,STA 111,Intro to Statistics,2,19,3,7,10,F,0.0
F/HN/23/83659,Computer Science,HND1,Male,25,Gombe,Mary,Ekwueme,mary.ekwueme@yabatech.edu.ng,622-619-6486x10280,2024/2025,1st Semester,MTH 111,Logic & Linear Algebra,2,53,7,16,23,F,0.0
P/HN/23/54106,Civil Engineering,HND2,Female,22,Bauchi,Patience,Oshodi,patience.oshodi@yabatech.edu.ng,+1-626-857-7471x35421,2024/2025,1st Semester,MEC 101,Workshop Technology,2,70,27,64,91,A,4.0
P/HN/23/54106,Civil Engineering,HND2,Female,22,Bauchi,Patience,Oshodi,patience.oshodi@yabatech.edu.ng,+1-626-857-7471x35421,2024/2025,1st Semester,CEC 101,Engineering Drawing,3,76,25,58,83,A,4.0
P/HN/23/54106,Civil Engineering,HND2,Female,22,Bauchi,Patience,Oshodi,patience.oshodi@yabatech.edu.ng,+1-626-857-7471x35421,2024/2025,1st Semester,CEC 110,Fluid Mechanics,4,53,26,61,87,A,4.0
F/ND/23/31496,Science Lab Tech,ND2,Female,22,Akwa Ibom,Faith,Balogun,faith.balogun@yabatech.edu.ng,(391)833-5383x08932,2024/2025,1st Semester,STB 111,General Biology,3,39,8,19,27,F,0.0
F/ND/23/31496,Science Lab Tech,ND2,Female,22,Akwa Ibom,Faith,Balogun,faith.balogun@yabatech.edu.ng,(391)833-5383x08932,2024/2025,1st Semester,GNS 101,Use of English,2,34,10,24,34,F,0.0
F/ND/23/31496,Science Lab Tech,ND2,Female,22,Akwa Ibom,Faith,Balogun,faith.balogun@yabatech.edu.ng,(391)833-5383x08932,2024/2025,1st Semester,MTH 111,Logic & Linear Algebra,2,35,12,29,41,E,2.0
F/ND/23/31496,Science Lab Tech,ND2,Female,22,Akwa Ibom,Faith,Balogun,faith.balogun@yabatech.edu.ng,(391)833-5383x08932,2024/2025,1st Semester,GLT 111,General Lab Techniques,4,59,13,31,44,E,2.0
F/ND/23/31496,Science Lab Tech,ND2,Female,22,Akwa Ibom,Faith,Balogun,faith.balogun@yabatech.edu.ng,(391)833-5383x08932,2024/2025,1st Semester,STC 112,General Chemistry,3,18,9,21,30,F,0.0
F/HN/23/71693,Mass Communication,HND2,Female,19,Kogi,Ruth,Eze,ruth.eze@yabatech.edu.ng,(896)215-5926x4643,2024/2025,1st Semester,MAC 107,Intro to Broadcasting,3,80,10,25,35,F,0.0
F/HN/23/71693,Mass Communication,HND2,Female,19,Kogi,Ruth,Eze,ruth.eze@yabatech.edu.ng,(896)215-5926x4643,2024/2025,1st Semester,MAC 101,Intro to Mass Comm,3,34,11,27,38,F,0.0
F/HN/23/71693,Mass Communication,HND2,Female,19,Kogi,Ruth,Eze,ruth.eze@yabatech.edu.ng,(896)215-5926x4643,2024/2025,1st Semester,GNS 101,Use of English,2,41,5,12,17,F,0.0
F/HN/23/71693,Mass Communication,HND2,Female,19,Kogi,Ruth,Eze,ruth.eze@yabatech.edu.ng,(896)215-5926x4643,2024/2025,1st Semester,MAC 115,News Writing,3,58,16,37,53,CD,2.5
F/HN/23/71693,Mass Communication,HND2,Female,19,Kogi,Ruth,Eze,ruth.eze@yabatech.edu.ng,(896)215-5926x4643,2024/2025,1st Semester,GNS 127,Citizenship Education,2,54,11,26,37,F,0.0
F/ND/23/42850,Civil Engineering,ND2,Female,30,Imo,Juliet,Ojo,juliet.ojo@yabatech.edu.ng,794-857-9286,2024/2025,1st Semester,MEC 101,Workshop Technology,2,69,21,49,70,AB,3.5
F/ND/23/42850,Civil Engineering,ND2,Female,30,Imo,Juliet,Ojo,juliet.ojo@yabatech.edu.ng,794-857-9286,2024/2025,1st Semester,CEC 101,Engineering Drawing,3,63,20,47,67,B,3.25
F/ND/23/42850,Civil Engineering,ND2,Female,30,Imo,Juliet,Ojo,juliet.ojo@yabatech.edu.ng,794-857-9286,2024/2025,1st Semester,CEC 110,Fluid Mechanics,4,86,20,47,67,B,3.25
P/HN/23/81521,Mass Communication,HND2,Male,23,Nasarawa,Deborah,Akinwale,deborah.akinwale@yabatech.edu.ng,+1-619-822-8518x289,2024/2025,1st Semester,MAC 101,Intro to Mass Comm,3,100,30,70,100,A,4.0
P/HN/23/81521,Mass Communication,HND2,Male,23,Nasarawa,Deborah,Akinwale,deborah.akinwale@yabatech.edu.ng,+1-619-822-8518x289,2024/2025,1st Semester,GNS 127,Citizenship Education,2,82,28,67,95,A,4.0
P/HN/23/81521,Mass Communication,HND2,Male,23,Nasarawa,Deborah,Akinwale,deborah.akinwale@yabatech.edu.ng,+1-619-822-8518x289,2024/2025,1st Semester,GNS 101,Use of English,2,91,26,60,86,A,4.0
P/HN/23/81521,Mass Communication,HND2,Male,23,Nasarawa,Deborah,Akinwale,deborah.akinwale@yabatech.edu.ng,+1-619-822-8518x289,2024/2025,1st Semester,MAC 107,Intro to Broadcasting,3,90,27,63,90,A,4.0
P/HN/23/81521,Mass Communication,HND2,Male,23,Nasarawa,Deborah,Akinwale,deborah.akinwale@yabatech.edu.ng,+1-619-822-8518x289,2024/2025,1st Semester,MAC 115,News Writing,3,70,29,69,98,A,4.0
P/HN/23/45224,Business Administration,HND1,Male,30,Enugu,Paul,Nnamani,paul.nnamani@yabatech.edu.ng,(666)746-8450x81867,2024/2025,1st Semester,ACC 111,Intro to Accounting,3,79,28,66,94,A,4.0
P/HN/23/45224,Business Administration,HND1,Male,30,Enugu,Paul,Nnamani,paul.nnamani@yabatech.edu.ng,(666)746-8450x81867,2024/2025,1st Semester,BAM 101,Intro to Business Admin,3,71,30,70,100,A,4.0
P/HN/23/45224,Business Administration,HND1,Male,30,Enugu,Paul,Nnamani,paul.nnamani@yabatech.edu.ng,(666)746-8450x81867,2024/2025,1st Semester,ECO 101,Intro to Economics,2,83,30,70,100,A,4.0
F/HN/23/91065,Mass Communication,HND2,Female,17,Yobe,Nathaniel,Chukwu,nathaniel.chukwu@yabatech.edu.ng,001-738-239-7680x23946,2024/2025,1st Semester,MAC 101,Intro to Mass Comm,3,93,27,64,91,A,4.0
F/HN/23/91065,Mass Communication,HND2,Female,17,Yobe,Nathaniel,Chukwu,nathaniel.chukwu@yabatech.edu.ng,001-738-239-7680x23946,2024/2025,1st Semester,GNS 101,Use of English,2,64,23,54,77,A,4.0
F/HN/23/91065,Mass Communication,HND2,Female,17,Yobe,Nathaniel,Chukwu,nathaniel.chukwu@yabatech.edu.ng,001-738-239-7680x23946,2024/2025,1st Semester,MAC 107,Intro to Broadcasting,3,74,24,56,80,A,4.0
F/HN/23/91065,Mass Communication,HND2,Female,17,Yobe,Nathaniel,Chukwu,nathaniel.chukwu@yabatech.edu.ng,001-738-239-7680x23946,2024/2025,1st Semester,MAC 115,News Writing,3,100,24,57,81,A,4.0
F/HN/23/91065,Mass Communication,HND2,Female,17,Yobe,Nathaniel,Chukwu,nathaniel.chukwu@yabatech.edu.ng,001-738-239-7680x23946,2024/2025,1st Semester,GNS 127,Citizenship Education,2,94,28,66,94,A,4.0
P/HN/23/41761,Computer Science,HND1,Male,18,Oyo,Gabriel,Olawale,gabriel.olawale@yabatech.edu.ng,3358422574,2024/2025,1st Semester,COM 112,Digital Electronics,3,38,10,24,34,F,0.0
P/HN/23/41761,Computer Science,HND1,Male,18,Oyo,Gabriel,Olawale,gabriel.olawale@yabatech.edu.ng,3358422574,2024/2025,1st Semester,COM 113,Intro to Programming,4,65,13,31,44,E,2.0
P/HN/23/41761,Computer Science,HND1,Male,18,Oyo,Gabriel,Olawale,gabriel.olawale@yabatech.edu.ng,3358422574,2024/2025,1st Semester,GNS 101,Use of English,2,59,13,32,45,D,2.25
P/HN/23/41761,Computer Science,HND1,Male,18,Oyo,Gabriel,Olawale,gabriel.olawale@yabatech.edu.ng,3358422574,2024/2025,1st Semester,STA 111,Intro to Statistics,2,45,9,21,30,F,0.0
P/HN/23/41761,Computer Science,HND1,Male,18,Oyo,Gabriel,Olawale,gabriel.olawale@yabatech.edu.ng,3358422574,2024/2025,1st Semester,COM 101,Intro to Computing,4,74,15,36,51,CD,2.5
F/ND/23/19685,Electrical Engineering,ND2,Female,28,Enugu,Michael,Okafor,michael.okafor@yabatech.edu.ng,200.816.6782x10118,2024/2025,1st Semester,MTH 111,Logic & Linear Algebra,2,53,16,39,55,C,2.75
F/ND/23/19685,Electrical Engineering,ND2,Female,28,Enugu,Michael,Okafor,michael.okafor@yabatech.edu.ng,200.816.6782x10118,2024/2025,1st Semester,EEC 111,Electrical Science,3,63,16,37,53,CD,2.5
F/ND/23/19685,Electrical Engineering,ND2,Female,28,Enugu,Michael,Okafor,michael.okafor@yabatech.edu.ng,200.816.6782x10118,2024/2025,1st Semester,EEC 115,Electrical Graphics,2,22,8,18,26,F,0.0
F/ND/23/19685,Electrical Engineering,ND2,Female,28,Enugu,Michael,Okafor,michael.okafor@yabatech.edu.ng,200.816.6782x10118,2024/2025,1st Semester,GNS 101,Use of English,2,54,14,34,48,D,2.25
F/ND/23/19685,Electrical Engineering,ND2,Female,28,Enugu,Michael,Okafor,michael.okafor@yabatech.edu.ng,200.816.6782x10118,2024/2025,1st Semester,MEC 112,Mechanical Workshop,2,62,16,38,54,CD,2.5
F/HN/23/9076,Mass Communication,HND2,Female,17,Jigawa,Victoria,Akinwale,victoria.akinwale@yabatech.edu.ng,(717)848-1390,2024/2025,1st Semester,MAC 101,Intro to Mass Comm,3,48,10,23,33,F,0.0
F/HN/23/9076,Mass Communication,HND2,Female,17,Jigawa,Victoria,Akinwale,victoria.akinwale@yabatech.edu.ng,(717)848-1390,2024/2025,1st Semester,MAC 107,Intro to Broadcasting,3,37,5,13,18,F,0.0
F/HN/23/9076,Mass Communication,HND2,Female,17,Jigawa,Victoria,Akinwale,victoria.akinwale@yabatech.edu.ng,(717)848-1390,2024/2025,1st Semester,GNS 101,Use of English,2,57,10,23,33,F,0.0
F/HN/23/9076,Mass Communication,HND2,Female,17,Jigawa,Victoria,Akinwale,victoria.akinwale@yabatech.edu.ng,(717)848-1390,2024/2025,1st Semester,MAC 115,News Writing,3,44,10,24,34,F,0.0
F/HN/23/9076,Mass Communication,HND2,Female,17,Jigawa,Victoria,Akinwale,victoria.akinwale@yabatech.edu.ng,(717)848-1390,2024/2025,1st Semester,GNS 127,Citizenship Education,2,23,7,16,23,F,0.0
P/ND/23/80548,Electrical Engineering,ND1,Female,26,Anambra,Cornelius,Ibrahim,cornelius.ibrahim@yabatech.edu.ng,(715)972-3521x0702,2024/2025,1st Semester,GNS 101,Use of English,2,76,24,57,81,A,4.0
P/ND/23/80548,Electrical Engineering,ND1,Female,26,Anambra,Cornelius,Ibrahim,cornelius.ibrahim@yabatech.edu.ng,(715)972-3521x0702,2024/2025,1st Semester,MEC 112,Mechanical Workshop,2,73,22,53,75,A,4.0
P/ND/23/80548,Electrical Engineering,ND1,Female,26,Anambra,Cornelius,Ibrahim,cornelius.ibrahim@yabatech.edu.ng,(715)972-3521x0702,2024/2025,1st Semester,MTH 111,Logic & Linear Algebra,2,61,25,58,83,A,4.0
P/ND/23/80548,Electrical Engineering,ND1,Female,26,Anambra,Cornelius,Ibrahim,cornelius.ibrahim@yabatech.edu.ng,(715)972-3521x0702,2024/2025,1st Semester,EEC 111,Electrical Science,3,72,22,52,74,AB,3.5
P/ND/23/80548,Electrical Engineering,ND1,Female,26,Anambra,Cornelius,Ibrahim,cornelius.ibrahim@yabatech.edu.ng,(715)972-3521x0702,2024/2025,1st Semester,EEC 115,Electrical Graphics,2,67,26,62,88,A,4.0
F/HN/23/84207,Business Administration,HND1,Female,20,Kogi,Paul,Eze,paul.eze@yabatech.edu.ng,695.682.3109,2024/2025,1st Semester,ACC 111,Intro to Accounting,3,41,5,13,18,F,0.0
F/HN/23/84207,Business Administration,HND1,Female,20,Kogi,Paul,Eze,paul.eze@yabatech.edu.ng,695.682.3109,2024/2025,1st Semester,ECO 101,Intro to Economics,2,33,6,15,21,F,0.0
F/HN/23/84207,Business Administration,HND1,Female,20,Kogi,Paul,Eze,paul.eze@yabatech.edu.ng,695.682.3109,2024/2025,1st Semester,BAM 101,Intro to Business Admin,3,28,10,23,33,F,0.0
F/HN/23/19260,Science Lab Tech,HND1,Male,18,Ogun,Peter,Nnamani,peter.nnamani@yabatech.edu.ng,6675704134,2024/2025,1st Semester,GLT 111,General Lab Techniques,4,47,5,12,17,F,0.0
F/HN/23/19260,Science Lab Tech,HND1,Male,18,Ogun,Peter,Nnamani,peter.nnamani@yabatech.edu.ng,6675704134,2024/2025,1st Semester,STB 111,General Biology,3,43,3,8,11,F,0.0
F/HN/23/19260,Science Lab Tech,HND1,Male,18,Ogun,Peter,Nnamani,peter.nnamani@yabatech.edu.ng,6675704134,2024/2025,1st Semester,STC 112,General Chemistry,3,54,10,25,35,F,0.0
F/HN/23/19260,Science Lab Tech,HND1,Male,18,Ogun,Peter,Nnamani,peter.nnamani@yabatech.edu.ng,6675704134,2024/2025,1st Semester,MTH 111,Logic & Linear Algebra,2,55,11,27,38,F,0.0
F/HN/23/19260,Science Lab Tech,HND1,Male,18,Ogun,Peter,Nnamani,peter.nnamani@yabatech.edu.ng,6675704134,2024/2025,1st Semester,GNS 101,Use of English,2,76,11,26,37,F,0.0
P/ND/23/21176,Computer Science,ND2,Male,18,Bauchi,Philip,Olawale,philip.olawale@yabatech.edu.ng,310-347-9921x4509,2024/2025,1st Semester,MTH 111,Logic & Linear Algebra,2,79,22,52,74,AB,3.5
P/ND/23/21176,Computer Science,ND2,Male,18,Bauchi,Philip,Olawale,philip.olawale@yabatech.edu.ng,310-347-9921x4509,2024/2025,1st Semester,GNS 101,Use of English,2,62,22,51,73,AB,3.5
P/ND/23/21176,Computer Science,ND2,Male,18,Bauchi,Philip,Olawale,philip.olawale@yabatech.edu.ng,310-347-9921x4509,2024/2025,1st Semester,STA 111,Intro to Statistics,2,86,24,57,81,A,4.0
P/ND/23/21176,Computer Science,ND2,Male,18,Bauchi,Philip,Olawale,philip.olawale@yabatech.edu.ng,310-347-9921x4509,2024/2025,1st Semester,COM 112,Digital Electronics,3,69,24,57,81,A,4.0
P/ND/23/21176,Computer Science,ND2,Male,18,Bauchi,Philip,Olawale,philip.olawale@yabatech.edu.ng,310-347-9921x4509,2024/2025,1st Semester,COM 113,Intro to Programming,4,71,20,48,68,B,3.25
P/ND/23/21176,Computer Science,ND2,Male,18,Bauchi,Philip,Olawale,philip.olawale@yabatech.edu.ng,310-347-9921x4509,2024/2025,1st Semester,COM 101,Intro to Computing,4,71,22,53,75,A,4.0
P/HN/23/73597,Science Lab Tech,HND1,Female,30,Adamawa,Deborah,Okafor,deborah.okafor@yabatech.edu.ng,777.462.9683x875,2024/2025,1st Semester,STC 112,General Chemistry,3,64,12,29,41,E,2.0
P/HN/23/73597,Science Lab Tech,HND1,Female,30,Adamawa,Deborah,Okafor,deborah.okafor@yabatech.edu.ng,777.462.9683x875,2024/2025,1st Semester,GNS 101,Use of English,2,56,11,27,38,F,0.0
P/HN/23/73597,Science Lab Tech,HND1,Female,30,Adamawa,Deborah,Okafor,deborah.okafor@yabatech.edu.ng,777.462.9683x875,2024/2025,1st Semester,MTH 111,Logic & Linear Algebra,2,41,6,15,21,F,0.0
P/HN/23/73597,Science Lab Tech,HND1,Female,30,Adamawa,Deborah,Okafor,deborah.okafor@yabatech.edu.ng,777.462.9683x875,2024/2025,1st Semester,STB 111,General Biology,3,55,13,30,43,E,2.0
P/HN/23/73597,Science Lab Tech,HND1,Female,30,Adamawa,Deborah,Okafor,deborah.okafor@yabatech.edu.ng,777.462.9683x875,2024/2025,1st Semester,GLT 111,General Lab Techniques,4,52,13,30,43,E,2.0
P/HN/23/396,Electrical Engineering,HND2,Male,20,Plateau,David,Chukwu,david.chukwu@yabatech.edu.ng,(303)657-1485x831,2024/2025,1st Semester,GNS 101,Use of English,2,79,27,64,91,A,4.0
P/HN/23/396,Electrical Engineering,HND2,Male,20,Plateau,David,Chukwu,david.chukwu@yabatech.edu.ng,(303)657-1485x831,2024/2025,1st Semester,EEC 111,Electrical Science,3,65,27,64,91,A,4.0
P/HN/23/396,Electrical Engineering,HND2,Male,20,Plateau,David,Chukwu,david.chukwu@yabatech.edu.ng,(303)657-1485x831,2024/2025,1st Semester,MTH 111,Logic & Linear Algebra,2,81,25,59,84,A,4.0
P/HN/23/396,Electrical Engineering,HND2,Male,20,Plateau,David,Chukwu,david.chukwu@yabatech.edu.ng,(303)657-1485x831,2024/2025,1st Semester,EEC 115,Electrical Graphics,2,98,29,69,98,A,4.0
P/HN/23/396,Electrical Engineering,HND2,Male,20,Plateau,David,Chukwu,david.chukwu@yabatech.edu.ng,(303)657-1485x831,2024/2025,1st Semester,MEC 112,Mechanical Workshop,2,51,29,67,96,A,4.0
F/HN/23/81893,Computer Science,HND2,Male,26,Yobe,Sarah,Obi,sarah.obi@yabatech.edu.ng,001-373-474-0916x8188,2024/2025,1st Semester,COM 113,Intro to Programming,4,36,8,19,27,F,0.0
F/HN/23/81893,Computer Science,HND2,Male,26,Yobe,Sarah,Obi,sarah.obi@yabatech.edu.ng,001-373-474-0916x8188,2024/2025,1st Semester,COM 101,Intro to Computing,4,53,12,29,41,E,2.0
F/HN/23/81893,Computer Science,HND2,Male,26,Yobe,Sarah,Obi,sarah.obi@yabatech.edu.ng,001-373-474-0916x8188,2024/2025,1st Semester,COM 112,Digital Electronics,3,49,3,8,11,F,0.0
F/HN/23/81893,Computer Science,HND2,Male,26,Yobe,Sarah,Obi,sarah.obi@yabatech.edu.ng,001-373-474-0916x8188,2024/2025,1st Semester,STA 111,Intro to Statistics,2,56,9,21,30,F,0.0
F/HN/23/81893,Computer Science,HND2,Male,26,Yobe,Sarah,Obi,sarah.obi@yabatech.edu.ng,001-373-474-0916x8188,2024/2025,1st Semester,MTH 111,Logic & Linear Algebra,2,63,14,34,48,D,2.25
F/HN/23/81893,Computer Science,HND2,Male,26,Yobe,Sarah,Obi,sarah.obi@yabatech.edu.ng,001-373-474-0916x8188,2024/2025,1st Semester,GNS 101,Use of English,2,49,3,8,11,F,0.0
F/ND/23/75163,Computer Science,ND1,Male,29,Ogun,Esther,Ibrahim,esther.ibrahim@yabatech.edu.ng,6766967867,2024/2025,1st Semester,COM 113,Intro to Programming,4,68,22,52,74,AB,3.5
F/ND/23/75163,Computer Science,ND1,Male,29,Ogun,Esther,Ibrahim,esther.ibrahim@yabatech.edu.ng,6766967867,2024/2025,1st Semester,MTH 111,Logic & Linear Algebra,2,82,20,47,67,B,3.25
F/ND/23/75163,Computer Science,ND1,Male,29,Ogun,Esther,Ibrahim,esther.ibrahim@yabatech.edu.ng,6766967867,2024/2025,1st Semester,COM 101,Intro to Computing,4,49,16,38,54,CD,2.5
F/ND/23/75163,Computer Science,ND1,Male,29,Ogun,Esther,Ibrahim,esther.ibrahim@yabatech.edu.ng,6766967867,2024/2025,1st Semester,COM 112,Digital Electronics,3,56,21,50,71,AB,3.5
F/ND/23/75163,Computer Science,ND1,Male,29,Ogun,Esther,Ibrahim,esther.ibrahim@yabatech.edu.ng,6766967867,2024/2025,1st Semester,GNS 101,Use of English,2,82,21,50,71,AB,3.5
F/HN/23/6103,Business Administration,HND2,Female,17,Imo,Esther,Chukwu,esther.chukwu@yabatech.edu.ng,797.542.2668x413,2024/2025,1st Semester,ECO 101,Intro to Economics,2,52,11,26,37,F,0.0
F/HN/23/6103,Business Administration,HND2,Female,17,Imo,Esther,Chukwu,esther.chukwu@yabatech.edu.ng,797.542.2668x413,2024/2025,1st Semester,BAM 101,Intro to Business Admin,3,28,3,7,10,F,0.0
F/HN/23/6103,Business Administration,HND2,Female,17,Imo,Esther,Chukwu,esther.chukwu@yabatech.edu.ng,797.542.2668x413,2024/2025,1st Semester,ACC 111,Intro to Accounting,3,45,9,22,31,F,0.0
F/HN/23/57215,Computer Science,HND2,Female,22,Osun,Patience,Ekwueme,patience.ekwueme@yabatech.edu.ng,(604)955-8885x690,2024/2025,1st Semester,STA 111,Intro to Statistics,2,52,24,57,81,A,4.0
F/HN/23/57215,Computer Science,HND2,Female,22,Osun,Patience,Ekwueme,patience.ekwueme@yabatech.edu.ng,(604)955-8885x690,2024/2025,1st Semester,COM 113,Intro to Programming,4,86,21,50,71,AB,3.5
F/HN/23/57215,Computer Science,HND2,Female,22,Osun,Patience,Ekwueme,patience.ekwueme@yabatech.edu.ng,(604)955-8885x690,2024/2025,1st Semester,MTH 111,Logic & Linear Algebra,2,75,19,46,65,B,3.25
F/HN/23/57215,Computer Science,HND2,Female,22,Osun,Patience,Ekwueme,patience.ekwueme@yabatech.edu.ng,(604)955-8885x690,2024/2025,1st Semester,COM 101,Intro to Computing,4,90,21,50,71,AB,3.5
F/HN/23/57215,Computer Science,HND2,Female,22,Osun,Patience,Ekwueme,patience.ekwueme@yabatech.edu.ng,(604)955-8885x690,2024/2025,1st Semester,GNS 101,Use of English,2,88,23,54,77,A,4.0
F/HN/23/57215,Computer Science,HND2,Female,22,Osun,Patience,Ekwueme,patience.ekwueme@yabatech.edu.ng,(604)955-8885x690,2024/2025,1st Semester,COM 112,Digital Electronics,3,72,24,57,81,A,4.0
F/HN/23/77372,Business Administration,HND2,Female,23,Nasarawa,Sarah,Ekwueme,sarah.ekwueme@yabatech.edu.ng,001-307-268-7357x512,2024/2025,1st Semester,ACC 111,Intro to Accounting,3,46,6,15,21,F,0.0
F/HN/23/77372,Business Administration,HND2,Female,23,Nasarawa,Sarah,Ekwueme,sarah.ekwueme@yabatech.edu.ng,001-307-268-7357x512,2024/2025,1st Semester,ECO 101,Intro to Economics,2,69,9,22,31,F,0.0
F/HN/23/77372,Business Administration,HND2,Female,23,Nasarawa,Sarah,Ekwueme,sarah.ekwueme@yabatech.edu.ng,001-307-268-7357x512,2024/2025,1st Semester,BAM 101,Intro to Business Admin,3,40,7,16,23,F,0.0
P/ND/23/78724,Electrical Engineering,ND2,Female,23,Ogun,Juliet,Balogun,juliet.balogun@yabatech.edu.ng,805-528-5053x9174,2024/2025,1st Semester,MTH 111,Logic & Linear Algebra,2,48,7,17,24,F,0.0
P/ND/23/78724,Electrical Engineering,ND2,Female,23,Ogun,Juliet,Balogun,juliet.balogun@yabatech.edu.ng,805-528-5053x9174,2024/2025,1st Semester,EEC 111,Electrical Science,3,21,8,19,27,F,0.0
P/ND/23/78724,Electrical Engineering,ND2,Female,23,Ogun,Juliet,Balogun,juliet.balogun@yabatech.edu.ng,805-528-5053x9174,2024/2025,1st Semester,GNS 101,Use of English,2,92,11,26,37,F,0.0
P/ND/23/78724,Electrical Engineering,ND2,Female,23,Ogun,Juliet,Balogun,juliet.balogun@yabatech.edu.ng,805-528-5053x9174,2024/2025,1st Semester,MEC 112,Mechanical Workshop,2,46,6,15,21,F,0.0
P/ND/23/78724,Electrical Engineering,ND2,Female,23,Ogun,Juliet,Balogun,juliet.balogun@yabatech.edu.ng,805-528-5053x9174,2024/2025,1st Semester,EEC 115,Electrical Graphics,2,38,4,11,15,F,0.0
F/ND/23/50370,Mass Communication,ND1,Male,19,Bayelsa,Joy,Adeyemi,joy.adeyemi@yabatech.edu.ng,+1-389-894-5510x82300,2024/2025,1st Semester,MAC 101,Intro to Mass Comm,3,51,16,39,55,C,2.75
F/ND/23/50370,Mass Communication,ND1,Male,19,Bayelsa,Joy,Adeyemi,joy.adeyemi@yabatech.edu.ng,+1-389-894-5510x82300,2024/2025,1st Semester,MAC 115,News Writing,3,52,13,30,43,E,2.0
F/ND/23/50370,Mass Communication,ND1,Male,19,Bayelsa,Joy,Adeyemi,joy.adeyemi@yabatech.edu.ng,+1-389-894-5510x82300,2024/2025,1st Semester,GNS 127,Citizenship Education,2,43,12,29,41,E,2.0
F/ND/23/50370,Mass Communication,ND1,Male,19,Bayelsa,Joy,Adeyemi,joy.adeyemi@yabatech.edu.ng,+1-389-894-5510x82300,2024/2025,1st Semester,MAC 107,Intro to Broadcasting,3,90,13,30,43,E,2.0
F/ND/23/50370,Mass Communication,ND1,Male,19,Bayelsa,Joy,Adeyemi,joy.adeyemi@yabatech.edu.ng,+1-389-894-5510x82300,2024/2025,1st Semester,GNS 101,Use of English,2,33,9,22,31,F,0.0
P/HN/23/86763,Business Administration,HND1,Female,23,Niger,Grace,Ibrahim,grace.ibrahim@yabatech.edu.ng,960-958-4800x05562,2024/2025,1st Semester,ACC 111,Intro to Accounting,3,30,5,13,18,F,0.0
P/HN/23/86763,Business Administration,HND1,Female,23,Niger,Grace,Ibrahim,grace.ibrahim@yabatech.edu.ng,960-958-4800x05562,2024/2025,1st Semester,ECO 101,Intro to Economics,2,30,6,15,21,F,0.0
P/HN/23/86763,Business Administration,HND1,Female,23,Niger,Grace,Ibrahim,grace.ibrahim@yabatech.edu.ng,960-958-4800x05562,2024/2025,1st Semester,BAM 101,Intro to Business Admin,3,51,11,25,36,F,0.0
F/HN/23/71295,Business Administration,HND1,Male,17,Taraba,Paul,Abiola,paul.abiola@yabatech.edu.ng,001-665-693-9615x0514,2024/2025,1st Semester,ECO 101,Intro to Economics,2,90,24,56,80,A,4.0
F/HN/23/71295,Business Administration,HND1,Male,17,Taraba,Paul,Abiola,paul.abiola@yabatech.edu.ng,001-665-693-9615x0514,2024/2025,1st Semester,ACC 111,Intro to Accounting,3,73,22,52,74,AB,3.5
F/HN/23/71295,Business Administration,HND1,Male,17,Taraba,Paul,Abiola,paul.abiola@yabatech.edu.ng,001-665-693-9615x0514,2024/2025,1st Semester,BAM 101,Intro to Business Admin,3,72,24,57,81,A,4.0
F/ND/23/24548,Civil Engineering,ND1,Male,20,Kaduna,Joseph,Ibrahim,joseph.ibrahim@yabatech.edu.ng,+1-372-763-3874x03771,2024/2025,1st Semester,MEC 101,Workshop Technology,2,69,9,21,30,F,0.0
F/ND/23/24548,Civil Engineering,ND1,Male,20,Kaduna,Joseph,Ibrahim,joseph.ibrahim@yabatech.edu.ng,+1-372-763-3874x03771,2024/2025,1st Semester,CEC 101,Engineering Drawing,3,30,9,22,31,F,0.0
F/ND/23/24548,Civil Engineering,ND1,Male,20,Kaduna,Joseph,Ibrahim,joseph.ibrahim@yabatech.edu.ng,+1-372-763-3874x03771,2024/2025,1st Semester,CEC 110,Fluid Mechanics,4,62,9,22,31,F,0.0
P/HN/23/42605,Science Lab Tech,HND1,Female,17,Gombe,Paul,Uche,paul.uche@yabatech.edu.ng,932-968-1153,2024/2025,1st Semester,GNS 101,Use of English,2,100,26,60,86,A,4.0
P/HN/23/42605,Science Lab Tech,HND1,Female,17,Gombe,Paul,Uche,paul.uche@yabatech.edu.ng,932-968-1153,2024/2025,1st Semester,STB 111,General Biology,3,64,25,59,84,A,4.0
P/HN/23/42605,Science Lab Tech,HND1,Female,17,Gombe,Paul,Uche,paul.uche@yabatech.edu.ng,932-968-1153,2024/2025,1st Semester,MTH 111,Logic & Linear Algebra,2,86,30,70,100,A,4.0
P/HN/23/42605,Science Lab Tech,HND1,Female,17,Gombe,Paul,Uche,paul.uche@yabatech.edu.ng,932-968-1153,2024/2025,1st Semester,GLT 111,General Lab Techniques,4,91,28,65,93,A,4.0
P/HN/23/42605,Science Lab Tech,HND1,Female,17,Gombe,Paul,Uche,paul.uche@yabatech.edu.ng,932-968-1153,2024/2025,1st Semester,STC 112,General Chemistry,3,64,28,65,93,A,4.0
P/HN/23/32866,Civil Engineering,HND2,Female,23,Kaduna,Faith,Oshodi,faith.oshodi@yabatech.edu.ng,001-214-511-0815,2024/2025,1st Semester,MEC 101,Workshop Technology,2,86,18,43,61,BC,3.0
P/HN/23/32866,Civil Engineering,HND2,Female,23,Kaduna,Faith,Oshodi,faith.oshodi@yabatech.edu.ng,001-214-511-0815,2024/2025,1st Semester,CEC 110,Fluid Mechanics,4,100,23,55,78,A,4.0
P/HN/23/32866,Civil Engineering,HND2,Female,23,Kaduna,Faith,Oshodi,faith.oshodi@yabatech.edu.ng,001-214-511-0815,2024/2025,1st Semester,CEC 101,Engineering Drawing,3,100,23,55,78,A,4.0
F/HN/23/10066,Computer Science,HND1,Male,23,Ekiti,Paul,Obasanjo,paul.obasanjo@yabatech.edu.ng,254.841.2582,2024/2025,1st Semester,COM 113,Intro to Programming,4,64,22,52,74,AB,3.5
F/HN/23/10066,Computer Science,HND1,Male,23,Ekiti,Paul,Obasanjo,paul.obasanjo@yabatech.edu.ng,254.841.2582,2024/2025,1st Semester,GNS 101,Use of English,2,82,20,48,68,B,3.25
F/HN/23/10066,Computer Science,HND1,Male,23,Ekiti,Paul,Obasanjo,paul.obasanjo@yabatech.edu.ng,254.841.2582,2024/2025,1st Semester,MTH 111,Logic & Linear Algebra,2,88,24,56,80,A,4.0
F/HN/23/10066,Computer Science,HND1,Male,23,Ekiti,Paul,Obasanjo,paul.obasanjo@yabatech.edu.ng,254.841.2582,2024/2025,1st Semester,COM 112,Digital Electronics,3,69,22,52,74,AB,3.5
F/HN/23/10066,Computer Science,HND1,Male,23,Ekiti,Paul,Obasanjo,paul.obasanjo@yabatech.edu.ng,254.841.2582,2024/2025,1st Semester,STA 111,Intro to Statistics,2,72,24,57,81,A,4.0
F/HN/23/10066,Computer Science,HND1,Male,23,Ekiti,Paul,Obasanjo,paul.obasanjo@yabatech.edu.ng,254.841.2582,2024/2025,1st Semester,COM 101,Intro to Computing,4,67,19,46,65,B,3.25
P/ND/23/33731,Electrical Engineering,ND1,Female,21,Anambra,Sarah,Abiola,sarah.abiola@yabatech.edu.ng,6655239410,2024/2025,1st Semester,GNS 101,Use of English,2,97,30,70,100,A,4.0
P/ND/23/33731,Electrical Engineering,ND1,Female,21,Anambra,Sarah,Abiola,sarah.abiola@yabatech.edu.ng,6655239410,2024/2025,1st Semester,EEC 115,Electrical Graphics,2,86,30,70,100,A,4.0
P/ND/23/33731,Electrical Engineering,ND1,Female,21,Anambra,Sarah,Abiola,sarah.abiola@yabatech.edu.ng,6655239410,2024/2025,1st Semester,MEC 112,Mechanical Workshop,2,62,28,65,93,A,4.0
P/ND/23/33731,Electrical Engineering,ND1,Female,21,Anambra,Sarah,Abiola,sarah.abiola@yabatech.edu.ng,6655239410,2024/2025,1st Semester,EEC 111,Electrical Science,3,62,28,67,95,A,4.0
P/ND/23/33731,Electrical Engineering,ND1,Female,21,Anambra,Sarah,Abiola,sarah.abiola@yabatech.edu.ng,6655239410,2024/2025,1st Semester,MTH 111,Logic & Linear Algebra,2,47,24,58,82,A,4.0
F/ND/23/95955,Computer Science,ND1,Male,20,Lagos,Philip,Abiola,philip.abiola@yabatech.edu.ng,440.939.9629x06312,2024/2025,1st Semester,COM 113,Intro to Programming,4,69,22,51,73,AB,3.5
F/ND/23/95955,Computer Science,ND1,Male,20,Lagos,Philip,Abiola,philip.abiola@yabatech.edu.ng,440.939.9629x06312,2024/2025,1st Semester,COM 101,Intro to Computing,4,91,19,46,65,B,3.25
F/ND/23/95955,Computer Science,ND1,Male,20,Lagos,Philip,Abiola,philip.abiola@yabatech.edu.ng,440.939.9629x06312,2024/2025,1st Semester,MTH 111,Logic & Linear Algebra,2,74,21,50,71,AB,3.5
F/ND/23/95955,Computer Science,ND1,Male,20,Lagos,Philip,Abiola,philip.abiola@yabatech.edu.ng,440.939.9629x06312,2024/2025,1st Semester,GNS 101,Use of English,2,100,19,45,64,BC,3.0
F/ND/23/95955,Computer Science,ND1,Male,20,Lagos,Philip,Abiola,philip.abiola@yabatech.edu.ng,440.939.9629x06312,2024/2025,1st Semester,COM 112,Digital Electronics,3,43,16,38,54,CD,2.5
F/HN/23/25246,Science Lab Tech,HND2,Male,29,Kano,Elizabeth,Ogunleye,elizabeth.ogunleye@yabatech.edu.ng,+1-870-501-1507,2024/2025,1st Semester,MTH 111,Logic & Linear Algebra,2,60,16,38,54,CD,2.5
F/HN/23/25246,Science Lab Tech,HND2,Male,29,Kano,Elizabeth,Ogunleye,elizabeth.ogunleye@yabatech.edu.ng,+1-870-501-1507,2024/2025,1st Semester,GLT 111,General Lab Techniques,4,33,7,18,25,F,0.0
F/HN/23/25246,Science Lab Tech,HND2,Male,29,Kano,Elizabeth,Ogunleye,elizabeth.ogunleye@yabatech.edu.ng,+1-870-501-1507,2024/2025,1st Semester,STB 111,General Biology,3,36,11,26,37,F,0.0
F/HN/23/25246,Science Lab Tech,HND2,Male,29,Kano,Elizabeth,Ogunleye,elizabeth.ogunleye@yabatech.edu.ng,+1-870-501-1507,2024/2025,1st Semester,STC 112,General Chemistry,3,46,10,24,34,F,0.0
F/HN/23/25246,Science Lab Tech,HND2,Male,29,Kano,Elizabeth,Ogunleye,elizabeth.ogunleye@yabatech.edu.ng,+1-870-501-1507,2024/2025,1st Semester,GNS 101,Use of English,2,77,13,32,45,D,2.25
P/HN/23/55229,Business Administration,HND2,Male,16,Nasarawa,Agnes,Eze,agnes.eze@yabatech.edu.ng,639-471-0167x9530,2024/2025,1st Semester,ACC 111,Intro to Accounting,3,67,21,51,72,AB,3.5
P/HN/23/55229,Business Administration,HND2,Male,16,Nasarawa,Agnes,Eze,agnes.eze@yabatech.edu.ng,639-471-0167x9530,2024/2025,1st Semester,BAM 101,Intro to Business Admin,3,100,24,57,81,A,4.0
P/HN/23/55229,Business Administration,HND2,Male,16,Nasarawa,Agnes,Eze,agnes.eze@yabatech.edu.ng,639-471-0167x9530,2024/2025,1st Semester,ECO 101,Intro to Economics,2,100,22,52,74,AB,3.5
F/ND/23/89693,Electrical Engineering,ND1,Female,27,Abia,Paul,Oyekan,paul.oyekan@yabatech.edu.ng,(377)308-5961x569,2024/2025,1st Semester,EEC 115,Electrical Graphics,2,32,14,34,48,D,2.25
F/ND/23/89693,Electrical Engineering,ND1,Female,27,Abia,Paul,Oyekan,paul.oyekan@yabatech.edu.ng,(377)308-5961x569,2024/2025,1st Semester,MTH 111,Logic & Linear Algebra,2,26,11,27,38,F,0.0
F/ND/23/89693,Electrical Engineering,ND1,Female,27,Abia,Paul,Oyekan,paul.oyekan@yabatech.edu.ng,(377)308-5961x569,2024/2025,1st Semester,EEC 111,Electrical Science,3,45,16,38,54,CD,2.5
F/ND/23/89693,Electrical Engineering,ND1,Female,27,Abia,Paul,Oyekan,paul.oyekan@yabatech.edu.ng,(377)308-5961x569,2024/2025,1st Semester,MEC 112,Mechanical Workshop,2,25,17,39,56,C,2.75
F/ND/23/89693,Electrical Engineering,ND1,Female,27,Abia,Paul,Oyekan,paul.oyekan@yabatech.edu.ng,(377)308-5961x569,2024/2025,1st Semester,GNS 101,Use of English,2,52,17,40,57,C,2.75
F/ND/23/94685,Science Lab Tech,ND1,Female,28,Enugu,Patience,Okafor,patience.okafor@yabatech.edu.ng,(572)705-3613,2024/2025,1st Semester,STB 111,General Biology,3,100,18,43,61,BC,3.0
F/ND/23/94685,Science Lab Tech,ND1,Female,28,Enugu,Patience,Okafor,patience.okafor@yabatech.edu.ng,(572)705-3613,2024/2025,1st Semester,GLT 111,General Lab Techniques,4,74,20,46,66,B,3.25
F/ND/23/94685,Science Lab Tech,ND1,Female,28,Enugu,Patience,Okafor,patience.okafor@yabatech.edu.ng,(572)705-3613,2024/2025,1st Semester,STC 112,General Chemistry,3,85,19,44,63,BC,3.0
F/ND/23/94685,Science Lab Tech,ND1,Female,28,Enugu,Patience,Okafor,patience.okafor@yabatech.edu.ng,(572)705-3613,2024/2025,1st Semester,GNS 101,Use of English,2,55,16,39,55,C,2.75
F/ND/23/94685,Science Lab Tech,ND1,Female,28,Enugu,Patience,Okafor,patience.okafor@yabatech.edu.ng,(572)705-3613,2024/2025,1st Semester,MTH 111,Logic & Linear Algebra,2,69,16,39,55,C,2.75
P/HN/23/75948,Computer Science,HND2,Male,30,Abia,Emmanuel,Akinwale,emmanuel.akinwale@yabatech.edu.ng,001-602-358-0631x19691,2024/2025,1st Semester,MTH 111,Logic & Linear Algebra,2,82,16,37,53,CD,2.5
P/HN/23/75948,Computer Science,HND2,Male,30,Abia,Emmanuel,Akinwale,emmanuel.akinwale@yabatech.edu.ng,001-602-358-0631x19691,2024/2025,1st Semester,COM 112,Digital Electronics,3,66,13,31,44,E,2.0
P/HN/23/75948,Computer Science,HND2,Male,30,Abia,Emmanuel,Akinwale,emmanuel.akinwale@yabatech.edu.ng,001-602-358-0631x19691,2024/2025,1st Semester,COM 101,Intro to Computing,4,39,8,19,27,F,0.0
P/HN/23/75948,Computer Science,HND2,Male,30,Abia,Emmanuel,Akinwale,emmanuel.akinwale@yabatech.edu.ng,001-602-358-0631x19691,2024/2025,1st Semester,COM 113,Intro to Programming,4,37,9,22,31,F,0.0
P/HN/23/75948,Computer Science,HND2,Male,30,Abia,Emmanuel,Akinwale,emmanuel.akinwale@yabatech.edu.ng,001-602-358-0631x19691,2024/2025,1st Semester,GNS 101,Use of English,2,79,11,27,38,F,0.0
P/HN/23/75948,Computer Science,HND2,Male,30,Abia,Emmanuel,Akinwale,emmanuel.akinwale@yabatech.edu.ng,001-602-358-0631x19691,2024/2025,1st Semester,STA 111,Intro to Statistics,2,49,8,19,27,F,0.0
P/HN/23/53165,Business Administration,HND1,Female,16,Sokoto,Elizabeth,Obasanjo,elizabeth.obasanjo@yabatech.edu.ng,900-386-4170x324,2024/2025,1st Semester,ECO 101,Intro to Economics,2,51,15,35,50,CD,2.5
P/HN/23/53165,Business Administration,HND1,Female,16,Sokoto,Elizabeth,Obasanjo,elizabeth.obasanjo@yabatech.edu.ng,900-386-4170x324,2024/2025,1st Semester,ACC 111,Intro to Accounting,3,39,7,18,25,F,0.0
P/HN/23/53165,Business Administration,HND1,Female,16,Sokoto,Elizabeth,Obasanjo,elizabeth.obasanjo@yabatech.edu.ng,900-386-4170x324,2024/2025,1st Semester,BAM 101,Intro to Business Admin,3,54,12,30,42,E,2.0
P/ND/23/86545,Civil Engineering,ND1,Male,28,Zamfara,Deborah,Oyekan,deborah.oyekan@yabatech.edu.ng,326-496-6947x9944,2024/2025,1st Semester,MEC 101,Workshop Technology,2,60,9,21,30,F,0.0
P/ND/23/86545,Civil Engineering,ND1,Male,28,Zamfara,Deborah,Oyekan,deborah.oyekan@yabatech.edu.ng,326-496-6947x9944,2024/2025,1st Semester,CEC 101,Engineering Drawing,3,42,4,11,15,F,0.0
P/ND/23/86545,Civil Engineering,ND1,Male,28,Zamfara,Deborah,Oyekan,deborah.oyekan@yabatech.edu.ng,326-496-6947x9944,2024/2025,1st Semester,CEC 110,Fluid Mechanics,4,63,11,27,38,F,0.0
P/HN/23/37970,Mass Communication,HND1,Male,30,Bayelsa,Daniel,Chukwu,daniel.chukwu@yabatech.edu.ng,+1-484-509-6874x9396,2024/2025,1st Semester,GNS 101,Use of English,2,80,29,69,98,A,4.0
P/HN/23/37970,Mass Communication,HND1,Male,30,Bayelsa,Daniel,Chukwu,daniel.chukwu@yabatech.edu.ng,+1-484-509-6874x9396,2024/2025,1st Semester,MAC 101,Intro to Mass Comm,3,69,30,70,100,A,4.0
P/HN/23/37970,Mass Communication,HND1,Male,30,Bayelsa,Daniel,Chukwu,daniel.chukwu@yabatech.edu.ng,+1-484-509-6874x9396,2024/2025,1st Semester,MAC 115,News Writing,3,62,26,61,87,A,4.0
P/HN/23/37970,Mass Communication,HND1,Male,30,Bayelsa,Daniel,Chukwu,daniel.chukwu@yabatech.edu.ng,+1-484-509-6874x9396,2024/2025,1st Semester,GNS 127,Citizenship Education,2,99,28,67,95,A,4.0
P/HN/23/37970,Mass Communication,HND1,Male,30,Bayelsa,Daniel,Chukwu,daniel.chukwu@yabatech.edu.ng,+1-484-509-6874x9396,2024/2025,1st Semester,MAC 107,Intro to Broadcasting,3,63,28,67,95,A,4.0
F/HN/23/10466,Business Administration,HND2,Female,26,Gombe,David,Olawale,david.olawale@yabatech.edu.ng,986-790-0077x98697,2024/2025,1st Semester,ECO 101,Intro to Economics,2,76,21,51,72,AB,3.5
F/HN/23/10466,Business Administration,HND2,Female,26,Gombe,David,Olawale,david.olawale@yabatech.edu.ng,986-790-0077x98697,2024/2025,1st Semester,BAM 101,Intro to Business Admin,3,94,18,43,61,BC,3.0
F/HN/23/10466,Business Administration,HND2,Female,26,Gombe,David,Olawale,david.olawale@yabatech.edu.ng,986-790-0077x98697,2024/2025,1st Semester,ACC 111,Intro to Accounting,3,50,21,51,72,AB,3.5
F/ND/23/61076,Electrical Engineering,ND1,Male,16,Kwara,Deborah,Ekwueme,deborah.ekwueme@yabatech.edu.ng,(770)846-4080,2024/2025,1st Semester,EEC 115,Electrical Graphics,2,58,30,70,100,A,4.0
F/ND/23/61076,Electrical Engineering,ND1,Male,16,Kwara,Deborah,Ekwueme,deborah.ekwueme@yabatech.edu.ng,(770)846-4080,2024/2025,1st Semester,EEC 111,Electrical Science,3,86,30,70,100,A,4.0
F/ND/23/61076,Electrical Engineering,ND1,Male,16,Kwara,Deborah,Ekwueme,deborah.ekwueme@yabatech.edu.ng,(770)846-4080,2024/2025,1st Semester,MEC 112,Mechanical Workshop,2,59,30,70,100,A,4.0
F/ND/23/61076,Electrical Engineering,ND1,Male,16,Kwara,Deborah,Ekwueme,deborah.ekwueme@yabatech.edu.ng,(770)846-4080,2024/2025,1st Semester,GNS 101,Use of English,2,67,30,70,100,A,4.0
F/ND/23/61076,Electrical Engineering,ND1,Male,16,Kwara,Deborah,Ekwueme,deborah.ekwueme@yabatech.edu.ng,(770)846-4080,2024/2025,1st Semester,MTH 111,Logic & Linear Algebra,2,94,30,70,100,A,4.0
F/ND/23/40400,Mass Communication,ND1,Female,23,Zamfara,Peter,Ibrahim,peter.ibrahim@yabatech.edu.ng,(903)740-3857x19511,2024/2025,1st Semester,MAC 101,Intro to Mass Comm,3,90,29,68,97,A,4.0
F/ND/23/40400,Mass Communication,ND1,Female,23,Zamfara,Peter,Ibrahim,peter.ibrahim@yabatech.edu.ng,(903)740-3857x19511,2024/2025,1st Semester,GNS 101,Use of English,2,73,30,70,100,A,4.0
F/ND/23/40400,Mass Communication,ND1,Female,23,Zamfara,Peter,Ibrahim,peter.ibrahim@yabatech.edu.ng,(903)740-3857x19511,2024/2025,1st Semester,GNS 127,Citizenship Education,2,100,26,61,87,A,4.0
F/ND/23/40400,Mass Communication,ND1,Female,23,Zamfara,Peter,Ibrahim,peter.ibrahim@yabatech.edu.ng,(903)740-3857x19511,2024/2025,1st Semester,MAC 115,News Writing,3,68,30,70,100,A,4.0
F/ND/23/40400,Mass Communication,ND1,Female,23,Zamfara,Peter,Ibrahim,peter.ibrahim@yabatech.edu.ng,(903)740-3857x19511,2024/2025,1st Semester,MAC 107,Intro to Broadcasting,3,61,25,60,85,A,4.0
F/HN/23/619,Computer Science,HND1,Male,28,Borno,Andrew,Obasanjo,andrew.obasanjo@yabatech.edu.ng,838.704.3014x9472,2024/2025,1st Semester,GNS 101,Use of English,2,54,9,22,31,F,0.0
F/HN/23/619,Computer Science,HND1,Male,28,Borno,Andrew,Obasanjo,andrew.obasanjo@yabatech.edu.ng,838.704.3014x9472,2024/2025,1st Semester,COM 113,Intro to Programming,4,30,5,11,16,F,0.0
F/HN/23/619,Computer Science,HND1,Male,28,Borno,Andrew,Obasanjo,andrew.obasanjo@yabatech.edu.ng,838.704.3014x9472,2024/2025,1st Semester,STA 111,Intro to Statistics,2,24,2,5,7,F,0.0
F/HN/23/619,Computer Science,HND1,Male,28,Borno,Andrew,Obasanjo,andrew.obasanjo@yabatech.edu.ng,838.704.3014x9472,2024/2025,1st Semester,MTH 111,Logic & Linear Algebra,2,43,3,8,11,F,0.0
F/HN/23/619,Computer Science,HND1,Male,28,Borno,Andrew,Obasanjo,andrew.obasanjo@yabatech.edu.ng,838.704.3014x9472,2024/2025,1st Semester,COM 101,Intro to Computing,4,76,9,22,31,F,0.0
F/HN/23/79403,Business Administration,HND1,Male,20,Rivers,Emmanuel,Okonkwo,emmanuel.okonkwo@yabatech.edu.ng,(333)289-4864,2024/2025,1st Semester,ECO 101,Intro to Economics,2,52,13,30,43,E,2.0
F/HN/23/79403,Business Administration,HND1,Male,20,Rivers,Emmanuel,Okonkwo,emmanuel.okonkwo@yabatech.edu.ng,(333)289-4864,2024/2025,1st Semester,BAM 101,Intro to Business Admin,3,36,10,25,35,F,0.0
F/HN/23/79403,Business Administration,HND1,Male,20,Rivers,Emmanuel,Okonkwo,emmanuel.okonkwo@yabatech.edu.ng,(333)289-4864,2024/2025,1st Semester,ACC 111,Intro to Accounting,3,54,12,30,42,E,2.0
P/ND/23/4254,Business Administration,ND2,Male,23,Ogun,Mary,Olawale,mary.olawale@yabatech.edu.ng,(619)716-5437x97727,2024/2025,1st Semester,ACC 111,Intro to Accounting,3,17,4,10,14,F,0.0
P/ND/23/4254,Business Administration,ND2,Male,23,Ogun,Mary,Olawale,mary.olawale@yabatech.edu.ng,(619)716-5437x97727,2024/2025,1st Semester,ECO 101,Intro to Economics,2,52,10,23,33,F,0.0
P/ND/23/4254,Business Administration,ND2,Male,23,Ogun,Mary,Olawale,mary.olawale@yabatech.edu.ng,(619)716-5437x97727,2024/2025,1st Semester,BAM 101,Intro to Business Admin,3,45,3,9,12,F,0.0
P/HN/23/49445,Civil Engineering,HND1,Female,23,Edo,Gloria,Eze,gloria.eze@yabatech.edu.ng,3577929908,2024/2025,1st Semester,MEC 101,Workshop Technology,2,76,22,52,74,AB,3.5
P/HN/23/49445,Civil Engineering,HND1,Female,23,Edo,Gloria,Eze,gloria.eze@yabatech.edu.ng,3577929908,2024/2025,1st Semester,CEC 101,Engineering Drawing,3,69,21,50,71,AB,3.5
P/HN/23/49445,Civil Engineering,HND1,Female,23,Edo,Gloria,Eze,gloria.eze@yabatech.edu.ng,3577929908,2024/2025,1st Semester,CEC 110,Fluid Mechanics,4,83,22,53,75,A,4.0
P/HN/23/94651,Electrical Engineering,HND2,Male,22,Nasarawa,Joshua,Ekwueme,joshua.ekwueme@yabatech.edu.ng,+1-835-777-1562x92513,2024/2025,1st Semester,EEC 111,Electrical Science,3,85,23,54,77,A,4.0
P/HN/23/94651,Electrical Engineering,HND2,Male,22,Nasarawa,Joshua,Ekwueme,joshua.ekwueme@yabatech.edu.ng,+1-835-777-1562x92513,2024/2025,1st Semester,MTH 111,Logic & Linear Algebra,2,83,21,49,70,AB,3.5
P/HN/23/94651,Electrical Engineering,HND2,Male,22,Nasarawa,Joshua,Ekwueme,joshua.ekwueme@yabatech.edu.ng,+1-835-777-1562x92513,2024/2025,1st Semester,EEC 115,Electrical Graphics,2,61,25,58,83,A,4.0
P/HN/23/94651,Electrical Engineering,HND2,Male,22,Nasarawa,Joshua,Ekwueme,joshua.ekwueme@yabatech.edu.ng,+1-835-777-1562x92513,2024/2025,1st Semester,MEC 112,Mechanical Workshop,2,73,25,58,83,A,4.0
P/HN/23/94651,Electrical Engineering,HND2,Male,22,Nasarawa,Joshua,Ekwueme,joshua.ekwueme@yabatech.edu.ng,+1-835-777-1562x92513,2024/2025,1st Semester,GNS 101,Use of English,2,76,23,54,77,A,4.0
P/HN/23/20989,Civil Engineering,HND2,Male,25,Kwara,Emmanuel,Eze,emmanuel.eze@yabatech.edu.ng,(906)641-5978,2024/2025,1st Semester,CEC 101,Engineering Drawing,3,56,14,33,47,D,2.25
P/HN/23/20989,Civil Engineering,HND2,Male,25,Kwara,Emmanuel,Eze,emmanuel.eze@yabatech.edu.ng,(906)641-5978,2024/2025,1st Semester,CEC 110,Fluid Mechanics,4,38,10,23,33,F,0.0
P/HN/23/20989,Civil Engineering,HND2,Male,25,Kwara,Emmanuel,Eze,emmanuel.eze@yabatech.edu.ng,(906)641-5978,2024/2025,1st Semester,MEC 101,Workshop Technology,2,65,18,43,61,BC,3.0
P/HN/23/75976,Science Lab Tech,HND2,Male,16,Akwa Ibom,Grace,Adetokunbo,grace.adetokunbo@yabatech.edu.ng,001-401-273-5737x530,2024/2025,1st Semester,MTH 111,Logic & Linear Algebra,2,36,6,16,22,F,0.0
P/HN/23/75976,Science Lab Tech,HND2,Male,16,Akwa Ibom,Grace,Adetokunbo,grace.adetokunbo@yabatech.edu.ng,001-401-273-5737x530,2024/2025,1st Semester,GLT 111,General Lab Techniques,4,43,8,19,27,F,0.0
P/HN/23/75976,Science Lab Tech,HND2,Male,16,Akwa Ibom,Grace,Adetokunbo,grace.adetokunbo@yabatech.edu.ng,001-401-273-5737x530,2024/2025,1st Semester,STB 111,General Biology,3,49,10,24,34,F,0.0
P/HN/23/75976,Science Lab Tech,HND2,Male,16,Akwa Ibom,Grace,Adetokunbo,grace.adetokunbo@yabatech.edu.ng,001-401-273-5737x530,2024/2025,1st Semester,GNS 101,Use of English,2,39,11,25,36,F,0.0
P/HN/23/75976,Science Lab Tech,HND2,Male,16,Akwa Ibom,Grace,Adetokunbo,grace.adetokunbo@yabatech.edu.ng,001-401-273-5737x530,2024/2025,1st Semester,STC 112,General Chemistry,3,33,11,26,37,F,0.0
F/ND/23/60869,Computer Science,ND1,Male,28,Rivers,Juliet,Akinwale,juliet.akinwale@yabatech.edu.ng,001-823-770-4288x32657,2024/2025,1st Semester,MTH 111,Logic & Linear Algebra,2,97,22,52,74,AB,3.5
F/ND/23/60869,Computer Science,ND1,Male,28,Rivers,Juliet,Akinwale,juliet.akinwale@yabatech.edu.ng,001-823-770-4288x32657,2024/2025,1st Semester,STA 111,Intro to Statistics,2,83,23,54,77,A,4.0
F/ND/23/60869,Computer Science,ND1,Male,28,Rivers,Juliet,Akinwale,juliet.akinwale@yabatech.edu.ng,001-823-770-4288x32657,2024/2025,1st Semester,GNS 101,Use of English,2,97,24,56,80,A,4.0
F/ND/23/60869,Computer Science,ND1,Male,28,Rivers,Juliet,Akinwale,juliet.akinwale@yabatech.edu.ng,001-823-770-4288x32657,2024/2025,1st Semester,COM 112,Digital Electronics,3,97,25,59,84,A,4.0
F/ND/23/60869,Computer Science,ND1,Male,28,Rivers,Juliet,Akinwale,juliet.akinwale@yabatech.edu.ng,001-823-770-4288x32657,2024/2025,1st Semester,COM 113,Intro to Programming,4,94,24,57,81,A,4.0
F/ND/23/60869,Computer Science,ND1,Male,28,Rivers,Juliet,Akinwale,juliet.akinwale@yabatech.edu.ng,001-823-770-4288x32657,2024/2025,1st Semester,COM 101,Intro to Computing,4,67,22,51,73,AB,3.5
F/ND/23/47067,Electrical Engineering,ND1,Male,20,Borno,Ruth,Abiola,ruth.abiola@yabatech.edu.ng,001-735-926-9250x99082,2024/2025,1st Semester,MEC 112,Mechanical Workshop,2,77,26,60,86,A,4.0
F/ND/23/47067,Electrical Engineering,ND1,Male,20,Borno,Ruth,Abiola,ruth.abiola@yabatech.edu.ng,001-735-926-9250x99082,2024/2025,1st Semester,GNS 101,Use of English,2,86,24,56,80,A,4.0
F/ND/23/47067,Electrical Engineering,ND1,Male,20,Borno,Ruth,Abiola,ruth.abiola@yabatech.edu.ng,001-735-926-9250x99082,2024/2025,1st Semester,EEC 115,Electrical Graphics,2,93,26,62,88,A,4.0
F/ND/23/47067,Electrical Engineering,ND1,Male,20,Borno,Ruth,Abiola,ruth.abiola@yabatech.edu.ng,001-735-926-9250x99082,2024/2025,1st Semester,MTH 111,Logic & Linear Algebra,2,59,25,59,84,A,4.0
F/ND/23/47067,Electrical Engineering,ND1,Male,20,Borno,Ruth,Abiola,ruth.abiola@yabatech.edu.ng,001-735-926-9250x99082,2024/2025,1st Semester,EEC 111,Electrical Science,3,71,22,53,75,A,4.0
F/ND/23/7029,Electrical Engineering,ND1,Female,23,Kano,James,Okonkwo,james.okonkwo@yabatech.edu.ng,+1-670-327-1899x32006,2024/2025,1st Semester,GNS 101,Use of English,2,82,27,63,90,A,4.0
F/ND/23/7029,Electrical Engineering,ND1,Female,23,Kano,James,Okonkwo,james.okonkwo@yabatech.edu.ng,+1-670-327-1899x32006,2024/2025,1st Semester,MTH 111,Logic & Linear Algebra,2,82,25,59,84,A,4.0
F/ND/23/7029,Electrical Engineering,ND1,Female,23,Kano,James,Okonkwo,james.okonkwo@yabatech.edu.ng,+1-670-327-1899x32006,2024/2025,1st Semester,MEC 112,Mechanical Workshop,2,86,27,63,90,A,4.0
F/ND/23/7029,Electrical Engineering,ND1,Female,23,Kano,James,Okonkwo,james.okonkwo@yabatech.edu.ng,+1-670-327-1899x32006,2024/2025,1st Semester,EEC 111,Electrical Science,3,60,24,57,81,A,4.0
F/ND/23/7029,Electrical Engineering,ND1,Female,23,Kano,James,Okonkwo,james.okonkwo@yabatech.edu.ng,+1-670-327-1899x32006,2024/2025,1st Semester,EEC 115,Electrical Graphics,2,73,28,65,93,A,4.0
P/HN/23/613,Business Administration,HND2,Male,29,Kwara,Mark,Eze,mark.eze@yabatech.edu.ng,297.944.8611,2024/2025,1st Semester,ACC 111,Intro to Accounting,3,82,26,61,87,A,4.0
P/HN/23/613,Business Administration,HND2,Male,29,Kwara,Mark,Eze,mark.eze@yabatech.edu.ng,297.944.8611,2024/2025,1st Semester,BAM 101,Intro to Business Admin,3,67,23,54,77,A,4.0
P/HN/23/613,Business Administration,HND2,Male,29,Kwara,Mark,Eze,mark.eze@yabatech.edu.ng,297.944.8611,2024/2025,1st Semester,ECO 101,Intro to Economics,2,66,24,58,82,A,4.0
F/ND/23/10018,Mass Communication,ND2,Male,18,Jigawa,Emmanuel,Ibrahim,emmanuel.ibrahim@yabatech.edu.ng,315.244.2401,2024/2025,1st Semester,MAC 101,Intro to Mass Comm,3,50,14,33,47,D,2.25
F/ND/23/10018,Mass Communication,ND2,Male,18,Jigawa,Emmanuel,Ibrahim,emmanuel.ibrahim@yabatech.edu.ng,315.244.2401,2024/2025,1st Semester,MAC 115,News Writing,3,24,9,22,31,F,0.0
F/ND/23/10018,Mass Communication,ND2,Male,18,Jigawa,Emmanuel,Ibrahim,emmanuel.ibrahim@yabatech.edu.ng,315.244.2401,2024/2025,1st Semester,GNS 101,Use of English,2,36,11,27,38,F,0.0
F/ND/23/10018,Mass Communication,ND2,Male,18,Jigawa,Emmanuel,Ibrahim,emmanuel.ibrahim@yabatech.edu.ng,315.244.2401,2024/2025,1st Semester,GNS 127,Citizenship Education,2,34,6,14,20,F,0.0
F/ND/23/10018,Mass Communication,ND2,Male,18,Jigawa,Emmanuel,Ibrahim,emmanuel.ibrahim@yabatech.edu.ng,315.244.2401,2024/2025,1st Semester,MAC 107,Intro to Broadcasting,3,64,12,29,41,E,2.0
F/ND/23/68886,Mass Communication,ND1,Female,20,Bauchi,Victoria,Ogunleye,victoria.ogunleye@yabatech.edu.ng,(683)889-4594,2024/2025,1st Semester,GNS 101,Use of English,2,86,19,45,64,BC,3.0
F/ND/23/68886,Mass Communication,ND1,Female,20,Bauchi,Victoria,Ogunleye,victoria.ogunleye@yabatech.edu.ng,(683)889-4594,2024/2025,1st Semester,MAC 107,Intro to Broadcasting,3,47,10,24,34,F,0.0
F/ND/23/68886,Mass Communication,ND1,Female,20,Bauchi,Victoria,Ogunleye,victoria.ogunleye@yabatech.edu.ng,(683)889-4594,2024/2025,1st Semester,MAC 101,Intro to Mass Comm,3,61,20,48,68,B,3.25
F/ND/23/68886,Mass Communication,ND1,Female,20,Bauchi,Victoria,Ogunleye,victoria.ogunleye@yabatech.edu.ng,(683)889-4594,2024/2025,1st Semester,GNS 127,Citizenship Education,2,72,19,46,65,B,3.25
F/ND/23/68886,Mass Communication,ND1,Female,20,Bauchi,Victoria,Ogunleye,victoria.ogunleye@yabatech.edu.ng,(683)889-4594,2024/2025,1st Semester,MAC 115,News Writing,3,69,20,47,67,B,3.25
F/ND/23/14535,Science Lab Tech,ND1,Female,28,Niger,Benjamin,Oyekan,benjamin.oyekan@yabatech.edu.ng,8419426650,2024/2025,1st Semester,GLT 111,General Lab Techniques,4,98,30,70,100,A,4.0
F/ND/23/14535,Science Lab Tech,ND1,Female,28,Niger,Benjamin,Oyekan,benjamin.oyekan@yabatech.edu.ng,8419426650,2024/2025,1st Semester,STC 112,General Chemistry,3,78,28,65,93,A,4.0
F/ND/23/14535,Science Lab Tech,ND1,Female,28,Niger,Benjamin,Oyekan,benjamin.oyekan@yabatech.edu.ng,8419426650,2024/2025,1st Semester,STB 111,General Biology,3,57,30,70,100,A,4.0
F/ND/23/14535,Science Lab Tech,ND1,Female,28,Niger,Benjamin,Oyekan,benjamin.oyekan@yabatech.edu.ng,8419426650,2024/2025,1st Semester,MTH 111,Logic & Linear Algebra,2,100,30,70,100,A,4.0
F/ND/23/14535,Science Lab Tech,ND1,Female,28,Niger,Benjamin,Oyekan,benjamin.oyekan@yabatech.edu.ng,8419426650,2024/2025,1st Semester,GNS 101,Use of English,2,83,26,62,88,A,4.0
P/HN/23/52970,Civil Engineering,HND1,Male,17,Plateau,Benjamin,Ojo,benjamin.ojo@yabatech.edu.ng,001-585-656-5048x1292,2024/2025,1st Semester,CEC 110,Fluid Mechanics,4,27,11,25,36,F,0.0
P/HN/23/52970,Civil Engineering,HND1,Male,17,Plateau,Benjamin,Ojo,benjamin.ojo@yabatech.edu.ng,001-585-656-5048x1292,2024/2025,1st Semester,CEC 101,Engineering Drawing,3,72,15,36,51,CD,2.5
P/HN/23/52970,Civil Engineering,HND1,Male,17,Plateau,Benjamin,Ojo,benjamin.ojo@yabatech.edu.ng,001-585-656-5048x1292,2024/2025,1st Semester,MEC 101,Workshop Technology,2,45,7,17,24,F,0.0
P/ND/23/86744,Civil Engineering,ND1,Female,26,Niger,Deborah,Ibrahim,deborah.ibrahim@yabatech.edu.ng,254-344-9200x41546,2024/2025,1st Semester,MEC 101,Workshop Technology,2,92,24,58,82,A,4.0
P/ND/23/86744,Civil Engineering,ND1,Female,26,Niger,Deborah,Ibrahim,deborah.ibrahim@yabatech.edu.ng,254-344-9200x41546,2024/2025,1st Semester,CEC 110,Fluid Mechanics,4,81,26,60,86,A,4.0
P/ND/23/86744,Civil Engineering,ND1,Female,26,Niger,Deborah,Ibrahim,deborah.ibrahim@yabatech.edu.ng,254-344-9200x41546,2024/2025,1st Semester,CEC 101,Engineering Drawing,3,96,25,58,83,A,4.0
P/ND/23/77216,Science Lab Tech,ND2,Male,29,Enugu,Emmanuel,Obasanjo,emmanuel.obasanjo@yabatech.edu.ng,001-956-544-4806x50003,2024/2025,1st Semester,MTH 111,Logic & Linear Algebra,2,74,18,42,60,BC,3.0
P/ND/23/77216,Science Lab Tech,ND2,Male,29,Enugu,Emmanuel,Obasanjo,emmanuel.obasanjo@yabatech.edu.ng,001-956-544-4806x50003,2024/2025,1st Semester,STC 112,General Chemistry,3,89,22,52,74,AB,3.5
P/ND/23/77216,Science Lab Tech,ND2,Male,29,Enugu,Emmanuel,Obasanjo,emmanuel.obasanjo@yabatech.edu.ng,001-956-544-4806x50003,2024/2025,1st Semester,GLT 111,General Lab Techniques,4,100,18,42,60,BC,3.0
P/ND/23/77216,Science Lab Tech,ND2,Male,29,Enugu,Emmanuel,Obasanjo,emmanuel.obasanjo@yabatech.edu.ng,001-956-544-4806x50003,2024/2025,1st Semester,GNS 101,Use of English,2,79,19,46,65,B,3.25
P/ND/23/77216,Science Lab Tech,ND2,Male,29,Enugu,Emmanuel,Obasanjo,emmanuel.obasanjo@yabatech.edu.ng,001-956-544-4806x50003,2024/2025,1st Semester,STB 111,General Biology,3,75,18,43,61,BC,3.0
F/HN/23/6865,Electrical Engineering,HND1,Female,24,Imo,John,Adetokunbo,john.adetokunbo@yabatech.edu.ng,809-539-6721,2024/2025,1st Semester,EEC 111,Electrical Science,3,53,17,40,57,C,2.75
F/HN/23/6865,Electrical Engineering,HND1,Female,24,Imo,John,Adetokunbo,john.adetokunbo@yabatech.edu.ng,809-539-6721,2024/2025,1st Semester,MEC 112,Mechanical Workshop,2,24,12,29,41,E,2.0
F/HN/23/6865,Electrical Engineering,HND1,Female,24,Imo,John,Adetokunbo,john.adetokunbo@yabatech.edu.ng,809-539-6721,2024/2025,1st Semester,MTH 111,Logic & Linear Algebra,2,77,18,42,60,BC,3.0
F/HN/23/6865,Electrical Engineering,HND1,Female,24,Imo,John,Adetokunbo,john.adetokunbo@yabatech.edu.ng,809-539-6721,2024/2025,1st Semester,GNS 101,Use of English,2,44,9,22,31,F,0.0
F/HN/23/6865,Electrical Engineering,HND1,Female,24,Imo,John,Adetokunbo,john.adetokunbo@yabatech.edu.ng,809-539-6721,2024/2025,1st Semester,EEC 115,Electrical Graphics,2,66,15,36,51,CD,2.5
P/ND/23/6433,Business Administration,ND1,Male,17,Cross River,Grace,Ekwueme,grace.ekwueme@yabatech.edu.ng,2195489460,2024/2025,1st Semester,ACC 111,Intro to Accounting,3,55,15,37,52,CD,2.5
P/ND/23/6433,Business Administration,ND1,Male,17,Cross River,Grace,Ekwueme,grace.ekwueme@yabatech.edu.ng,2195489460,2024/2025,1st Semester,BAM 101,Intro to Business Admin,3,75,15,36,51,CD,2.5
P/ND/23/6433,Business Administration,ND1,Male,17,Cross River,Grace,Ekwueme,grace.ekwueme@yabatech.edu.ng,2195489460,2024/2025,1st Semester,ECO 101,Intro to Economics,2,27,7,16,23,F,0.0
P/HN/23/13448,Business Administration,HND1,Male,17,Osun,Emmanuel,Ojo,emmanuel.ojo@yabatech.edu.ng,001-651-600-2681,2024/2025,1st Semester,BAM 101,Intro to Business Admin,3,58,15,35,50,CD,2.5
P/HN/23/13448,Business Administration,HND1,Male,17,Osun,Emmanuel,Ojo,emmanuel.ojo@yabatech.edu.ng,001-651-600-2681,2024/2025,1st Semester,ACC 111,Intro to Accounting,3,59,11,27,38,F,0.0
P/HN/23/13448,Business Administration,HND1,Male,17,Osun,Emmanuel,Ojo,emmanuel.ojo@yabatech.edu.ng,001-651-600-2681,2024/2025,1st Semester,ECO 101,Intro to Economics,2,50,16,38,54,CD,2.5
P/ND/23/32545,Computer Science,ND1,Male,19,Abia,Patience,Obasanjo,patience.obasanjo@yabatech.edu.ng,(276)412-5330x110,2024/2025,1st Semester,COM 101,Intro to Computing,4,63,19,45,64,BC,3.0
P/ND/23/32545,Computer Science,ND1,Male,19,Abia,Patience,Obasanjo,patience.obasanjo@yabatech.edu.ng,(276)412-5330x110,2024/2025,1st Semester,COM 112,Digital Electronics,3,56,21,50,71,AB,3.5
P/ND/23/32545,Computer Science,ND1,Male,19,Abia,Patience,Obasanjo,patience.obasanjo@yabatech.edu.ng,(276)412-5330x110,2024/2025,1st Semester,COM 113,Intro to Programming,4,92,18,42,60,BC,3.0
P/ND/23/32545,Computer Science,ND1,Male,19,Abia,Patience,Obasanjo,patience.obasanjo@yabatech.edu.ng,(276)412-5330x110,2024/2025,1st Semester,MTH 111,Logic & Linear Algebra,2,100,23,54,77,A,4.0
P/ND/23/32545,Computer Science,ND1,Male,19,Abia,Patience,Obasanjo,patience.obasanjo@yabatech.edu.ng,(276)412-5330x110,2024/2025,1st Semester,STA 111,Intro to Statistics,2,100,22,52,74,AB,3.5
P/ND/23/32545,Computer Science,ND1,Male,19,Abia,Patience,Obasanjo,patience.obasanjo@yabatech.edu.ng,(276)412-5330x110,2024/2025,1st Semester,GNS 101,Use of English,2,97,19,45,64,BC,3.0
P/ND/23/63143,Civil Engineering,ND2,Female,16,Ondo,Comfort,Chukwu,comfort.chukwu@yabatech.edu.ng,+1-574-314-8406x38076,2024/2025,1st Semester,CEC 101,Engineering Drawing,3,51,11,27,38,F,0.0
P/ND/23/63143,Civil Engineering,ND2,Female,16,Ondo,Comfort,Chukwu,comfort.chukwu@yabatech.edu.ng,+1-574-314-8406x38076,2024/2025,1st Semester,MEC 101,Workshop Technology,2,68,15,36,51,CD,2.5
P/ND/23/63143,Civil Engineering,ND2,Female,16,Ondo,Comfort,Chukwu,comfort.chukwu@yabatech.edu.ng,+1-574-314-8406x38076,2024/2025,1st Semester,CEC 110,Fluid Mechanics,4,44,13,30,43,E,2.0
P/HN/23/96889,Electrical Engineering,HND2,Male,21,Jigawa,John,Okonkwo,john.okonkwo@yabatech.edu.ng,+1-586-298-7257,2024/2025,1st Semester,EEC 115,Electrical Graphics,2,89,24,57,81,A,4.0
P/HN/23/96889,Electrical Engineering,HND2,Male,21,Jigawa,John,Okonkwo,john.okonkwo@yabatech.edu.ng,+1-586-298-7257,2024/2025,1st Semester,MEC 112,Mechanical Workshop,2,90,27,64,91,A,4.0
P/HN/23/96889,Electrical Engineering,HND2,Male,21,Jigawa,John,Okonkwo,john.okonkwo@yabatech.edu.ng,+1-586-298-7257,2024/2025,1st Semester,GNS 101,Use of English,2,91,25,60,85,A,4.0
P/HN/23/96889,Electrical Engineering,HND2,Male,21,Jigawa,John,Okonkwo,john.okonkwo@yabatech.edu.ng,+1-586-298-7257,2024/2025,1st Semester,MTH 111,Logic & Linear Algebra,2,100,26,61,87,A,4.0
P/HN/23/96889,Electrical Engineering,HND2,Male,21,Jigawa,John,Okonkwo,john.okonkwo@yabatech.edu.ng,+1-586-298-7257,2024/2025,1st Semester,EEC 111,Electrical Science,3,61,22,52,74,AB,3.5
P/HN/23/76742,Civil Engineering,HND2,Male,19,Oyo,Philip,Akinwale,philip.akinwale@yabatech.edu.ng,425.767.1487x05016,2024/2025,1st Semester,CEC 110,Fluid Mechanics,4,59,27,64,91,A,4.0
P/HN/23/76742,Civil Engineering,HND2,Male,19,Oyo,Philip,Akinwale,philip.akinwale@yabatech.edu.ng,425.767.1487x05016,2024/2025,1st Semester,MEC 101,Workshop Technology,2,75,28,66,94,A,4.0
P/HN/23/76742,Civil Engineering,HND2,Male,19,Oyo,Philip,Akinwale,philip.akinwale@yabatech.edu.ng,425.767.1487x05016,2024/2025,1st Semester,CEC 101,Engineering Drawing,3,80,24,56,80,A,4.0
P/HN/23/27946,Mass Communication,HND1,Male,20,Anambra,Emmanuel,Obi,emmanuel.obi@yabatech.edu.ng,797.799.8915x226,2024/2025,1st Semester,GNS 127,Citizenship Education,2,62,27,64,91,A,4.0
P/HN/23/27946,Mass Communication,HND1,Male,20,Anambra,Emmanuel,Obi,emmanuel.obi@yabatech.edu.ng,797.799.8915x226,2024/2025,1st Semester,MAC 107,Intro to Broadcasting,3,80,25,58,83,A,4.0
P/HN/23/27946,Mass Communication,HND1,Male,20,Anambra,Emmanuel,Obi,emmanuel.obi@yabatech.edu.ng,797.799.8915x226,2024/2025,1st Semester,MAC 115,News Writing,3,87,23,54,77,A,4.0
P/HN/23/27946,Mass Communication,HND1,Male,20,Anambra,Emmanuel,Obi,emmanuel.obi@yabatech.edu.ng,797.799.8915x226,2024/2025,1st Semester,GNS 101,Use of English,2,57,26,62,88,A,4.0
P/HN/23/27946,Mass Communication,HND1,Male,20,Anambra,Emmanuel,Obi,emmanuel.obi@yabatech.edu.ng,797.799.8915x226,2024/2025,1st Semester,MAC 101,Intro to Mass Comm,3,57,27,65,92,A,4.0
F/HN/23/34400,Mass Communication,HND1,Male,21,Kogi,Paul,Ibrahim,paul.ibrahim@yabatech.edu.ng,+1-349-610-9951x94758,2024/2025,1st Semester,MAC 115,News Writing,3,33,10,23,33,F,0.0
F/HN/23/34400,Mass Communication,HND1,Male,21,Kogi,Paul,Ibrahim,paul.ibrahim@yabatech.edu.ng,+1-349-610-9951x94758,2024/2025,1st Semester,GNS 127,Citizenship Education,2,62,12,29,41,E,2.0
F/HN/23/34400,Mass Communication,HND1,Male,21,Kogi,Paul,Ibrahim,paul.ibrahim@yabatech.edu.ng,+1-349-610-9951x94758,2024/2025,1st Semester,MAC 107,Intro to Broadcasting,3,49,7,16,23,F,0.0
F/HN/23/34400,Mass Communication,HND1,Male,21,Kogi,Paul,Ibrahim,paul.ibrahim@yabatech.edu.ng,+1-349-610-9951x94758,2024/2025,1st Semester,GNS 101,Use of English,2,40,10,25,35,F,0.0
F/HN/23/34400,Mass Communication,HND1,Male,21,Kogi,Paul,Ibrahim,paul.ibrahim@yabatech.edu.ng,+1-349-610-9951x94758,2024/2025,1st Semester,MAC 101,Intro to Mass Comm,3,39,7,18,25,F,0.0
F/HN/23/34982,Civil Engineering,HND2,Male,17,Imo,Joseph,Chukwu,joseph.chukwu@yabatech.edu.ng,001-308-584-4289x7147,2024/2025,1st Semester,CEC 110,Fluid Mechanics,4,62,25,59,84,A,4.0
F/HN/23/34982,Civil Engineering,HND2,Male,17,Imo,Joseph,Chukwu,joseph.chukwu@yabatech.edu.ng,001-308-584-4289x7147,2024/2025,1st Semester,MEC 101,Workshop Technology,2,66,25,59,84,A,4.0
F/HN/23/34982,Civil Engineering,HND2,Male,17,Imo,Joseph,Chukwu,joseph.chukwu@yabatech.edu.ng,001-308-584-4289x7147,2024/2025,1st Semester,CEC 101,Engineering Drawing,3,74,23,54,77,A,4.0
P/HN/23/60552,Business Administration,HND1,Female,26,Kebbi,Esther,Eze,esther.eze@yabatech.edu.ng,222.886.9269x56432,2024/2025,1st Semester,BAM 101,Intro to Business Admin,3,52,16,37,53,CD,2.5
P/HN/23/60552,Business Administration,HND1,Female,26,Kebbi,Esther,Eze,esther.eze@yabatech.edu.ng,222.886.9269x56432,2024/2025,1st Semester,ECO 101,Intro to Economics,2,35,9,22,31,F,0.0
P/HN/23/60552,Business Administration,HND1,Female,26,Kebbi,Esther,Eze,esther.eze@yabatech.edu.ng,222.886.9269x56432,2024/2025,1st Semester,ACC 111,Intro to Accounting,3,62,15,36,51,CD,2.5
F/HN/23/61685,Science Lab Tech,HND1,Female,17,Delta,Joy,Ekwueme,joy.ekwueme@yabatech.edu.ng,001-358-254-6983x745,2024/2025,1st Semester,STC 112,General Chemistry,3,75,26,62,88,A,4.0
F/HN/23/61685,Science Lab Tech,HND1,Female,17,Delta,Joy,Ekwueme,joy.ekwueme@yabatech.edu.ng,001-358-254-6983x745,2024/2025,1st Semester,GNS 101,Use of English,2,61,26,62,88,A,4.0
F/HN/23/61685,Science Lab Tech,HND1,Female,17,Delta,Joy,Ekwueme,joy.ekwueme@yabatech.edu.ng,001-358-254-6983x745,2024/2025,1st Semester,STB 111,General Biology,3,94,29,69,98,A,4.0
F/HN/23/61685,Science Lab Tech,HND1,Female,17,Delta,Joy,Ekwueme,joy.ekwueme@yabatech.edu.ng,001-358-254-6983x745,2024/2025,1st Semester,GLT 111,General Lab Techniques,4,60,25,59,84,A,4.0
F/HN/23/61685,Science Lab Tech,HND1,Female,17,Delta,Joy,Ekwueme,joy.ekwueme@yabatech.edu.ng,001-358-254-6983x745,2024/2025,1st Semester,MTH 111,Logic & Linear Algebra,2,84,24,57,81,A,4.0
P/ND/23/43451,Science Lab Tech,ND2,Male,16,Osun,Elizabeth,Ojo,elizabeth.ojo@yabatech.edu.ng,(834)481-2438x01532,2024/2025,1st Semester,GNS 101,Use of English,2,62,20,47,67,B,3.25
P/ND/23/43451,Science Lab Tech,ND2,Male,16,Osun,Elizabeth,Ojo,elizabeth.ojo@yabatech.edu.ng,(834)481-2438x01532,2024/2025,1st Semester,STC 112,General Chemistry,3,60,22,51,73,AB,3.5
P/ND/23/43451,Science Lab Tech,ND2,Male,16,Osun,Elizabeth,Ojo,elizabeth.ojo@yabatech.edu.ng,(834)481-2438x01532,2024/2025,1st Semester,MTH 111,Logic & Linear Algebra,2,94,22,52,74,AB,3.5
P/ND/23/43451,Science Lab Tech,ND2,Male,16,Osun,Elizabeth,Ojo,elizabeth.ojo@yabatech.edu.ng,(834)481-2438x01532,2024/2025,1st Semester,STB 111,General Biology,3,66,23,53,76,A,4.0
P/ND/23/43451,Science Lab Tech,ND2,Male,16,Osun,Elizabeth,Ojo,elizabeth.ojo@yabatech.edu.ng,(834)481-2438x01532,2024/2025,1st Semester,GLT 111,General Lab Techniques,4,88,18,42,60,BC,3.0
P/HN/23/78497,Science Lab Tech,HND1,Male,23,Ekiti,Esther,Okafor,esther.okafor@yabatech.edu.ng,958-254-4677,2024/2025,1st Semester,STC 112,General Chemistry,3,37,10,23,33,F,0.0
P/HN/23/78497,Science Lab Tech,HND1,Male,23,Ekiti,Esther,Okafor,esther.okafor@yabatech.edu.ng,958-254-4677,2024/2025,1st Semester,GNS 101,Use of English,2,48,10,25,35,F,0.0
P/HN/23/78497,Science Lab Tech,HND1,Male,23,Ekiti,Esther,Okafor,esther.okafor@yabatech.edu.ng,958-254-4677,2024/2025,1st Semester,MTH 111,Logic & Linear Algebra,2,67,15,37,52,CD,2.5
P/HN/23/78497,Science Lab Tech,HND1,Male,23,Ekiti,Esther,Okafor,esther.okafor@yabatech.edu.ng,958-254-4677,2024/2025,1st Semester,STB 111,General Biology,3,44,9,22,31,F,0.0
P/HN/23/78497,Science Lab Tech,HND1,Male,23,Ekiti,Esther,Okafor,esther.okafor@yabatech.edu.ng,958-254-4677,2024/2025,1st Semester,GLT 111,General Lab Techniques,4,62,15,36,51,CD,2.5
F/HN/23/47215,Science Lab Tech,HND1,Male,25,Abia,Esther,Chukwu,esther.chukwu@yabatech.edu.ng,001-829-601-4740,2024/2025,1st Semester,GLT 111,General Lab Techniques,4,85,15,36,51,CD,2.5
F/HN/23/47215,Science Lab Tech,HND1,Male,25,Abia,Esther,Chukwu,esther.chukwu@yabatech.edu.ng,001-829-601-4740,2024/2025,1st Semester,STB 111,General Biology,3,51,11,26,37,F,0.0
F/HN/23/47215,Science Lab Tech,HND1,Male,25,Abia,Esther,Chukwu,esther.chukwu@yabatech.edu.ng,001-829-601-4740,2024/2025,1st Semester,GNS 101,Use of English,2,38,10,23,33,F,0.0
F/HN/23/47215,Science Lab Tech,HND1,Male,25,Abia,Esther,Chukwu,esther.chukwu@yabatech.edu.ng,001-829-601-4740,2024/2025,1st Semester,MTH 111,Logic & Linear Algebra,2,47,10,23,33,F,0.0
F/HN/23/47215,Science Lab Tech,HND1,Male,25,Abia,Esther,Chukwu,esther.chukwu@yabatech.edu.ng,001-829-601-4740,2024/2025,1st Semester,STC 112,General Chemistry,3,47,6,14,20,F,0.0
P/HN/23/10243,Mass Communication,HND2,Male,20,Bauchi,Angela,Balogun,angela.balogun@yabatech.edu.ng,001-620-381-9323x8775,2024/2025,1st Semester,MAC 115,News Writing,3,55,10,24,34,F,0.0
P/HN/23/10243,Mass Communication,HND2,Male,20,Bauchi,Angela,Balogun,angela.balogun@yabatech.edu.ng,001-620-381-9323x8775,2024/2025,1st Semester,GNS 127,Citizenship Education,2,69,10,24,34,F,0.0
P/HN/23/10243,Mass Communication,HND2,Male,20,Bauchi,Angela,Balogun,angela.balogun@yabatech.edu.ng,001-620-381-9323x8775,2024/2025,1st Semester,MAC 107,Intro to Broadcasting,3,47,7,17,24,F,0.0
P/HN/23/10243,Mass Communication,HND2,Male,20,Bauchi,Angela,Balogun,angela.balogun@yabatech.edu.ng,001-620-381-9323x8775,2024/2025,1st Semester,GNS 101,Use of English,2,20,5,12,17,F,0.0
P/HN/23/10243,Mass Communication,HND2,Male,20,Bauchi,Angela,Balogun,angela.balogun@yabatech.edu.ng,001-620-381-9323x8775,2024/2025,1st Semester,MAC 101,Intro to Mass Comm,3,37,8,19,27,F,0.0
F/HN/23/71085,Mass Communication,HND2,Male,17,Rivers,Agnes,Olawale,agnes.olawale@yabatech.edu.ng,(384)753-8711x490,2024/2025,1st Semester,MAC 107,Intro to Broadcasting,3,45,12,30,42,E,2.0
F/HN/23/71085,Mass Communication,HND2,Male,17,Rivers,Agnes,Olawale,agnes.olawale@yabatech.edu.ng,(384)753-8711x490,2024/2025,1st Semester,GNS 127,Citizenship Education,2,53,16,39,55,C,2.75
F/HN/23/71085,Mass Communication,HND2,Male,17,Rivers,Agnes,Olawale,agnes.olawale@yabatech.edu.ng,(384)753-8711x490,2024/2025,1st Semester,MAC 101,Intro to Mass Comm,3,58,16,38,54,CD,2.5
F/HN/23/71085,Mass Communication,HND2,Male,17,Rivers,Agnes,Olawale,agnes.olawale@yabatech.edu.ng,(384)753-8711x490,2024/2025,1st Semester,GNS 101,Use of English,2,37,8,20,28,F,0.0
F/HN/23/71085,Mass Communication,HND2,Male,17,Rivers,Agnes,Olawale,agnes.olawale@yabatech.edu.ng,(384)753-8711x490,2024/2025,1st Semester,MAC 115,News Writing,3,50,15,36,51,CD,2.5
F/HN/23/83846,Business Administration,HND2,Male,25,Ondo,Nathaniel,Adetokunbo,nathaniel.adetokunbo@yabatech.edu.ng,2487443405,2024/2025,1st Semester,ACC 111,Intro to Accounting,3,21,7,17,24,F,0.0
F/HN/23/83846,Business Administration,HND2,Male,25,Ondo,Nathaniel,Adetokunbo,nathaniel.adetokunbo@yabatech.edu.ng,2487443405,2024/2025,1st Semester,ECO 101,Intro to Economics,2,43,4,11,15,F,0.0
F/HN/23/83846,Business Administration,HND2,Male,25,Ondo,Nathaniel,Adetokunbo,nathaniel.adetokunbo@yabatech.edu.ng,2487443405,2024/2025,1st Semester,BAM 101,Intro to Business Admin,3,51,10,24,34,F,0.0
P/ND/23/40030,Computer Science,ND2,Female,17,Plateau,Joy,Oyekan,joy.oyekan@yabatech.edu.ng,757-607-6796x43262,2024/2025,1st Semester,GNS 101,Use of English,2,65,19,46,65,B,3.25
P/ND/23/40030,Computer Science,ND2,Female,17,Plateau,Joy,Oyekan,joy.oyekan@yabatech.edu.ng,757-607-6796x43262,2024/2025,1st Semester,STA 111,Intro to Statistics,2,83,19,46,65,B,3.25
P/ND/23/40030,Computer Science,ND2,Female,17,Plateau,Joy,Oyekan,joy.oyekan@yabatech.edu.ng,757-607-6796x43262,2024/2025,1st Semester,COM 101,Intro to Computing,4,66,17,41,58,C,2.75
P/ND/23/40030,Computer Science,ND2,Female,17,Plateau,Joy,Oyekan,joy.oyekan@yabatech.edu.ng,757-607-6796x43262,2024/2025,1st Semester,MTH 111,Logic & Linear Algebra,2,85,21,49,70,AB,3.5
P/ND/23/40030,Computer Science,ND2,Female,17,Plateau,Joy,Oyekan,joy.oyekan@yabatech.edu.ng,757-607-6796x43262,2024/2025,1st Semester,COM 112,Digital Electronics,3,96,16,39,55,C,2.75
P/ND/23/40030,Computer Science,ND2,Female,17,Plateau,Joy,Oyekan,joy.oyekan@yabatech.edu.ng,757-607-6796x43262,2024/2025,1st Semester,COM 113,Intro to Programming,4,87,19,45,64,BC,3.0
F/HN/23/92770,Electrical Engineering,HND2,Male,21,Nasarawa,Elizabeth,Akinwale,elizabeth.akinwale@yabatech.edu.ng,+1-288-893-5665x50019,2024/2025,1st Semester,GNS 101,Use of English,2,52,13,32,45,D,2.25
F/HN/23/92770,Electrical Engineering,HND2,Male,21,Nasarawa,Elizabeth,Akinwale,elizabeth.akinwale@yabatech.edu.ng,+1-288-893-5665x50019,2024/2025,1st Semester,MEC 112,Mechanical Workshop,2,55,10,24,34,F,0.0
F/HN/23/92770,Electrical Engineering,HND2,Male,21,Nasarawa,Elizabeth,Akinwale,elizabeth.akinwale@yabatech.edu.ng,+1-288-893-5665x50019,2024/2025,1st Semester,MTH 111,Logic & Linear Algebra,2,36,7,17,24,F,0.0
F/HN/23/92770,Electrical Engineering,HND2,Male,21,Nasarawa,Elizabeth,Akinwale,elizabeth.akinwale@yabatech.edu.ng,+1-288-893-5665x50019,2024/2025,1st Semester,EEC 111,Electrical Science,3,38,12,28,40,E,2.0
F/HN/23/92770,Electrical Engineering,HND2,Male,21,Nasarawa,Elizabeth,Akinwale,elizabeth.akinwale@yabatech.edu.ng,+1-288-893-5665x50019,2024/2025,1st Semester,EEC 115,Electrical Graphics,2,80,15,35,50,CD,2.5
F/HN/23/5999,Electrical Engineering,HND1,Male,25,Bayelsa,Daniel,Akinwale,daniel.akinwale@yabatech.edu.ng,(977)256-0851,2024/2025,1st Semester,EEC 111,Electrical Science,3,62,10,25,35,F,0.0
F/HN/23/5999,Electrical Engineering,HND1,Male,25,Bayelsa,Daniel,Akinwale,daniel.akinwale@yabatech.edu.ng,(977)256-0851,2024/2025,1st Semester,GNS 101,Use of English,2,51,13,31,44,E,2.0
F/HN/23/5999,Electrical Engineering,HND1,Male,25,Bayelsa,Daniel,Akinwale,daniel.akinwale@yabatech.edu.ng,(977)256-0851,2024/2025,1st Semester,EEC 115,Electrical Graphics,2,44,10,23,33,F,0.0
F/HN/23/5999,Electrical Engineering,HND1,Male,25,Bayelsa,Daniel,Akinwale,daniel.akinwale@yabatech.edu.ng,(977)256-0851,2024/2025,1st Semester,MEC 112,Mechanical Workshop,2,35,6,14,20,F,0.0
F/HN/23/5999,Electrical Engineering,HND1,Male,25,Bayelsa,Daniel,Akinwale,daniel.akinwale@yabatech.edu.ng,(977)256-0851,2024/2025,1st Semester,MTH 111,Logic & Linear Algebra,2,30,8,20,28,F,0.0
P/HN/23/59928,Electrical Engineering,HND1,Male,30,Adamawa,Angela,Obasanjo,angela.obasanjo@yabatech.edu.ng,701-200-4017x1950,2024/2025,1st Semester,MEC 112,Mechanical Workshop,2,47,14,32,46,D,2.25
P/HN/23/59928,Electrical Engineering,HND1,Male,30,Adamawa,Angela,Obasanjo,angela.obasanjo@yabatech.edu.ng,701-200-4017x1950,2024/2025,1st Semester,MTH 111,Logic & Linear Algebra,2,56,15,37,52,CD,2.5
P/HN/23/59928,Electrical Engineering,HND1,Male,30,Adamawa,Angela,Obasanjo,angela.obasanjo@yabatech.edu.ng,701-200-4017x1950,2024/2025,1st Semester,EEC 115,Electrical Graphics,2,89,15,37,52,CD,2.5
P/HN/23/59928,Electrical Engineering,HND1,Male,30,Adamawa,Angela,Obasanjo,angela.obasanjo@yabatech.edu.ng,701-200-4017x1950,2024/2025,1st Semester,GNS 101,Use of English,2,43,13,30,43,E,2.0
P/HN/23/59928,Electrical Engineering,HND1,Male,30,Adamawa,Angela,Obasanjo,angela.obasanjo@yabatech.edu.ng,701-200-4017x1950,2024/2025,1st Semester,EEC 111,Electrical Science,3,27,13,30,43,E,2.0
F/HN/23/36426,Business Administration,HND1,Female,25,Adamawa,David,Adeyemi,david.adeyemi@yabatech.edu.ng,001-490-648-1671,2024/2025,1st Semester,ACC 111,Intro to Accounting,3,86,14,34,48,D,2.25
F/HN/23/36426,Business Administration,HND1,Female,25,Adamawa,David,Adeyemi,david.adeyemi@yabatech.edu.ng,001-490-648-1671,2024/2025,1st Semester,BAM 101,Intro to Business Admin,3,59,17,40,57,C,2.75
F/HN/23/36426,Business Administration,HND1,Female,25,Adamawa,David,Adeyemi,david.adeyemi@yabatech.edu.ng,001-490-648-1671,2024/2025,1st Semester,ECO 101,Intro to Economics,2,69,18,43,61,BC,3.0
P/ND/23/17581,Science Lab Tech,ND2,Female,18,Enugu,Mark,Okonkwo,mark.okonkwo@yabatech.edu.ng,(245)711-1979x146,2024/2025,1st Semester,STC 112,General Chemistry,3,69,19,44,63,BC,3.0
P/ND/23/17581,Science Lab Tech,ND2,Female,18,Enugu,Mark,Okonkwo,mark.okonkwo@yabatech.edu.ng,(245)711-1979x146,2024/2025,1st Semester,STB 111,General Biology,3,90,23,54,77,A,4.0
P/ND/23/17581,Science Lab Tech,ND2,Female,18,Enugu,Mark,Okonkwo,mark.okonkwo@yabatech.edu.ng,(245)711-1979x146,2024/2025,1st Semester,MTH 111,Logic & Linear Algebra,2,87,19,46,65,B,3.25
P/ND/23/17581,Science Lab Tech,ND2,Female,18,Enugu,Mark,Okonkwo,mark.okonkwo@yabatech.edu.ng,(245)711-1979x146,2024/2025,1st Semester,GNS 101,Use of English,2,76,24,56,80,A,4.0
P/ND/23/17581,Science Lab Tech,ND2,Female,18,Enugu,Mark,Okonkwo,mark.okonkwo@yabatech.edu.ng,(245)711-1979x146,2024/2025,1st Semester,GLT 111,General Lab Techniques,4,72,20,47,67,B,3.25
F/HN/23/44255,Electrical Engineering,HND2,Female,28,Kogi,Nathaniel,Oshodi,nathaniel.oshodi@yabatech.edu.ng,3643684215,2024/2025,1st Semester,EEC 115,Electrical Graphics,2,25,8,19,27,F,0.0
F/HN/23/44255,Electrical Engineering,HND2,Female,28,Kogi,Nathaniel,Oshodi,nathaniel.oshodi@yabatech.edu.ng,3643684215,2024/2025,1st Semester,EEC 111,Electrical Science,3,64,17,40,57,C,2.75
F/HN/23/44255,Electrical Engineering,HND2,Female,28,Kogi,Nathaniel,Oshodi,nathaniel.oshodi@yabatech.edu.ng,3643684215,2024/2025,1st Semester,MEC 112,Mechanical Workshop,2,59,15,36,51,CD,2.5
F/HN/23/44255,Electrical Engineering,HND2,Female,28,Kogi,Nathaniel,Oshodi,nathaniel.oshodi@yabatech.edu.ng,3643684215,2024/2025,1st Semester,GNS 101,Use of English,2,72,13,30,43,E,2.0
F/HN/23/44255,Electrical Engineering,HND2,Female,28,Kogi,Nathaniel,Oshodi,nathaniel.oshodi@yabatech.edu.ng,3643684215,2024/2025,1st Semester,MTH 111,Logic & Linear Algebra,2,69,13,31,44,E,2.0
P/HN/23/94829,Mass Communication,HND1,Female,30,Delta,Nathaniel,Adeyemi,nathaniel.adeyemi@yabatech.edu.ng,913.394.3621,2024/2025,1st Semester,GNS 101,Use of English,2,81,28,65,93,A,4.0
P/HN/23/94829,Mass Communication,HND1,Female,30,Delta,Nathaniel,Adeyemi,nathaniel.adeyemi@yabatech.edu.ng,913.394.3621,2024/2025,1st Semester,MAC 115,News Writing,3,65,23,55,78,A,4.0
P/HN/23/94829,Mass Communication,HND1,Female,30,Delta,Nathaniel,Adeyemi,nathaniel.adeyemi@yabatech.edu.ng,913.394.3621,2024/2025,1st Semester,MAC 101,Intro to Mass Comm,3,60,26,62,88,A,4.0
P/HN/23/94829,Mass Communication,HND1,Female,30,Delta,Nathaniel,Adeyemi,nathaniel.adeyemi@yabatech.edu.ng,913.394.3621,2024/2025,1st Semester,GNS 127,Citizenship Education,2,84,25,59,84,A,4.0
P/HN/23/94829,Mass Communication,HND1,Female,30,Delta,Nathaniel,Adeyemi,nathaniel.adeyemi@yabatech.edu.ng,913.394.3621,2024/2025,1st Semester,MAC 107,Intro to Broadcasting,3,61,25,59,84,A,4.0
P/HN/23/69890,Business Administration,HND2,Female,17,Sokoto,Mark,Okafor,mark.okafor@yabatech.edu.ng,458-977-4855,2024/2025,1st Semester,BAM 101,Intro to Business Admin,3,81,23,55,78,A,4.0
P/HN/23/69890,Business Administration,HND2,Female,17,Sokoto,Mark,Okafor,mark.okafor@yabatech.edu.ng,458-977-4855,2024/2025,1st Semester,ACC 111,Intro to Accounting,3,79,22,51,73,AB,3.5
P/HN/23/69890,Business Administration,HND2,Female,17,Sokoto,Mark,Okafor,mark.okafor@yabatech.edu.ng,458-977-4855,2024/2025,1st Semester,ECO 101,Intro to Economics,2,68,23,53,76,A,4.0
P/ND/23/4361,Mass Communication,ND1,Female,27,Imo,Grace,Chukwu,grace.chukwu@yabatech.edu.ng,619-249-0647,2024/2025,1st Semester,GNS 127,Citizenship Education,2,53,8,19,27,F,0.0
P/ND/23/4361,Mass Communication,ND1,Female,27,Imo,Grace,Chukwu,grace.chukwu@yabatech.edu.ng,619-249-0647,2024/2025,1st Semester,GNS 101,Use of English,2,27,4,11,15,F,0.0
P/ND/23/4361,Mass Communication,ND1,Female,27,Imo,Grace,Chukwu,grace.chukwu@yabatech.edu.ng,619-249-0647,2024/2025,1st Semester,MAC 101,Intro to Mass Comm,3,22,5,12,17,F,0.0
P/ND/23/4361,Mass Communication,ND1,Female,27,Imo,Grace,Chukwu,grace.chukwu@yabatech.edu.ng,619-249-0647,2024/2025,1st Semester,MAC 115,News Writing,3,66,11,26,37,F,0.0
P/ND/23/4361,Mass Communication,ND1,Female,27,Imo,Grace,Chukwu,grace.chukwu@yabatech.edu.ng,619-249-0647,2024/2025,1st Semester,MAC 107,Intro to Broadcasting,3,45,8,19,27,F,0.0
F/HN/23/61129,Electrical Engineering,HND2,Male,26,Kaduna,David,Adeyemi,david.adeyemi@yabatech.edu.ng,001-944-231-3323x202,2024/2025,1st Semester,EEC 115,Electrical Graphics,2,95,21,49,70,AB,3.5
F/HN/23/61129,Electrical Engineering,HND2,Male,26,Kaduna,David,Adeyemi,david.adeyemi@yabatech.edu.ng,001-944-231-3323x202,2024/2025,1st Semester,GNS 101,Use of English,2,100,17,41,58,C,2.75
F/HN/23/61129,Electrical Engineering,HND2,Male,26,Kaduna,David,Adeyemi,david.adeyemi@yabatech.edu.ng,001-944-231-3323x202,2024/2025,1st Semester,MTH 111,Logic & Linear Algebra,2,69,21,50,71,AB,3.5
F/HN/23/61129,Electrical Engineering,HND2,Male,26,Kaduna,David,Adeyemi,david.adeyemi@yabatech.edu.ng,001-944-231-3323x202,2024/2025,1st Semester,MEC 112,Mechanical Workshop,2,58,17,41,58,C,2.75
F/HN/23/61129,Electrical Engineering,HND2,Male,26,Kaduna,David,Adeyemi,david.adeyemi@yabatech.edu.ng,001-944-231-3323x202,2024/2025,1st Semester,EEC 111,Electrical Science,3,93,17,40,57,C,2.75
P/ND/23/80914,Electrical Engineering,ND2,Female,25,Rivers,Philip,Ojo,philip.ojo@yabatech.edu.ng,+1-255-575-3076,2024/2025,1st Semester,EEC 115,Electrical Graphics,2,70,23,53,76,A,4.0
P/ND/23/80914,Electrical Engineering,ND2,Female,25,Rivers,Philip,Ojo,philip.ojo@yabatech.edu.ng,+1-255-575-3076,2024/2025,1st Semester,MTH 111,Logic & Linear Algebra,2,94,18,42,60,BC,3.0
P/ND/23/80914,Electrical Engineering,ND2,Female,25,Rivers,Philip,Ojo,philip.ojo@yabatech.edu.ng,+1-255-575-3076,2024/2025,1st Semester,EEC 111,Electrical Science,3,86,22,53,75,A,4.0
P/ND/23/80914,Electrical Engineering,ND2,Female,25,Rivers,Philip,Ojo,philip.ojo@yabatech.edu.ng,+1-255-575-3076,2024/2025,1st Semester,GNS 101,Use of English,2,100,18,42,60,BC,3.0
P/ND/23/80914,Electrical Engineering,ND2,Female,25,Rivers,Philip,Ojo,philip.ojo@yabatech.edu.ng,+1-255-575-3076,2024/2025,1st Semester,MEC 112,Mechanical Workshop,2,78,22,51,73,AB,3.5
F/HN/23/63674,Computer Science,HND1,Female,28,Delta,Patience,Okonkwo,patience.okonkwo@yabatech.edu.ng,459-796-4930,2024/2025,1st Semester,COM 112,Digital Electronics,3,70,27,63,90,A,4.0
F/HN/23/63674,Computer Science,HND1,Female,28,Delta,Patience,Okonkwo,patience.okonkwo@yabatech.edu.ng,459-796-4930,2024/2025,1st Semester,MTH 111,Logic & Linear Algebra,2,59,23,54,77,A,4.0
F/HN/23/63674,Computer Science,HND1,Female,28,Delta,Patience,Okonkwo,patience.okonkwo@yabatech.edu.ng,459-796-4930,2024/2025,1st Semester,GNS 101,Use of English,2,72,23,55,78,A,4.0
F/HN/23/63674,Computer Science,HND1,Female,28,Delta,Patience,Okonkwo,patience.okonkwo@yabatech.edu.ng,459-796-4930,2024/2025,1st Semester,COM 113,Intro to Programming,4,68,27,63,90,A,4.0
F/HN/23/63674,Computer Science,HND1,Female,28,Delta,Patience,Okonkwo,patience.okonkwo@yabatech.edu.ng,459-796-4930,2024/2025,1st Semester,STA 111,Intro to Statistics,2,73,24,56,80,A,4.0
F/HN/23/63674,Computer Science,HND1,Female,28,Delta,Patience,Okonkwo,patience.okonkwo@yabatech.edu.ng,459-796-4930,2024/2025,1st Semester,COM 101,Intro to Computing,4,84,22,51,73,AB,3.5
P/HN/23/98703,Computer Science,HND1,Female,24,Plateau,Samuel,Nnamani,samuel.nnamani@yabatech.edu.ng,001-943-537-0153x9126,2024/2025,1st Semester,MTH 111,Logic & Linear Algebra,2,100,24,56,80,A,4.0
P/HN/23/98703,Computer Science,HND1,Female,24,Plateau,Samuel,Nnamani,samuel.nnamani@yabatech.edu.ng,001-943-537-0153x9126,2024/2025,1st Semester,COM 112,Digital Electronics,3,70,23,55,78,A,4.0
P/HN/23/98703,Computer Science,HND1,Female,24,Plateau,Samuel,Nnamani,samuel.nnamani@yabatech.edu.ng,001-943-537-0153x9126,2024/2025,1st Semester,COM 113,Intro to Programming,4,85,23,54,77,A,4.0
P/HN/23/98703,Computer Science,HND1,Female,24,Plateau,Samuel,Nnamani,samuel.nnamani@yabatech.edu.ng,001-943-537-0153x9126,2024/2025,1st Semester,STA 111,Intro to Statistics,2,65,25,59,84,A,4.0
P/HN/23/98703,Computer Science,HND1,Female,24,Plateau,Samuel,Nnamani,samuel.nnamani@yabatech.edu.ng,001-943-537-0153x9126,2024/2025,1st Semester,COM 101,Intro to Computing,4,81,23,55,78,A,4.0
F/ND/23/95045,Electrical Engineering,ND1,Male,22,Zamfara,Hope,Ibrahim,hope.ibrahim@yabatech.edu.ng,926.593.6507x3192,2024/2025,1st Semester,EEC 115,Electrical Graphics,2,56,16,38,54,CD,2.5
F/ND/23/95045,Electrical Engineering,ND1,Male,22,Zamfara,Hope,Ibrahim,hope.ibrahim@yabatech.edu.ng,926.593.6507x3192,2024/2025,1st Semester,EEC 111,Electrical Science,3,41,10,23,33,F,0.0
F/ND/23/95045,Electrical Engineering,ND1,Male,22,Zamfara,Hope,Ibrahim,hope.ibrahim@yabatech.edu.ng,926.593.6507x3192,2024/2025,1st Semester,MEC 112,Mechanical Workshop,2,68,13,31,44,E,2.0
F/ND/23/95045,Electrical Engineering,ND1,Male,22,Zamfara,Hope,Ibrahim,hope.ibrahim@yabatech.edu.ng,926.593.6507x3192,2024/2025,1st Semester,MTH 111,Logic & Linear Algebra,2,81,15,36,51,CD,2.5
F/ND/23/95045,Electrical Engineering,ND1,Male,22,Zamfara,Hope,Ibrahim,hope.ibrahim@yabatech.edu.ng,926.593.6507x3192,2024/2025,1st Semester,GNS 101,Use of English,2,19,8,19,27,F,0.0
F/HN/23/25587,Mass Communication,HND1,Male,26,Yobe,Juliet,Ekwueme,juliet.ekwueme@yabatech.edu.ng,+1-486-816-0552x8011,2024/2025,1st Semester,GNS 101,Use of English,2,69,19,44,63,BC,3.0
F/HN/23/25587,Mass Communication,HND1,Male,26,Yobe,Juliet,Ekwueme,juliet.ekwueme@yabatech.edu.ng,+1-486-816-0552x8011,2024/2025,1st Semester,GNS 127,Citizenship Education,2,86,22,53,75,A,4.0
F/HN/23/25587,Mass Communication,HND1,Male,26,Yobe,Juliet,Ekwueme,juliet.ekwueme@yabatech.edu.ng,+1-486-816-0552x8011,2024/2025,1st Semester,MAC 107,Intro to Broadcasting,3,51,20,47,67,B,3.25
F/HN/23/25587,Mass Communication,HND1,Male,26,Yobe,Juliet,Ekwueme,juliet.ekwueme@yabatech.edu.ng,+1-486-816-0552x8011,2024/2025,1st Semester,MAC 115,News Writing,3,84,18,44,62,BC,3.0
F/HN/23/25587,Mass Communication,HND1,Male,26,Yobe,Juliet,Ekwueme,juliet.ekwueme@yabatech.edu.ng,+1-486-816-0552x8011,2024/2025,1st Semester,MAC 101,Intro to Mass Comm,3,91,22,53,75,A,4.0
P/HN/23/83306,Electrical Engineering,HND2,Male,19,Jigawa,Joshua,Eze,joshua.eze@yabatech.edu.ng,966-792-1770x43021,2024/2025,1st Semester,MTH 111,Logic & Linear Algebra,2,18,7,18,25,F,0.0
P/HN/23/83306,Electrical Engineering,HND2,Male,19,Jigawa,Joshua,Eze,joshua.eze@yabatech.edu.ng,966-792-1770x43021,2024/2025,1st Semester,MEC 112,Mechanical Workshop,2,40,6,16,22,F,0.0
P/HN/23/83306,Electrical Engineering,HND2,Male,19,Jigawa,Joshua,Eze,joshua.eze@yabatech.edu.ng,966-792-1770x43021,2024/2025,1st Semester,EEC 115,Electrical Graphics,2,31,9,22,31,F,0.0
P/HN/23/83306,Electrical Engineering,HND2,Male,19,Jigawa,Joshua,Eze,joshua.eze@yabatech.edu.ng,966-792-1770x43021,2024/2025,1st Semester,GNS 101,Use of English,2,34,9,21,30,F,0.0
P/HN/23/83306,Electrical Engineering,HND2,Male,19,Jigawa,Joshua,Eze,joshua.eze@yabatech.edu.ng,966-792-1770x43021,2024/2025,1st Semester,EEC 111,Electrical Science,3,43,6,14,20,F,0.0
F/ND/23/55867,Science Lab Tech,ND1,Female,27,Borno,Stephen,Adeyemi,stephen.adeyemi@yabatech.edu.ng,864.364.5097x170,2024/2025,1st Semester,GLT 111,General Lab Techniques,4,36,12,28,40,E,2.0
F/ND/23/55867,Science Lab Tech,ND1,Female,27,Borno,Stephen,Adeyemi,stephen.adeyemi@yabatech.edu.ng,864.364.5097x170,2024/2025,1st Semester,MTH 111,Logic & Linear Algebra,2,47,14,32,46,D,2.25
F/ND/23/55867,Science Lab Tech,ND1,Female,27,Borno,Stephen,Adeyemi,stephen.adeyemi@yabatech.edu.ng,864.364.5097x170,2024/2025,1st Semester,STC 112,General Chemistry,3,23,14,33,47,D,2.25
F/ND/23/55867,Science Lab Tech,ND1,Female,27,Borno,Stephen,Adeyemi,stephen.adeyemi@yabatech.edu.ng,864.364.5097x170,2024/2025,1st Semester,GNS 101,Use of English,2,55,16,37,53,CD,2.5
F/ND/23/55867,Science Lab Tech,ND1,Female,27,Borno,Stephen,Adeyemi,stephen.adeyemi@yabatech.edu.ng,864.364.5097x170,2024/2025,1st Semester,STB 111,General Biology,3,39,15,36,51,CD,2.5
P/ND/23/18593,Civil Engineering,ND2,Male,24,Taraba,Sarah,Ibrahim,sarah.ibrahim@yabatech.edu.ng,999.509.0021,2024/2025,1st Semester,CEC 110,Fluid Mechanics,4,61,17,41,58,C,2.75
P/ND/23/18593,Civil Engineering,ND2,Male,24,Taraba,Sarah,Ibrahim,sarah.ibrahim@yabatech.edu.ng,999.509.0021,2024/2025,1st Semester,CEC 101,Engineering Drawing,3,58,18,42,60,BC,3.0
P/ND/23/18593,Civil Engineering,ND2,Male,24,Taraba,Sarah,Ibrahim,sarah.ibrahim@yabatech.edu.ng,999.509.0021,2024/2025,1st Semester,MEC 101,Workshop Technology,2,34,10,25,35,F,0.0
F/HN/23/25070,Electrical Engineering,HND2,Female,27,Ondo,Mark,Ekwueme,mark.ekwueme@yabatech.edu.ng,+1-845-262-7684,2024/2025,1st Semester,EEC 111,Electrical Science,3,70,9,22,31,F,0.0
F/HN/23/25070,Electrical Engineering,HND2,Female,27,Ondo,Mark,Ekwueme,mark.ekwueme@yabatech.edu.ng,+1-845-262-7684,2024/2025,1st Semester,EEC 115,Electrical Graphics,2,42,9,22,31,F,0.0
F/HN/23/25070,Electrical Engineering,HND2,Female,27,Ondo,Mark,Ekwueme,mark.ekwueme@yabatech.edu.ng,+1-845-262-7684,2024/2025,1st Semester,MEC 112,Mechanical Workshop,2,55,10,25,35,F,0.0
F/HN/23/25070,Electrical Engineering,HND2,Female,27,Ondo,Mark,Ekwueme,mark.ekwueme@yabatech.edu.ng,+1-845-262-7684,2024/2025,1st Semester,MTH 111,Logic & Linear Algebra,2,40,5,13,18,F,0.0
F/HN/23/25070,Electrical Engineering,HND2,Female,27,Ondo,Mark,Ekwueme,mark.ekwueme@yabatech.edu.ng,+1-845-262-7684,2024/2025,1st Semester,GNS 101,Use of English,2,35,9,21,30,F,0.0
F/HN/23/50397,Civil Engineering,HND2,Female,16,Adamawa,Sarah,Balogun,sarah.balogun@yabatech.edu.ng,842.640.2785x016,2024/2025,1st Semester,CEC 101,Engineering Drawing,3,79,17,41,58,C,2.75
F/HN/23/50397,Civil Engineering,HND2,Female,16,Adamawa,Sarah,Balogun,sarah.balogun@yabatech.edu.ng,842.640.2785x016,2024/2025,1st Semester,CEC 110,Fluid Mechanics,4,56,21,50,71,AB,3.5
F/HN/23/50397,Civil Engineering,HND2,Female,16,Adamawa,Sarah,Balogun,sarah.balogun@yabatech.edu.ng,842.640.2785x016,2024/2025,1st Semester,MEC 101,Workshop Technology,2,79,19,44,63,BC,3.0
F/ND/23/95438,Computer Science,ND1,Male,19,Ekiti,Benjamin,Eze,benjamin.eze@yabatech.edu.ng,(801)284-7274,2024/2025,1st Semester,COM 112,Digital Electronics,3,8,9,21,30,F,0.0
F/ND/23/95438,Computer Science,ND1,Male,19,Ekiti,Benjamin,Eze,benjamin.eze@yabatech.edu.ng,(801)284-7274,2024/2025,1st Semester,MTH 111,Logic & Linear Algebra,2,31,5,13,18,F,0.0
F/ND/23/95438,Computer Science,ND1,Male,19,Ekiti,Benjamin,Eze,benjamin.eze@yabatech.edu.ng,(801)284-7274,2024/2025,1st Semester,COM 101,Intro to Computing,4,71,11,27,38,F,0.0
F/ND/23/95438,Computer Science,ND1,Male,19,Ekiti,Benjamin,Eze,benjamin.eze@yabatech.edu.ng,(801)284-7274,2024/2025,1st Semester,COM 113,Intro to Programming,4,48,7,16,23,F,0.0
F/ND/23/95438,Computer Science,ND1,Male,19,Ekiti,Benjamin,Eze,benjamin.eze@yabatech.edu.ng,(801)284-7274,2024/2025,1st Semester,STA 111,Intro to Statistics,2,36,5,13,18,F,0.0
F/ND/23/95438,Computer Science,ND1,Male,19,Ekiti,Benjamin,Eze,benjamin.eze@yabatech.edu.ng,(801)284-7274,2024/2025,1st Semester,GNS 101,Use of English,2,63,11,26,37,F,0.0
P/ND/23/40664,Civil Engineering,ND2,Male,29,Yobe,Deborah,Oyekan,deborah.oyekan@yabatech.edu.ng,402.284.8727x9988,2024/2025,1st Semester,MEC 101,Workshop Technology,2,84,24,58,82,A,4.0
P/ND/23/40664,Civil Engineering,ND2,Male,29,Yobe,Deborah,Oyekan,deborah.oyekan@yabatech.edu.ng,402.284.8727x9988,2024/2025,1st Semester,CEC 101,Engineering Drawing,3,100,24,56,80,A,4.0
P/ND/23/40664,Civil Engineering,ND2,Male,29,Yobe,Deborah,Oyekan,deborah.oyekan@yabatech.edu.ng,402.284.8727x9988,2024/2025,1st Semester,CEC 110,Fluid Mechanics,4,75,21,51,72,AB,3.5
P/ND/23/8397,Business Administration,ND1,Male,16,Borno,Esther,Olawale,esther.olawale@yabatech.edu.ng,(991)222-1860x4169,2024/2025,1st Semester,BAM 101,Intro to Business Admin,3,100,23,55,78,A,4.0
P/ND/23/8397,Business Administration,ND1,Male,16,Borno,Esther,Olawale,esther.olawale@yabatech.edu.ng,(991)222-1860x4169,2024/2025,1st Semester,ACC 111,Intro to Accounting,3,81,21,51,72,AB,3.5
P/ND/23/8397,Business Administration,ND1,Male,16,Borno,Esther,Olawale,esther.olawale@yabatech.edu.ng,(991)222-1860x4169,2024/2025,1st Semester,ECO 101,Intro to Economics,2,100,23,54,77,A,4.0
F/HN/23/69611,Mass Communication,HND2,Male,24,Ondo,Emmanuel,Abiola,emmanuel.abiola@yabatech.edu.ng,001-202-833-7941,2024/2025,1st Semester,MAC 115,News Writing,3,61,11,26,37,F,0.0
F/HN/23/69611,Mass Communication,HND2,Male,24,Ondo,Emmanuel,Abiola,emmanuel.abiola@yabatech.edu.ng,001-202-833-7941,2024/2025,1st Semester,MAC 101,Intro to Mass Comm,3,52,11,27,38,F,0.0
F/HN/23/69611,Mass Communication,HND2,Male,24,Ondo,Emmanuel,Abiola,emmanuel.abiola@yabatech.edu.ng,001-202-833-7941,2024/2025,1st Semester,MAC 107,Intro to Broadcasting,3,52,10,25,35,F,0.0
F/HN/23/69611,Mass Communication,HND2,Male,24,Ondo,Emmanuel,Abiola,emmanuel.abiola@yabatech.edu.ng,001-202-833-7941,2024/2025,1st Semester,GNS 101,Use of English,2,68,11,25,36,F,0.0
F/HN/23/69611,Mass Communication,HND2,Male,24,Ondo,Emmanuel,Abiola,emmanuel.abiola@yabatech.edu.ng,001-202-833-7941,2024/2025,1st Semester,GNS 127,Citizenship Education,2,57,10,25,35,F,0.0
F/HN/23/70642,Computer Science,HND1,Male,17,Kebbi,Charity,Akinwale,charity.akinwale@yabatech.edu.ng,356.881.8897,2024/2025,1st Semester,STA 111,Intro to Statistics,2,68,9,22,31,F,0.0
F/HN/23/70642,Computer Science,HND1,Male,17,Kebbi,Charity,Akinwale,charity.akinwale@yabatech.edu.ng,356.881.8897,2024/2025,1st Semester,MTH 111,Logic & Linear Algebra,2,62,12,29,41,E,2.0
F/HN/23/70642,Computer Science,HND1,Male,17,Kebbi,Charity,Akinwale,charity.akinwale@yabatech.edu.ng,356.881.8897,2024/2025,1st Semester,COM 112,Digital Electronics,3,50,11,27,38,F,0.0
F/HN/23/70642,Computer Science,HND1,Male,17,Kebbi,Charity,Akinwale,charity.akinwale@yabatech.edu.ng,356.881.8897,2024/2025,1st Semester,COM 113,Intro to Programming,4,55,13,30,43,E,2.0
F/HN/23/70642,Computer Science,HND1,Male,17,Kebbi,Charity,Akinwale,charity.akinwale@yabatech.edu.ng,356.881.8897,2024/2025,1st Semester,COM 101,Intro to Computing,4,53,13,31,44,E,2.0
F/HN/23/69752,Business Administration,HND2,Male,17,Ondo,Blessing,Okafor,blessing.okafor@yabatech.edu.ng,384.889.5507x5470,2024/2025,1st Semester,ACC 111,Intro to Accounting,3,57,22,53,75,A,4.0
F/HN/23/69752,Business Administration,HND2,Male,17,Ondo,Blessing,Okafor,blessing.okafor@yabatech.edu.ng,384.889.5507x5470,2024/2025,1st Semester,BAM 101,Intro to Business Admin,3,93,19,46,65,B,3.25
F/HN/23/69752,Business Administration,HND2,Male,17,Ondo,Blessing,Okafor,blessing.okafor@yabatech.edu.ng,384.889.5507x5470,2024/2025,1st Semester,ECO 101,Intro to Economics,2,71,21,49,70,AB,3.5
P/ND/23/72286,Science Lab Tech,ND2,Female,20,Ebonyi,Sarah,Abiola,sarah.abiola@yabatech.edu.ng,(950)229-4797,2024/2025,1st Semester,GNS 101,Use of English,2,46,5,12,17,F,0.0
P/ND/23/72286,Science Lab Tech,ND2,Female,20,Ebonyi,Sarah,Abiola,sarah.abiola@yabatech.edu.ng,(950)229-4797,2024/2025,1st Semester,MTH 111,Logic & Linear Algebra,2,49,9,23,32,F,0.0
P/ND/23/72286,Science Lab Tech,ND2,Female,20,Ebonyi,Sarah,Abiola,sarah.abiola@yabatech.edu.ng,(950)229-4797,2024/2025,1st Semester,STC 112,General Chemistry,3,61,14,34,48,D,2.25
P/ND/23/72286,Science Lab Tech,ND2,Female,20,Ebonyi,Sarah,Abiola,sarah.abiola@yabatech.edu.ng,(950)229-4797,2024/2025,1st Semester,GLT 111,General Lab Techniques,4,37,6,14,20,F,0.0
P/ND/23/72286,Science Lab Tech,ND2,Female,20,Ebonyi,Sarah,Abiola,sarah.abiola@yabatech.edu.ng,(950)229-4797,2024/2025,1st Semester,STB 111,General Biology,3,38,4,9,13,F,0.0
P/HN/23/79753,Mass Communication,HND2,Female,21,Yobe,Daniel,Olawale,daniel.olawale@yabatech.edu.ng,447-588-3733x90648,2024/2025,1st Semester,GNS 101,Use of English,2,64,26,60,86,A,4.0
P/HN/23/79753,Mass Communication,HND2,Female,21,Yobe,Daniel,Olawale,daniel.olawale@yabatech.edu.ng,447-588-3733x90648,2024/2025,1st Semester,MAC 107,Intro to Broadcasting,3,100,25,60,85,A,4.0
P/HN/23/79753,Mass Communication,HND2,Female,21,Yobe,Daniel,Olawale,daniel.olawale@yabatech.edu.ng,447-588-3733x90648,2024/2025,1st Semester,GNS 127,Citizenship Education,2,77,28,66,94,A,4.0
P/HN/23/79753,Mass Communication,HND2,Female,21,Yobe,Daniel,Olawale,daniel.olawale@yabatech.edu.ng,447-588-3733x90648,2024/2025,1st Semester,MAC 101,Intro to Mass Comm,3,58,25,58,83,A,4.0
P/HN/23/79753,Mass Communication,HND2,Female,21,Yobe,Daniel,Olawale,daniel.olawale@yabatech.edu.ng,447-588-3733x90648,2024/2025,1st Semester,MAC 115,News Writing,3,74,26,62,88,A,4.0
F/ND/23/6631,Mass Communication,ND1,Male,26,Ogun,Juliet,Ojo,juliet.ojo@yabatech.edu.ng,398.830.8898x0658,2024/2025,1st Semester,MAC 115,News Writing,3,90,30,70,100,A,4.0
F/ND/23/6631,Mass Communication,ND1,Male,26,Ogun,Juliet,Ojo,juliet.ojo@yabatech.edu.ng,398.830.8898x0658,2024/2025,1st Semester,GNS 127,Citizenship Education,2,88,28,66,94,A,4.0
F/ND/23/6631,Mass Communication,ND1,Male,26,Ogun,Juliet,Ojo,juliet.ojo@yabatech.edu.ng,398.830.8898x0658,2024/2025,1st Semester,MAC 107,Intro to Broadcasting,3,89,27,63,90,A,4.0
F/ND/23/6631,Mass Communication,ND1,Male,26,Ogun,Juliet,Ojo,juliet.ojo@yabatech.edu.ng,398.830.8898x0658,2024/2025,1st Semester,MAC 101,Intro to Mass Comm,3,74,26,62,88,A,4.0
F/ND/23/6631,Mass Communication,ND1,Male,26,Ogun,Juliet,Ojo,juliet.ojo@yabatech.edu.ng,398.830.8898x0658,2024/2025,1st Semester,GNS 101,Use of English,2,54,30,70,100,A,4.0
P/HN/23/13110,Business Administration,HND2,Female,24,Oyo,Charity,Akinwale,charity.akinwale@yabatech.edu.ng,001-238-858-5245x59170,2024/2025,1st Semester,ECO 101,Intro to Economics,2,82,25,60,85,A,4.0
P/HN/23/13110,Business Administration,HND2,Female,24,Oyo,Charity,Akinwale,charity.akinwale@yabatech.edu.ng,001-238-858-5245x59170,2024/2025,1st Semester,BAM 101,Intro to Business Admin,3,58,24,56,80,A,4.0
P/HN/23/13110,Business Administration,HND2,Female,24,Oyo,Charity,Akinwale,charity.akinwale@yabatech.edu.ng,001-238-858-5245x59170,2024/2025,1st Semester,ACC 111,Intro to Accounting,3,77,28,66,94,A,4.0
P/HN/23/69371,Civil Engineering,HND2,Female,17,Lagos,Hope,Ogunleye,hope.ogunleye@yabatech.edu.ng,001-238-628-5639x9011,2024/2025,1st Semester,MEC 101,Workshop Technology,2,46,6,15,21,F,0.0
P/HN/23/69371,Civil Engineering,HND2,Female,17,Lagos,Hope,Ogunleye,hope.ogunleye@yabatech.edu.ng,001-238-628-5639x9011,2024/2025,1st Semester,CEC 101,Engineering Drawing,3,27,9,21,30,F,0.0
P/HN/23/69371,Civil Engineering,HND2,Female,17,Lagos,Hope,Ogunleye,hope.ogunleye@yabatech.edu.ng,001-238-628-5639x9011,2024/2025,1st Semester,CEC 110,Fluid Mechanics,4,55,11,26,37,F,0.0
P/HN/23/50586,Computer Science,HND2,Male,22,Kaduna,Ruth,Akinwale,ruth.akinwale@yabatech.edu.ng,(692)916-1511x843,2024/2025,1st Semester,COM 112,Digital Electronics,3,36,4,9,13,F,0.0
P/HN/23/50586,Computer Science,HND2,Male,22,Kaduna,Ruth,Akinwale,ruth.akinwale@yabatech.edu.ng,(692)916-1511x843,2024/2025,1st Semester,STA 111,Intro to Statistics,2,48,8,18,26,F,0.0
P/HN/23/50586,Computer Science,HND2,Male,22,Kaduna,Ruth,Akinwale,ruth.akinwale@yabatech.edu.ng,(692)916-1511x843,2024/2025,1st Semester,GNS 101,Use of English,2,54,9,21,30,F,0.0
P/HN/23/50586,Computer Science,HND2,Male,22,Kaduna,Ruth,Akinwale,ruth.akinwale@yabatech.edu.ng,(692)916-1511x843,2024/2025,1st Semester,COM 113,Intro to Programming,4,51,8,19,27,F,0.0
P/HN/23/50586,Computer Science,HND2,Male,22,Kaduna,Ruth,Akinwale,ruth.akinwale@yabatech.edu.ng,(692)916-1511x843,2024/2025,1st Semester,COM 101,Intro to Computing,4,62,9,23,32,F,0.0
F/ND/23/91787,Civil Engineering,ND2,Male,21,Yobe,James,Balogun,james.balogun@yabatech.edu.ng,+1-827-688-1539x788,2024/2025,1st Semester,CEC 110,Fluid Mechanics,4,62,30,70,100,A,4.0
F/ND/23/91787,Civil Engineering,ND2,Male,21,Yobe,James,Balogun,james.balogun@yabatech.edu.ng,+1-827-688-1539x788,2024/2025,1st Semester,CEC 101,Engineering Drawing,3,71,30,70,100,A,4.0
F/ND/23/91787,Civil Engineering,ND2,Male,21,Yobe,James,Balogun,james.balogun@yabatech.edu.ng,+1-827-688-1539x788,2024/2025,1st Semester,MEC 101,Workshop Technology,2,67,27,65,92,A,4.0
F/HN/23/99871,Electrical Engineering,HND2,Female,27,Borno,Ruth,Akinwale,ruth.akinwale@yabatech.edu.ng,+1-777-532-8706x173,2024/2025,1st Semester,GNS 101,Use of English,2,42,6,15,21,F,0.0
F/HN/23/99871,Electrical Engineering,HND2,Female,27,Borno,Ruth,Akinwale,ruth.akinwale@yabatech.edu.ng,+1-777-532-8706x173,2024/2025,1st Semester,EEC 115,Electrical Graphics,2,64,14,34,48,D,2.25
F/HN/23/99871,Electrical Engineering,HND2,Female,27,Borno,Ruth,Akinwale,ruth.akinwale@yabatech.edu.ng,+1-777-532-8706x173,2024/2025,1st Semester,MEC 112,Mechanical Workshop,2,28,11,26,37,F,0.0
F/HN/23/99871,Electrical Engineering,HND2,Female,27,Borno,Ruth,Akinwale,ruth.akinwale@yabatech.edu.ng,+1-777-532-8706x173,2024/2025,1st Semester,MTH 111,Logic & Linear Algebra,2,46,11,26,37,F,0.0
F/HN/23/99871,Electrical Engineering,HND2,Female,27,Borno,Ruth,Akinwale,ruth.akinwale@yabatech.edu.ng,+1-777-532-8706x173,2024/2025,1st Semester,EEC 111,Electrical Science,3,38,8,20,28,F,0.0
F/HN/23/65966,Science Lab Tech,HND1,Male,21,Anambra,Peter,Obasanjo,peter.obasanjo@yabatech.edu.ng,+1-455-513-5256x754,2024/2025,1st Semester,STC 112,General Chemistry,3,42,9,21,30,F,0.0
F/HN/23/65966,Science Lab Tech,HND1,Male,21,Anambra,Peter,Obasanjo,peter.obasanjo@yabatech.edu.ng,+1-455-513-5256x754,2024/2025,1st Semester,MTH 111,Logic & Linear Algebra,2,59,12,29,41,E,2.0
F/HN/23/65966,Science Lab Tech,HND1,Male,21,Anambra,Peter,Obasanjo,peter.obasanjo@yabatech.edu.ng,+1-455-513-5256x754,2024/2025,1st Semester,GNS 101,Use of English,2,61,15,36,51,CD,2.5
F/HN/23/65966,Science Lab Tech,HND1,Male,21,Anambra,Peter,Obasanjo,peter.obasanjo@yabatech.edu.ng,+1-455-513-5256x754,2024/2025,1st Semester,STB 111,General Biology,3,34,13,31,44,E,2.0
F/HN/23/65966,Science Lab Tech,HND1,Male,21,Anambra,Peter,Obasanjo,peter.obasanjo@yabatech.edu.ng,+1-455-513-5256x754,2024/2025,1st Semester,GLT 111,General Lab Techniques,4,32,12,29,41,E,2.0
F/HN/23/34875,Electrical Engineering,HND1,Male,21,Zamfara,Joseph,Ojo,joseph.ojo@yabatech.edu.ng,755.327.1909x183,2024/2025,1st Semester,EEC 115,Electrical Graphics,2,97,23,54,77,A,4.0
F/HN/23/34875,Electrical Engineering,HND1,Male,21,Zamfara,Joseph,Ojo,joseph.ojo@yabatech.edu.ng,755.327.1909x183,2024/2025,1st Semester,MTH 111,Logic & Linear Algebra,2,75,22,53,75,A,4.0
F/HN/23/34875,Electrical Engineering,HND1,Male,21,Zamfara,Joseph,Ojo,joseph.ojo@yabatech.edu.ng,755.327.1909x183,2024/2025,1st Semester,GNS 101,Use of English,2,73,23,54,77,A,4.0
F/HN/23/34875,Electrical Engineering,HND1,Male,21,Zamfara,Joseph,Ojo,joseph.ojo@yabatech.edu.ng,755.327.1909x183,2024/2025,1st Semester,MEC 112,Mechanical Workshop,2,65,23,54,77,A,4.0
F/HN/23/34875,Electrical Engineering,HND1,Male,21,Zamfara,Joseph,Ojo,joseph.ojo@yabatech.edu.ng,755.327.1909x183,2024/2025,1st Semester,EEC 111,Electrical Science,3,89,21,49,70,AB,3.5
F/ND/23/4731,Mass Communication,ND1,Female,24,Kogi,Simon,Obasanjo,simon.obasanjo@yabatech.edu.ng,+1-349-536-4700,2024/2025,1st Semester,MAC 107,Intro to Broadcasting,3,66,11,27,38,F,0.0
F/ND/23/4731,Mass Communication,ND1,Female,24,Kogi,Simon,Obasanjo,simon.obasanjo@yabatech.edu.ng,+1-349-536-4700,2024/2025,1st Semester,GNS 127,Citizenship Education,2,54,12,29,41,E,2.0
F/ND/23/4731,Mass Communication,ND1,Female,24,Kogi,Simon,Obasanjo,simon.obasanjo@yabatech.edu.ng,+1-349-536-4700,2024/2025,1st Semester,GNS 101,Use of English,2,22,11,27,38,F,0.0
F/ND/23/4731,Mass Communication,ND1,Female,24,Kogi,Simon,Obasanjo,simon.obasanjo@yabatech.edu.ng,+1-349-536-4700,2024/2025,1st Semester,MAC 101,Intro to Mass Comm,3,51,11,26,37,F,0.0
F/ND/23/4731,Mass Communication,ND1,Female,24,Kogi,Simon,Obasanjo,simon.obasanjo@yabatech.edu.ng,+1-349-536-4700,2024/2025,1st Semester,MAC 115,News Writing,3,33,10,23,33,F,0.0
F/ND/23/34401,Civil Engineering,ND2,Female,23,Jigawa,Andrew,Nnamani,andrew.nnamani@yabatech.edu.ng,+1-876-227-1156x18467,2024/2025,1st Semester,CEC 110,Fluid Mechanics,4,56,16,38,54,CD,2.5
F/ND/23/34401,Civil Engineering,ND2,Female,23,Jigawa,Andrew,Nnamani,andrew.nnamani@yabatech.edu.ng,+1-876-227-1156x18467,2024/2025,1st Semester,CEC 101,Engineering Drawing,3,73,19,44,63,BC,3.0
F/ND/23/34401,Civil Engineering,ND2,Female,23,Jigawa,Andrew,Nnamani,andrew.nnamani@yabatech.edu.ng,+1-876-227-1156x18467,2024/2025,1st Semester,MEC 101,Workshop Technology,2,43,10,24,34,F,0.0
P/ND/23/63039,Science Lab Tech,ND1,Female,25,Adamawa,Joy,Akinwale,joy.akinwale@yabatech.edu.ng,751-397-4363x54318,2024/2025,1st Semester,MTH 111,Logic & Linear Algebra,2,43,10,24,34,F,0.0
P/ND/23/63039,Science Lab Tech,ND1,Female,25,Adamawa,Joy,Akinwale,joy.akinwale@yabatech.edu.ng,751-397-4363x54318,2024/2025,1st Semester,GLT 111,General Lab Techniques,4,80,10,25,35,F,0.0
P/ND/23/63039,Science Lab Tech,ND1,Female,25,Adamawa,Joy,Akinwale,joy.akinwale@yabatech.edu.ng,751-397-4363x54318,2024/2025,1st Semester,GNS 101,Use of English,2,48,6,15,21,F,0.0
P/ND/23/63039,Science Lab Tech,ND1,Female,25,Adamawa,Joy,Akinwale,joy.akinwale@yabatech.edu.ng,751-397-4363x54318,2024/2025,1st Semester,STB 111,General Biology,3,58,11,27,38,F,0.0
P/ND/23/63039,Science Lab Tech,ND1,Female,25,Adamawa,Joy,Akinwale,joy.akinwale@yabatech.edu.ng,751-397-4363x54318,2024/2025,1st Semester,STC 112,General Chemistry,3,60,13,30,43,E,2.0
P/ND/23/12689,Electrical Engineering,ND2,Female,22,Zamfara,Esther,Ogunleye,esther.ogunleye@yabatech.edu.ng,001-610-508-7195x30714,2024/2025,1st Semester,MTH 111,Logic & Linear Algebra,2,62,7,17,24,F,0.0
P/ND/23/12689,Electrical Engineering,ND2,Female,22,Zamfara,Esther,Ogunleye,esther.ogunleye@yabatech.edu.ng,001-610-508-7195x30714,2024/2025,1st Semester,MEC 112,Mechanical Workshop,2,45,3,7,10,F,0.0
P/ND/23/12689,Electrical Engineering,ND2,Female,22,Zamfara,Esther,Ogunleye,esther.ogunleye@yabatech.edu.ng,001-610-508-7195x30714,2024/2025,1st Semester,GNS 101,Use of English,2,34,2,6,8,F,0.0
P/ND/23/12689,Electrical Engineering,ND2,Female,22,Zamfara,Esther,Ogunleye,esther.ogunleye@yabatech.edu.ng,001-610-508-7195x30714,2024/2025,1st Semester,EEC 111,Electrical Science,3,32,7,17,24,F,0.0
P/ND/23/12689,Electrical Engineering,ND2,Female,22,Zamfara,Esther,Ogunleye,esther.ogunleye@yabatech.edu.ng,001-610-508-7195x30714,2024/2025,1st Semester,EEC 115,Electrical Graphics,2,77,12,28,40,E,2.0
P/HN/23/17125,Mass Communication,HND1,Female,24,Delta,Simon,Obasanjo,simon.obasanjo@yabatech.edu.ng,001-479-474-1972x943,2024/2025,1st Semester,GNS 101,Use of English,2,74,17,41,58,C,2.75
P/HN/23/17125,Mass Communication,HND1,Female,24,Delta,Simon,Obasanjo,simon.obasanjo@yabatech.edu.ng,001-479-474-1972x943,2024/2025,1st Semester,MAC 101,Intro to Mass Comm,3,100,22,51,73,AB,3.5
P/HN/23/17125,Mass Communication,HND1,Female,24,Delta,Simon,Obasanjo,simon.obasanjo@yabatech.edu.ng,001-479-474-1972x943,2024/2025,1st Semester,GNS 127,Citizenship Education,2,100,22,51,73,AB,3.5
P/HN/23/17125,Mass Communication,HND1,Female,24,Delta,Simon,Obasanjo,simon.obasanjo@yabatech.edu.ng,001-479-474-1972x943,2024/2025,1st Semester,MAC 107,Intro to Broadcasting,3,100,19,45,64,BC,3.0
P/HN/23/17125,Mass Communication,HND1,Female,24,Delta,Simon,Obasanjo,simon.obasanjo@yabatech.edu.ng,001-479-474-1972x943,2024/2025,1st Semester,MAC 115,News Writing,3,80,19,44,63,BC,3.0
P/HN/23/98397,Civil Engineering,HND1,Male,17,Osun,Samuel,Oshodi,samuel.oshodi@yabatech.edu.ng,867.735.8757x1287,2024/2025,1st Semester,MEC 101,Workshop Technology,2,39,8,19,27,F,0.0
P/HN/23/98397,Civil Engineering,HND1,Male,17,Osun,Samuel,Oshodi,samuel.oshodi@yabatech.edu.ng,867.735.8757x1287,2024/2025,1st Semester,CEC 101,Engineering Drawing,3,57,17,40,57,C,2.75
P/HN/23/98397,Civil Engineering,HND1,Male,17,Osun,Samuel,Oshodi,samuel.oshodi@yabatech.edu.ng,867.735.8757x1287,2024/2025,1st Semester,CEC 110,Fluid Mechanics,4,55,13,30,43,E,2.0
F/ND/23/5984,Electrical Engineering,ND1,Male,24,Zamfara,Joseph,Chukwu,joseph.chukwu@yabatech.edu.ng,+1-953-844-0467,2024/2025,1st Semester,EEC 115,Electrical Graphics,2,53,6,15,21,F,0.0
F/ND/23/5984,Electrical Engineering,ND1,Male,24,Zamfara,Joseph,Chukwu,joseph.chukwu@yabatech.edu.ng,+1-953-844-0467,2024/2025,1st Semester,MTH 111,Logic & Linear Algebra,2,50,7,16,23,F,0.0
F/ND/23/5984,Electrical Engineering,ND1,Male,24,Zamfara,Joseph,Chukwu,joseph.chukwu@yabatech.edu.ng,+1-953-844-0467,2024/2025,1st Semester,MEC 112,Mechanical Workshop,2,56,7,16,23,F,0.0
F/ND/23/5984,Electrical Engineering,ND1,Male,24,Zamfara,Joseph,Chukwu,joseph.chukwu@yabatech.edu.ng,+1-953-844-0467,2024/2025,1st Semester,GNS 101,Use of English,2,38,2,6,8,F,0.0
F/ND/23/5984,Electrical Engineering,ND1,Male,24,Zamfara,Joseph,Chukwu,joseph.chukwu@yabatech.edu.ng,+1-953-844-0467,2024/2025,1st Semester,EEC 111,Electrical Science,3,78,7,17,24,F,0.0
F/ND/23/91967,Civil Engineering,ND2,Male,25,Cross River,Gabriel,Chukwu,gabriel.chukwu@yabatech.edu.ng,(698)961-5689x7997,2024/2025,1st Semester,MEC 101,Workshop Technology,2,67,17,39,56,C,2.75
F/ND/23/91967,Civil Engineering,ND2,Male,25,Cross River,Gabriel,Chukwu,gabriel.chukwu@yabatech.edu.ng,(698)961-5689x7997,2024/2025,1st Semester,CEC 101,Engineering Drawing,3,69,15,36,51,CD,2.5
F/ND/23/91967,Civil Engineering,ND2,Male,25,Cross River,Gabriel,Chukwu,gabriel.chukwu@yabatech.edu.ng,(698)961-5689x7997,2024/2025,1st Semester,CEC 110,Fluid Mechanics,4,86,16,37,53,CD,2.5
P/HN/23/49616,Business Administration,HND2,Female,21,Delta,Elizabeth,Okonkwo,elizabeth.okonkwo@yabatech.edu.ng,001-689-557-6595x0815,2024/2025,1st Semester,BAM 101,Intro to Business Admin,3,45,10,23,33,F,0.0
P/HN/23/49616,Business Administration,HND2,Female,21,Delta,Elizabeth,Okonkwo,elizabeth.okonkwo@yabatech.edu.ng,001-689-557-6595x0815,2024/2025,1st Semester,ACC 111,Intro to Accounting,3,32,10,24,34,F,0.0
P/HN/23/49616,Business Administration,HND2,Female,21,Delta,Elizabeth,Okonkwo,elizabeth.okonkwo@yabatech.edu.ng,001-689-557-6595x0815,2024/2025,1st Semester,ECO 101,Intro to Economics,2,48,14,33,47,D,2.25
F/HN/23/80842,Science Lab Tech,HND2,Female,19,Ebonyi,Hope,Abiola,hope.abiola@yabatech.edu.ng,001-808-388-9709x40903,2024/2025,1st Semester,GLT 111,General Lab Techniques,4,58,23,54,77,A,4.0
F/HN/23/80842,Science Lab Tech,HND2,Female,19,Ebonyi,Hope,Abiola,hope.abiola@yabatech.edu.ng,001-808-388-9709x40903,2024/2025,1st Semester,STB 111,General Biology,3,98,22,52,74,AB,3.5
F/HN/23/80842,Science Lab Tech,HND2,Female,19,Ebonyi,Hope,Abiola,hope.abiola@yabatech.edu.ng,001-808-388-9709x40903,2024/2025,1st Semester,STC 112,General Chemistry,3,71,23,55,78,A,4.0
F/HN/23/80842,Science Lab Tech,HND2,Female,19,Ebonyi,Hope,Abiola,hope.abiola@yabatech.edu.ng,001-808-388-9709x40903,2024/2025,1st Semester,MTH 111,Logic & Linear Algebra,2,77,19,46,65,B,3.25
F/HN/23/80842,Science Lab Tech,HND2,Female,19,Ebonyi,Hope,Abiola,hope.abiola@yabatech.edu.ng,001-808-388-9709x40903,2024/2025,1st Semester,GNS 101,Use of English,2,85,21,50,71,AB,3.5
P/ND/23/37884,Science Lab Tech,ND1,Male,24,Kogi,Mary,Obasanjo,mary.obasanjo@yabatech.edu.ng,(644)490-2304x277,2024/2025,1st Semester,GNS 101,Use of English,2,80,19,46,65,B,3.25
P/ND/23/37884,Science Lab Tech,ND1,Male,24,Kogi,Mary,Obasanjo,mary.obasanjo@yabatech.edu.ng,(644)490-2304x277,2024/2025,1st Semester,GLT 111,General Lab Techniques,4,73,20,48,68,B,3.25
P/ND/23/37884,Science Lab Tech,ND1,Male,24,Kogi,Mary,Obasanjo,mary.obasanjo@yabatech.edu.ng,(644)490-2304x277,2024/2025,1st Semester,STB 111,General Biology,3,96,20,47,67,B,3.25
P/ND/23/37884,Science Lab Tech,ND1,Male,24,Kogi,Mary,Obasanjo,mary.obasanjo@yabatech.edu.ng,(644)490-2304x277,2024/2025,1st Semester,MTH 111,Logic & Linear Algebra,2,65,25,58,83,A,4.0
P/ND/23/37884,Science Lab Tech,ND1,Male,24,Kogi,Mary,Obasanjo,mary.obasanjo@yabatech.edu.ng,(644)490-2304x277,2024/2025,1st Semester,STC 112,General Chemistry,3,76,25,58,83,A,4.0
P/ND/23/73190,Civil Engineering,ND1,Female,27,Imo,David,Olawale,david.olawale@yabatech.edu.ng,001-876-882-6234x25360,2024/2025,1st Semester,CEC 110,Fluid Mechanics,4,46,5,12,17,F,0.0
P/ND/23/73190,Civil Engineering,ND1,Female,27,Imo,David,Olawale,david.olawale@yabatech.edu.ng,001-876-882-6234x25360,2024/2025,1st Semester,CEC 101,Engineering Drawing,3,46,3,8,11,F,0.0
P/ND/23/73190,Civil Engineering,ND1,Female,27,Imo,David,Olawale,david.olawale@yabatech.edu.ng,001-876-882-6234x25360,2024/2025,1st Semester,MEC 101,Workshop Technology,2,47,5,11,16,F,0.0
P/HN/23/2515,Business Administration,HND1,Male,18,Kebbi,Michael,Nnamani,michael.nnamani@yabatech.edu.ng,385-840-9736x87661,2024/2025,1st Semester,BAM 101,Intro to Business Admin,3,71,23,55,78,A,4.0
P/HN/23/2515,Business Administration,HND1,Male,18,Kebbi,Michael,Nnamani,michael.nnamani@yabatech.edu.ng,385-840-9736x87661,2024/2025,1st Semester,ACC 111,Intro to Accounting,3,68,26,62,88,A,4.0
P/HN/23/2515,Business Administration,HND1,Male,18,Kebbi,Michael,Nnamani,michael.nnamani@yabatech.edu.ng,385-840-9736x87661,2024/2025,1st Semester,ECO 101,Intro to Economics,2,78,27,63,90,A,4.0
P/HN/23/3960,Computer Science,HND2,Female,16,Ebonyi,Samuel,Okonkwo,samuel.okonkwo@yabatech.edu.ng,517-782-3010,2024/2025,1st Semester,COM 112,Digital Electronics,3,82,24,56,80,A,4.0
P/HN/23/3960,Computer Science,HND2,Female,16,Ebonyi,Samuel,Okonkwo,samuel.okonkwo@yabatech.edu.ng,517-782-3010,2024/2025,1st Semester,COM 113,Intro to Programming,4,97,24,56,80,A,4.0
P/HN/23/3960,Computer Science,HND2,Female,16,Ebonyi,Samuel,Okonkwo,samuel.okonkwo@yabatech.edu.ng,517-782-3010,2024/2025,1st Semester,STA 111,Intro to Statistics,2,80,27,64,91,A,4.0
P/HN/23/3960,Computer Science,HND2,Female,16,Ebonyi,Samuel,Okonkwo,samuel.okonkwo@yabatech.edu.ng,517-782-3010,2024/2025,1st Semester,COM 101,Intro to Computing,4,96,25,58,83,A,4.0
P/HN/23/3960,Computer Science,HND2,Female,16,Ebonyi,Samuel,Okonkwo,samuel.okonkwo@yabatech.edu.ng,517-782-3010,2024/2025,1st Semester,MTH 111,Logic & Linear Algebra,2,96,24,56,80,A,4.0
P/HN/23/53961,Business Administration,HND2,Male,19,Taraba,Nathaniel,Oyekan,nathaniel.oyekan@yabatech.edu.ng,(715)540-9501x2736,2024/2025,1st Semester,ACC 111,Intro to Accounting,3,100,26,60,86,A,4.0
P/HN/23/53961,Business Administration,HND2,Male,19,Taraba,Nathaniel,Oyekan,nathaniel.oyekan@yabatech.edu.ng,(715)540-9501x2736,2024/2025,1st Semester,BAM 101,Intro to Business Admin,3,47,22,53,75,A,4.0
P/HN/23/53961,Business Administration,HND2,Male,19,Taraba,Nathaniel,Oyekan,nathaniel.oyekan@yabatech.edu.ng,(715)540-9501x2736,2024/2025,1st Semester,ECO 101,Intro to Economics,2,79,30,70,100,A,4.0
P/HN/23/62435,Computer Science,HND2,Male,29,Kogi,Simon,Abiola,simon.abiola@yabatech.edu.ng,485-345-8366x94105,2024/2025,1st Semester,COM 112,Digital Electronics,3,73,27,65,92,A,4.0
P/HN/23/62435,Computer Science,HND2,Male,29,Kogi,Simon,Abiola,simon.abiola@yabatech.edu.ng,485-345-8366x94105,2024/2025,1st Semester,COM 101,Intro to Computing,4,100,24,56,80,A,4.0
P/HN/23/62435,Computer Science,HND2,Male,29,Kogi,Simon,Abiola,simon.abiola@yabatech.edu.ng,485-345-8366x94105,2024/2025,1st Semester,MTH 111,Logic & Linear Algebra,2,60,26,62,88,A,4.0
P/HN/23/62435,Computer Science,HND2,Male,29,Kogi,Simon,Abiola,simon.abiola@yabatech.edu.ng,485-345-8366x94105,2024/2025,1st Semester,GNS 101,Use of English,2,84,24,56,80,A,4.0
P/HN/23/62435,Computer Science,HND2,Male,29,Kogi,Simon,Abiola,simon.abiola@yabatech.edu.ng,485-345-8366x94105,2024/2025,1st Semester,COM 113,Intro to Programming,4,77,24,56,80,A,4.0
P/HN/23/62435,Computer Science,HND2,Male,29,Kogi,Simon,Abiola,simon.abiola@yabatech.edu.ng,485-345-8366x94105,2024/2025,1st Semester,STA 111,Intro to Statistics,2,61,23,54,77,A,4.0
F/HN/23/244,Computer Science,HND2,Male,24,Ondo,Gloria,Balogun,gloria.balogun@yabatech.edu.ng,001-246-940-4482x38614,2024/2025,1st Semester,COM 112,Digital Electronics,3,94,21,50,71,AB,3.5
F/HN/23/244,Computer Science,HND2,Male,24,Ondo,Gloria,Balogun,gloria.balogun@yabatech.edu.ng,001-246-940-4482x38614,2024/2025,1st Semester,COM 101,Intro to Computing,4,91,23,54,77,A,4.0
F/HN/23/244,Computer Science,HND2,Male,24,Ondo,Gloria,Balogun,gloria.balogun@yabatech.edu.ng,001-246-940-4482x38614,2024/2025,1st Semester,MTH 111,Logic & Linear Algebra,2,74,20,47,67,B,3.25
F/HN/23/244,Computer Science,HND2,Male,24,Ondo,Gloria,Balogun,gloria.balogun@yabatech.edu.ng,001-246-940-4482x38614,2024/2025,1st Semester,STA 111,Intro to Statistics,2,80,21,50,71,AB,3.5
F/HN/23/244,Computer Science,HND2,Male,24,Ondo,Gloria,Balogun,gloria.balogun@yabatech.edu.ng,001-246-940-4482x38614,2024/2025,1st Semester,COM 113,Intro to Programming,4,100,24,56,80,A,4.0
F/HN/23/50687,Electrical Engineering,HND1,Female,25,Enugu,Michael,Balogun,michael.balogun@yabatech.edu.ng,568.573.9738,2024/2025,1st Semester,EEC 115,Electrical Graphics,2,98,19,45,64,BC,3.0
F/HN/23/50687,Electrical Engineering,HND1,Female,25,Enugu,Michael,Balogun,michael.balogun@yabatech.edu.ng,568.573.9738,2024/2025,1st Semester,GNS 101,Use of English,2,79,20,47,67,B,3.25
F/HN/23/50687,Electrical Engineering,HND1,Female,25,Enugu,Michael,Balogun,michael.balogun@yabatech.edu.ng,568.573.9738,2024/2025,1st Semester,EEC 111,Electrical Science,3,93,19,45,64,BC,3.0
F/HN/23/50687,Electrical Engineering,HND1,Female,25,Enugu,Michael,Balogun,michael.balogun@yabatech.edu.ng,568.573.9738,2024/2025,1st Semester,MTH 111,Logic & Linear Algebra,2,75,17,40,57,C,2.75
F/HN/23/50687,Electrical Engineering,HND1,Female,25,Enugu,Michael,Balogun,michael.balogun@yabatech.edu.ng,568.573.9738,2024/2025,1st Semester,MEC 112,Mechanical Workshop,2,90,18,42,60,BC,3.0
F/ND/23/4734,Science Lab Tech,ND1,Male,18,Zamfara,Peace,Nnamani,peace.nnamani@yabatech.edu.ng,396-970-5576x048,2024/2025,1st Semester,STB 111,General Biology,3,51,16,38,54,CD,2.5
F/ND/23/4734,Science Lab Tech,ND1,Male,18,Zamfara,Peace,Nnamani,peace.nnamani@yabatech.edu.ng,396-970-5576x048,2024/2025,1st Semester,MTH 111,Logic & Linear Algebra,2,86,17,40,57,C,2.75
F/ND/23/4734,Science Lab Tech,ND1,Male,18,Zamfara,Peace,Nnamani,peace.nnamani@yabatech.edu.ng,396-970-5576x048,2024/2025,1st Semester,GLT 111,General Lab Techniques,4,84,21,50,71,AB,3.5
F/ND/23/4734,Science Lab Tech,ND1,Male,18,Zamfara,Peace,Nnamani,peace.nnamani@yabatech.edu.ng,396-970-5576x048,2024/2025,1st Semester,STC 112,General Chemistry,3,68,16,37,53,CD,2.5
F/ND/23/4734,Science Lab Tech,ND1,Male,18,Zamfara,Peace,Nnamani,peace.nnamani@yabatech.edu.ng,396-970-5576x048,2024/2025,1st Semester,GNS 101,Use of English,2,86,16,39,55,C,2.75
P/ND/23/27630,Computer Science,ND2,Female,24,Rivers,Gabriel,Balogun,gabriel.balogun@yabatech.edu.ng,+1-641-885-4408,2024/2025,1st Semester,COM 113,Intro to Programming,4,100,24,56,80,A,4.0
P/ND/23/27630,Computer Science,ND2,Female,24,Rivers,Gabriel,Balogun,gabriel.balogun@yabatech.edu.ng,+1-641-885-4408,2024/2025,1st Semester,COM 101,Intro to Computing,4,100,21,49,70,AB,3.5
P/ND/23/27630,Computer Science,ND2,Female,24,Rivers,Gabriel,Balogun,gabriel.balogun@yabatech.edu.ng,+1-641-885-4408,2024/2025,1st Semester,MTH 111,Logic & Linear Algebra,2,95,20,47,67,B,3.25
P/ND/23/27630,Computer Science,ND2,Female,24,Rivers,Gabriel,Balogun,gabriel.balogun@yabatech.edu.ng,+1-641-885-4408,2024/2025,1st Semester,STA 111,Intro to Statistics,2,100,22,52,74,AB,3.5
P/ND/23/27630,Computer Science,ND2,Female,24,Rivers,Gabriel,Balogun,gabriel.balogun@yabatech.edu.ng,+1-641-885-4408,2024/2025,1st Semester,GNS 101,Use of English,2,89,21,49,70,AB,3.5
P/ND/23/27630,Computer Science,ND2,Female,24,Rivers,Gabriel,Balogun,gabriel.balogun@yabatech.edu.ng,+1-641-885-4408,2024/2025,1st Semester,COM 112,Digital Electronics,3,84,26,61,87,A,4.0
F/ND/23/45902,Civil Engineering,ND1,Female,16,Kano,Cornelius,Ekwueme,cornelius.ekwueme@yabatech.edu.ng,(447)305-0292,2024/2025,1st Semester,CEC 101,Engineering Drawing,3,64,11,25,36,F,0.0
F/ND/23/45902,Civil Engineering,ND1,Female,16,Kano,Cornelius,Ekwueme,cornelius.ekwueme@yabatech.edu.ng,(447)305-0292,2024/2025,1st Semester,MEC 101,Workshop Technology,2,66,11,27,38,F,0.0
F/ND/23/45902,Civil Engineering,ND1,Female,16,Kano,Cornelius,Ekwueme,cornelius.ekwueme@yabatech.edu.ng,(447)305-0292,2024/2025,1st Semester,CEC 110,Fluid Mechanics,4,54,15,36,51,CD,2.5
F/HN/23/53467,Electrical Engineering,HND2,Female,22,Yobe,Sarah,Balogun,sarah.balogun@yabatech.edu.ng,001-761-843-8693x907,2024/2025,1st Semester,EEC 111,Electrical Science,3,70,11,27,38,F,0.0
F/HN/23/53467,Electrical Engineering,HND2,Female,22,Yobe,Sarah,Balogun,sarah.balogun@yabatech.edu.ng,001-761-843-8693x907,2024/2025,1st Semester,MEC 112,Mechanical Workshop,2,54,15,36,51,CD,2.5
F/HN/23/53467,Electrical Engineering,HND2,Female,22,Yobe,Sarah,Balogun,sarah.balogun@yabatech.edu.ng,001-761-843-8693x907,2024/2025,1st Semester,GNS 101,Use of English,2,45,9,22,31,F,0.0
F/HN/23/53467,Electrical Engineering,HND2,Female,22,Yobe,Sarah,Balogun,sarah.balogun@yabatech.edu.ng,001-761-843-8693x907,2024/2025,1st Semester,MTH 111,Logic & Linear Algebra,2,64,9,23,32,F,0.0
F/HN/23/53467,Electrical Engineering,HND2,Female,22,Yobe,Sarah,Balogun,sarah.balogun@yabatech.edu.ng,001-761-843-8693x907,2024/2025,1st Semester,EEC 115,Electrical Graphics,2,62,13,31,44,E,2.0
P/ND/23/51950,Science Lab Tech,ND2,Male,28,Ondo,Mark,Ojo,mark.ojo@yabatech.edu.ng,974.505.5644x969,2024/2025,1st Semester,MTH 111,Logic & Linear Algebra,2,87,16,37,53,CD,2.5
P/ND/23/51950,Science Lab Tech,ND2,Male,28,Ondo,Mark,Ojo,mark.ojo@yabatech.edu.ng,974.505.5644x969,2024/2025,1st Semester,GLT 111,General Lab Techniques,4,75,18,43,61,BC,3.0
P/ND/23/51950,Science Lab Tech,ND2,Male,28,Ondo,Mark,Ojo,mark.ojo@yabatech.edu.ng,974.505.5644x969,2024/2025,1st Semester,STC 112,General Chemistry,3,89,16,38,54,CD,2.5
P/ND/23/51950,Science Lab Tech,ND2,Male,28,Ondo,Mark,Ojo,mark.ojo@yabatech.edu.ng,974.505.5644x969,2024/2025,1st Semester,GNS 101,Use of English,2,86,19,45,64,BC,3.0
P/ND/23/51950,Science Lab Tech,ND2,Male,28,Ondo,Mark,Ojo,mark.ojo@yabatech.edu.ng,974.505.5644x969,2024/2025,1st Semester,STB 111,General Biology,3,64,21,50,71,AB,3.5
F/ND/23/49939,Science Lab Tech,ND2,Male,26,Imo,Hope,Okafor,hope.okafor@yabatech.edu.ng,+1-240-845-9748x05466,2024/2025,1st Semester,STC 112,General Chemistry,3,51,14,34,48,D,2.25
F/ND/23/49939,Science Lab Tech,ND2,Male,26,Imo,Hope,Okafor,hope.okafor@yabatech.edu.ng,+1-240-845-9748x05466,2024/2025,1st Semester,GNS 101,Use of English,2,63,16,39,55,C,2.75
F/ND/23/49939,Science Lab Tech,ND2,Male,26,Imo,Hope,Okafor,hope.okafor@yabatech.edu.ng,+1-240-845-9748x05466,2024/2025,1st Semester,GLT 111,General Lab Techniques,4,72,16,39,55,C,2.75
F/ND/23/49939,Science Lab Tech,ND2,Male,26,Imo,Hope,Okafor,hope.okafor@yabatech.edu.ng,+1-240-845-9748x05466,2024/2025,1st Semester,STB 111,General Biology,3,54,16,39,55,C,2.75
F/ND/23/49939,Science Lab Tech,ND2,Male,26,Imo,Hope,Okafor,hope.okafor@yabatech.edu.ng,+1-240-845-9748x05466,2024/2025,1st Semester,MTH 111,Logic & Linear Algebra,2,72,16,37,53,CD,2.5
P/HN/23/8927,Business Administration,HND1,Male,16,Kaduna,Faith,Akinwale,faith.akinwale@yabatech.edu.ng,(842)975-6772x901,2024/2025,1st Semester,BAM 101,Intro to Business Admin,3,78,10,23,33,F,0.0
P/HN/23/8927,Business Administration,HND1,Male,16,Kaduna,Faith,Akinwale,faith.akinwale@yabatech.edu.ng,(842)975-6772x901,2024/2025,1st Semester,ACC 111,Intro to Accounting,3,58,8,19,27,F,0.0
P/HN/23/8927,Business Administration,HND1,Male,16,Kaduna,Faith,Akinwale,faith.akinwale@yabatech.edu.ng,(842)975-6772x901,2024/2025,1st Semester,ECO 101,Intro to Economics,2,45,6,15,21,F,0.0
F/ND/23/74419,Mass Communication,ND1,Male,25,Abia,Mary,Balogun,mary.balogun@yabatech.edu.ng,8969547342,2024/2025,1st Semester,MAC 101,Intro to Mass Comm,3,73,23,55,78,A,4.0
F/ND/23/74419,Mass Communication,ND1,Male,25,Abia,Mary,Balogun,mary.balogun@yabatech.edu.ng,8969547342,2024/2025,1st Semester,GNS 101,Use of English,2,91,26,61,87,A,4.0
F/ND/23/74419,Mass Communication,ND1,Male,25,Abia,Mary,Balogun,mary.balogun@yabatech.edu.ng,8969547342,2024/2025,1st Semester,GNS 127,Citizenship Education,2,89,28,65,93,A,4.0
F/ND/23/74419,Mass Communication,ND1,Male,25,Abia,Mary,Balogun,mary.balogun@yabatech.edu.ng,8969547342,2024/2025,1st Semester,MAC 115,News Writing,3,43,21,50,71,AB,3.5
F/ND/23/74419,Mass Communication,ND1,Male,25,Abia,Mary,Balogun,mary.balogun@yabatech.edu.ng,8969547342,2024/2025,1st Semester,MAC 107,Intro to Broadcasting,3,74,27,65,92,A,4.0
P/ND/23/40832,Mass Communication,ND2,Male,20,Kogi,Sarah,Olawale,sarah.olawale@yabatech.edu.ng,517-479-4586x9425,2024/2025,1st Semester,MAC 107,Intro to Broadcasting,3,31,9,23,32,F,0.0
P/ND/23/40832,Mass Communication,ND2,Male,20,Kogi,Sarah,Olawale,sarah.olawale@yabatech.edu.ng,517-479-4586x9425,2024/2025,1st Semester,GNS 127,Citizenship Education,2,84,10,25,35,F,0.0
P/ND/23/40832,Mass Communication,ND2,Male,20,Kogi,Sarah,Olawale,sarah.olawale@yabatech.edu.ng,517-479-4586x9425,2024/2025,1st Semester,GNS 101,Use of English,2,31,8,20,28,F,0.0
P/ND/23/40832,Mass Communication,ND2,Male,20,Kogi,Sarah,Olawale,sarah.olawale@yabatech.edu.ng,517-479-4586x9425,2024/2025,1st Semester,MAC 101,Intro to Mass Comm,3,63,11,27,38,F,0.0
P/ND/23/40832,Mass Communication,ND2,Male,20,Kogi,Sarah,Olawale,sarah.olawale@yabatech.edu.ng,517-479-4586x9425,2024/2025,1st Semester,MAC 115,News Writing,3,60,9,21,30,F,0.0
F/HN/23/41643,Science Lab Tech,HND1,Female,26,Kaduna,Paul,Oshodi,paul.oshodi@yabatech.edu.ng,940-959-1881x8994,2024/2025,1st Semester,GNS 101,Use of English,2,75,24,56,80,A,4.0
F/HN/23/41643,Science Lab Tech,HND1,Female,26,Kaduna,Paul,Oshodi,paul.oshodi@yabatech.edu.ng,940-959-1881x8994,2024/2025,1st Semester,STB 111,General Biology,3,66,23,54,77,A,4.0
F/HN/23/41643,Science Lab Tech,HND1,Female,26,Kaduna,Paul,Oshodi,paul.oshodi@yabatech.edu.ng,940-959-1881x8994,2024/2025,1st Semester,STC 112,General Chemistry,3,95,27,63,90,A,4.0
F/HN/23/41643,Science Lab Tech,HND1,Female,26,Kaduna,Paul,Oshodi,paul.oshodi@yabatech.edu.ng,940-959-1881x8994,2024/2025,1st Semester,GLT 111,General Lab Techniques,4,84,24,57,81,A,4.0
F/HN/23/41643,Science Lab Tech,HND1,Female,26,Kaduna,Paul,Oshodi,paul.oshodi@yabatech.edu.ng,940-959-1881x8994,2024/2025,1st Semester,MTH 111,Logic & Linear Algebra,2,93,26,62,88,A,4.0
P/HN/23/86298,Mass Communication,HND2,Male,28,Gombe,John,Akinwale,john.akinwale@yabatech.edu.ng,328.499.6022x888,2024/2025,1st Semester,MAC 101,Intro to Mass Comm,3,38,7,16,23,F,0.0
P/HN/23/86298,Mass Communication,HND2,Male,28,Gombe,John,Akinwale,john.akinwale@yabatech.edu.ng,328.499.6022x888,2024/2025,1st Semester,GNS 101,Use of English,2,32,7,17,24,F,0.0
P/HN/23/86298,Mass Communication,HND2,Male,28,Gombe,John,Akinwale,john.akinwale@yabatech.edu.ng,328.499.6022x888,2024/2025,1st Semester,MAC 107,Intro to Broadcasting,3,76,14,33,47,D,2.25
P/HN/23/86298,Mass Communication,HND2,Male,28,Gombe,John,Akinwale,john.akinwale@yabatech.edu.ng,328.499.6022x888,2024/2025,1st Semester,MAC 115,News Writing,3,88,12,28,40,E,2.0
P/HN/23/86298,Mass Communication,HND2,Male,28,Gombe,John,Akinwale,john.akinwale@yabatech.edu.ng,328.499.6022x888,2024/2025,1st Semester,GNS 127,Citizenship Education,2,35,9,21,30,F,0.0
F/ND/23/2975,Electrical Engineering,ND1,Female,25,Yobe,Joseph,Akinwale,joseph.akinwale@yabatech.edu.ng,(399)513-1715,2024/2025,1st Semester,MEC 112,Mechanical Workshop,2,43,7,16,23,F,0.0
F/ND/23/2975,Electrical Engineering,ND1,Female,25,Yobe,Joseph,Akinwale,joseph.akinwale@yabatech.edu.ng,(399)513-1715,2024/2025,1st Semester,EEC 111,Electrical Science,3,39,7,16,23,F,0.0
F/ND/23/2975,Electrical Engineering,ND1,Female,25,Yobe,Joseph,Akinwale,joseph.akinwale@yabatech.edu.ng,(399)513-1715,2024/2025,1st Semester,EEC 115,Electrical Graphics,2,33,5,11,16,F,0.0
F/ND/23/2975,Electrical Engineering,ND1,Female,25,Yobe,Joseph,Akinwale,joseph.akinwale@yabatech.edu.ng,(399)513-1715,2024/2025,1st Semester,MTH 111,Logic & Linear Algebra,2,44,4,10,14,F,0.0
F/ND/23/2975,Electrical Engineering,ND1,Female,25,Yobe,Joseph,Akinwale,joseph.akinwale@yabatech.edu.ng,(399)513-1715,2024/2025,1st Semester,GNS 101,Use of English,2,73,15,35,50,CD,2.5
F/HN/23/26686,Business Administration,HND2,Male,16,Borno,Victoria,Adeyemi,victoria.adeyemi@yabatech.edu.ng,(969)365-5910x46635,2024/2025,1st Semester,BAM 101,Intro to Business Admin,3,64,12,28,40,E,2.0
F/HN/23/26686,Business Administration,HND2,Male,16,Borno,Victoria,Adeyemi,victoria.adeyemi@yabatech.edu.ng,(969)365-5910x46635,2024/2025,1st Semester,ACC 111,Intro to Accounting,3,53,11,27,38,F,0.0
F/HN/23/26686,Business Administration,HND2,Male,16,Borno,Victoria,Adeyemi,victoria.adeyemi@yabatech.edu.ng,(969)365-5910x46635,2024/2025,1st Semester,ECO 101,Intro to Economics,2,33,4,9,13,F,0.0
P/HN/23/15680,Business Administration,HND2,Male,30,Plateau,Peter,Ojo,peter.ojo@yabatech.edu.ng,+1-324-360-6114,2024/2025,1st Semester,BAM 101,Intro to Business Admin,3,39,10,24,34,F,0.0
P/HN/23/15680,Business Administration,HND2,Male,30,Plateau,Peter,Ojo,peter.ojo@yabatech.edu.ng,+1-324-360-6114,2024/2025,1st Semester,ACC 111,Intro to Accounting,3,52,14,32,46,D,2.25
P/HN/23/15680,Business Administration,HND2,Male,30,Plateau,Peter,Ojo,peter.ojo@yabatech.edu.ng,+1-324-360-6114,2024/2025,1st Semester,ECO 101,Intro to Economics,2,63,14,34,48,D,2.25
F/HN/23/74170,Computer Science,HND1,Female,24,Rivers,Andrew,Oyekan,andrew.oyekan@yabatech.edu.ng,(391)330-0407x356,2024/2025,1st Semester,GNS 101,Use of English,2,98,27,63,90,A,4.0
F/HN/23/74170,Computer Science,HND1,Female,24,Rivers,Andrew,Oyekan,andrew.oyekan@yabatech.edu.ng,(391)330-0407x356,2024/2025,1st Semester,MTH 111,Logic & Linear Algebra,2,99,28,66,94,A,4.0
F/HN/23/74170,Computer Science,HND1,Female,24,Rivers,Andrew,Oyekan,andrew.oyekan@yabatech.edu.ng,(391)330-0407x356,2024/2025,1st Semester,COM 113,Intro to Programming,4,66,29,67,96,A,4.0
F/HN/23/74170,Computer Science,HND1,Female,24,Rivers,Andrew,Oyekan,andrew.oyekan@yabatech.edu.ng,(391)330-0407x356,2024/2025,1st Semester,STA 111,Intro to Statistics,2,100,29,68,97,A,4.0
F/HN/23/74170,Computer Science,HND1,Female,24,Rivers,Andrew,Oyekan,andrew.oyekan@yabatech.edu.ng,(391)330-0407x356,2024/2025,1st Semester,COM 112,Digital Electronics,3,64,24,57,81,A,4.0
F/HN/23/74170,Computer Science,HND1,Female,24,Rivers,Andrew,Oyekan,andrew.oyekan@yabatech.edu.ng,(391)330-0407x356,2024/2025,1st Semester,COM 101,Intro to Computing,4,98,25,58,83,A,4.0
F/ND/23/52408,Science Lab Tech,ND2,Male,16,Yobe,Nathaniel,Ibrahim,nathaniel.ibrahim@yabatech.edu.ng,+1-886-374-7461x607,2024/2025,1st Semester,STC 112,General Chemistry,3,67,8,19,27,F,0.0
F/ND/23/52408,Science Lab Tech,ND2,Male,16,Yobe,Nathaniel,Ibrahim,nathaniel.ibrahim@yabatech.edu.ng,+1-886-374-7461x607,2024/2025,1st Semester,GLT 111,General Lab Techniques,4,66,12,29,41,E,2.0
F/ND/23/52408,Science Lab Tech,ND2,Male,16,Yobe,Nathaniel,Ibrahim,nathaniel.ibrahim@yabatech.edu.ng,+1-886-374-7461x607,2024/2025,1st Semester,MTH 111,Logic & Linear Algebra,2,59,10,24,34,F,0.0
F/ND/23/52408,Science Lab Tech,ND2,Male,16,Yobe,Nathaniel,Ibrahim,nathaniel.ibrahim@yabatech.edu.ng,+1-886-374-7461x607,2024/2025,1st Semester,GNS 101,Use of English,2,61,7,17,24,F,0.0
F/ND/23/52408,Science Lab Tech,ND2,Male,16,Yobe,Nathaniel,Ibrahim,nathaniel.ibrahim@yabatech.edu.ng,+1-886-374-7461x607,2024/2025,1st Semester,STB 111,General Biology,3,35,7,17,24,F,0.0
P/HN/23/45534,Business Administration,HND2,Male,18,Abia,Juliet,Oyekan,juliet.oyekan@yabatech.edu.ng,(623)785-9841,2024/2025,1st Semester,BAM 101,Intro to Business Admin,3,100,21,50,71,AB,3.5
P/HN/23/45534,Business Administration,HND2,Male,18,Abia,Juliet,Oyekan,juliet.oyekan@yabatech.edu.ng,(623)785-9841,2024/2025,1st Semester,ECO 101,Intro to Economics,2,57,20,47,67,B,3.25
P/HN/23/45534,Business Administration,HND2,Male,18,Abia,Juliet,Oyekan,juliet.oyekan@yabatech.edu.ng,(623)785-9841,2024/2025,1st Semester,ACC 111,Intro to Accounting,3,67,23,55,78,A,4.0
P/ND/23/54701,Electrical Engineering,ND1,Male,22,Abia,Angela,Abiola,angela.abiola@yabatech.edu.ng,737-204-4306,2024/2025,1st Semester,EEC 115,Electrical Graphics,2,91,23,54,77,A,4.0
P/ND/23/54701,Electrical Engineering,ND1,Male,22,Abia,Angela,Abiola,angela.abiola@yabatech.edu.ng,737-204-4306,2024/2025,1st Semester,MTH 111,Logic & Linear Algebra,2,100,18,44,62,BC,3.0
P/ND/23/54701,Electrical Engineering,ND1,Male,22,Abia,Angela,Abiola,angela.abiola@yabatech.edu.ng,737-204-4306,2024/2025,1st Semester,EEC 111,Electrical Science,3,64,21,51,72,AB,3.5
P/ND/23/54701,Electrical Engineering,ND1,Male,22,Abia,Angela,Abiola,angela.abiola@yabatech.edu.ng,737-204-4306,2024/2025,1st Semester,GNS 101,Use of English,2,85,21,49,70,AB,3.5
P/ND/23/54701,Electrical Engineering,ND1,Male,22,Abia,Angela,Abiola,angela.abiola@yabatech.edu.ng,737-204-4306,2024/2025,1st Semester,MEC 112,Mechanical Workshop,2,68,23,54,77,A,4.0
F/ND/23/33434,Civil Engineering,ND1,Male,20,Zamfara,Emmanuel,Chukwu,emmanuel.chukwu@yabatech.edu.ng,001-629-914-5146x65609,2024/2025,1st Semester,CEC 110,Fluid Mechanics,4,83,26,61,87,A,4.0
F/ND/23/33434,Civil Engineering,ND1,Male,20,Zamfara,Emmanuel,Chukwu,emmanuel.chukwu@yabatech.edu.ng,001-629-914-5146x65609,2024/2025,1st Semester,MEC 101,Workshop Technology,2,89,26,62,88,A,4.0
F/ND/23/33434,Civil Engineering,ND1,Male,20,Zamfara,Emmanuel,Chukwu,emmanuel.chukwu@yabatech.edu.ng,001-629-914-5146x65609,2024/2025,1st Semester,CEC 101,Engineering Drawing,3,81,22,52,74,AB,3.5
P/ND/23/11880,Business Administration,ND2,Male,27,Edo,Angela,Akinwale,angela.akinwale@yabatech.edu.ng,715-411-8930,2024/2025,1st Semester,BAM 101,Intro to Business Admin,3,19,10,25,35,F,0.0
P/ND/23/11880,Business Administration,ND2,Male,27,Edo,Angela,Akinwale,angela.akinwale@yabatech.edu.ng,715-411-8930,2024/2025,1st Semester,ECO 101,Intro to Economics,2,54,17,41,58,C,2.75
P/ND/23/11880,Business Administration,ND2,Male,27,Edo,Angela,Akinwale,angela.akinwale@yabatech.edu.ng,715-411-8930,2024/2025,1st Semester,ACC 111,Intro to Accounting,3,50,16,37,53,CD,2.5
P/HN/23/48436,Mass Communication,HND1,Female,26,Anambra,Daniel,Ogunleye,daniel.ogunleye@yabatech.edu.ng,560.675.2376x69202,2024/2025,1st Semester,GNS 101,Use of English,2,96,25,59,84,A,4.0
P/HN/23/48436,Mass Communication,HND1,Female,26,Anambra,Daniel,Ogunleye,daniel.ogunleye@yabatech.edu.ng,560.675.2376x69202,2024/2025,1st Semester,GNS 127,Citizenship Education,2,75,23,55,78,A,4.0
P/HN/23/48436,Mass Communication,HND1,Female,26,Anambra,Daniel,Ogunleye,daniel.ogunleye@yabatech.edu.ng,560.675.2376x69202,2024/2025,1st Semester,MAC 107,Intro to Broadcasting,3,64,22,52,74,AB,3.5
P/HN/23/48436,Mass Communication,HND1,Female,26,Anambra,Daniel,Ogunleye,daniel.ogunleye@yabatech.edu.ng,560.675.2376x69202,2024/2025,1st Semester,MAC 115,News Writing,3,100,20,48,68,B,3.25
P/HN/23/48436,Mass Communication,HND1,Female,26,Anambra,Daniel,Ogunleye,daniel.ogunleye@yabatech.edu.ng,560.675.2376x69202,2024/2025,1st Semester,MAC 101,Intro to Mass Comm,3,76,21,50,71,AB,3.5
F/ND/23/57312,Business Administration,ND2,Male,26,Borno,Mary,Eze,mary.eze@yabatech.edu.ng,+1-301-625-1580,2024/2025,1st Semester,ECO 101,Intro to Economics,2,64,16,37,53,CD,2.5
F/ND/23/57312,Business Administration,ND2,Male,26,Borno,Mary,Eze,mary.eze@yabatech.edu.ng,+1-301-625-1580,2024/2025,1st Semester,BAM 101,Intro to Business Admin,3,68,17,40,57,C,2.75
F/ND/23/57312,Business Administration,ND2,Male,26,Borno,Mary,Eze,mary.eze@yabatech.edu.ng,+1-301-625-1580,2024/2025,1st Semester,ACC 111,Intro to Accounting,3,38,7,18,25,F,0.0
P/HN/23/16060,Mass Communication,HND1,Female,30,Plateau,Charity,Uche,charity.uche@yabatech.edu.ng,806-501-3486x647,2024/2025,1st Semester,GNS 101,Use of English,2,78,27,63,90,A,4.0
P/HN/23/16060,Mass Communication,HND1,Female,30,Plateau,Charity,Uche,charity.uche@yabatech.edu.ng,806-501-3486x647,2024/2025,1st Semester,MAC 115,News Writing,3,79,28,67,95,A,4.0
P/HN/23/16060,Mass Communication,HND1,Female,30,Plateau,Charity,Uche,charity.uche@yabatech.edu.ng,806-501-3486x647,2024/2025,1st Semester,GNS 127,Citizenship Education,2,67,26,62,88,A,4.0
P/HN/23/16060,Mass Communication,HND1,Female,30,Plateau,Charity,Uche,charity.uche@yabatech.edu.ng,806-501-3486x647,2024/2025,1st Semester,MAC 107,Intro to Broadcasting,3,63,24,57,81,A,4.0
P/HN/23/16060,Mass Communication,HND1,Female,30,Plateau,Charity,Uche,charity.uche@yabatech.edu.ng,806-501-3486x647,2024/2025,1st Semester,MAC 101,Intro to Mass Comm,3,66,26,61,87,A,4.0
P/HN/23/64869,Civil Engineering,HND1,Female,26,Kwara,John,Ojo,john.ojo@yabatech.edu.ng,514.659.3484x531,2024/2025,1st Semester,CEC 101,Engineering Drawing,3,51,11,26,37,F,0.0
P/HN/23/64869,Civil Engineering,HND1,Female,26,Kwara,John,Ojo,john.ojo@yabatech.edu.ng,514.659.3484x531,2024/2025,1st Semester,CEC 110,Fluid Mechanics,4,46,8,19,27,F,0.0
P/HN/23/64869,Civil Engineering,HND1,Female,26,Kwara,John,Ojo,john.ojo@yabatech.edu.ng,514.659.3484x531,2024/2025,1st Semester,MEC 101,Workshop Technology,2,28,9,21,30,F,0.0
P/ND/23/97222,Electrical Engineering,ND1,Male,27,Gombe,Mark,Ogunleye,mark.ogunleye@yabatech.edu.ng,929.520.3486,2024/2025,1st Semester,MEC 112,Mechanical Workshop,2,86,22,53,75,A,4.0
P/ND/23/97222,Electrical Engineering,ND1,Male,27,Gombe,Mark,Ogunleye,mark.ogunleye@yabatech.edu.ng,929.520.3486,2024/2025,1st Semester,GNS 101,Use of English,2,84,25,59,84,A,4.0
P/ND/23/97222,Electrical Engineering,ND1,Male,27,Gombe,Mark,Ogunleye,mark.ogunleye@yabatech.edu.ng,929.520.3486,2024/2025,1st Semester,EEC 115,Electrical Graphics,2,80,23,54,77,A,4.0
P/ND/23/97222,Electrical Engineering,ND1,Male,27,Gombe,Mark,Ogunleye,mark.ogunleye@yabatech.edu.ng,929.520.3486,2024/2025,1st Semester,MTH 111,Logic & Linear Algebra,2,70,26,61,87,A,4.0
P/ND/23/97222,Electrical Engineering,ND1,Male,27,Gombe,Mark,Ogunleye,mark.ogunleye@yabatech.edu.ng,929.520.3486,2024/2025,1st Semester,EEC 111,Electrical Science,3,91,23,53,76,A,4.0
P/HN/23/86587,Electrical Engineering,HND1,Female,25,Kogi,Faith,Olawale,faith.olawale@yabatech.edu.ng,2205795809,2024/2025,1st Semester,MTH 111,Logic & Linear Algebra,2,87,17,40,57,C,2.75
P/HN/23/86587,Electrical Engineering,HND1,Female,25,Kogi,Faith,Olawale,faith.olawale@yabatech.edu.ng,2205795809,2024/2025,1st Semester,EEC 115,Electrical Graphics,2,49,13,32,45,D,2.25
P/HN/23/86587,Electrical Engineering,HND1,Female,25,Kogi,Faith,Olawale,faith.olawale@yabatech.edu.ng,2205795809,2024/2025,1st Semester,MEC 112,Mechanical Workshop,2,79,18,43,61,BC,3.0
P/HN/23/86587,Electrical Engineering,HND1,Female,25,Kogi,Faith,Olawale,faith.olawale@yabatech.edu.ng,2205795809,2024/2025,1st Semester,GNS 101,Use of English,2,54,16,39,55,C,2.75
P/HN/23/86587,Electrical Engineering,HND1,Female,25,Kogi,Faith,Olawale,faith.olawale@yabatech.edu.ng,2205795809,2024/2025,1st Semester,EEC 111,Electrical Science,3,95,16,39,55,C,2.75
P/HN/23/10902,Science Lab Tech,HND1,Female,18,Nasarawa,Esther,Adetokunbo,esther.adetokunbo@yabatech.edu.ng,976.736.9825x2154,2024/2025,1st Semester,STB 111,General Biology,3,79,26,61,87,A,4.0
P/HN/23/10902,Science Lab Tech,HND1,Female,18,Nasarawa,Esther,Adetokunbo,esther.adetokunbo@yabatech.edu.ng,976.736.9825x2154,2024/2025,1st Semester,GNS 101,Use of English,2,78,25,60,85,A,4.0
P/HN/23/10902,Science Lab Tech,HND1,Female,18,Nasarawa,Esther,Adetokunbo,esther.adetokunbo@yabatech.edu.ng,976.736.9825x2154,2024/2025,1st Semester,STC 112,General Chemistry,3,80,25,59,84,A,4.0
P/HN/23/10902,Science Lab Tech,HND1,Female,18,Nasarawa,Esther,Adetokunbo,esther.adetokunbo@yabatech.edu.ng,976.736.9825x2154,2024/2025,1st Semester,GLT 111,General Lab Techniques,4,70,28,66,94,A,4.0
P/HN/23/10902,Science Lab Tech,HND1,Female,18,Nasarawa,Esther,Adetokunbo,esther.adetokunbo@yabatech.edu.ng,976.736.9825x2154,2024/2025,1st Semester,MTH 111,Logic & Linear Algebra,2,85,25,59,84,A,4.0
P/HN/23/63801,Business Administration,HND2,Female,22,Bayelsa,Ruth,Ibrahim,ruth.ibrahim@yabatech.edu.ng,001-869-921-4361x0723,2024/2025,1st Semester,ECO 101,Intro to Economics,2,24,9,22,31,F,0.0
P/HN/23/63801,Business Administration,HND2,Female,22,Bayelsa,Ruth,Ibrahim,ruth.ibrahim@yabatech.edu.ng,001-869-921-4361x0723,2024/2025,1st Semester,BAM 101,Intro to Business Admin,3,50,14,32,46,D,2.25
P/HN/23/63801,Business Administration,HND2,Female,22,Bayelsa,Ruth,Ibrahim,ruth.ibrahim@yabatech.edu.ng,001-869-921-4361x0723,2024/2025,1st Semester,ACC 111,Intro to Accounting,3,31,8,18,26,F,0.0
P/ND/23/64563,Civil Engineering,ND2,Male,20,Delta,Emmanuel,Oshodi,emmanuel.oshodi@yabatech.edu.ng,250-951-6823x78889,2024/2025,1st Semester,CEC 101,Engineering Drawing,3,46,7,16,23,F,0.0
P/ND/23/64563,Civil Engineering,ND2,Male,20,Delta,Emmanuel,Oshodi,emmanuel.oshodi@yabatech.edu.ng,250-951-6823x78889,2024/2025,1st Semester,MEC 101,Workshop Technology,2,61,12,30,42,E,2.0
P/ND/23/64563,Civil Engineering,ND2,Male,20,Delta,Emmanuel,Oshodi,emmanuel.oshodi@yabatech.edu.ng,250-951-6823x78889,2024/2025,1st Semester,CEC 110,Fluid Mechanics,4,33,4,11,15,F,0.0
F/HN/23/75929,Electrical Engineering,HND1,Male,30,Sokoto,James,Obasanjo,james.obasanjo@yabatech.edu.ng,+1-642-263-8540,2024/2025,1st Semester,EEC 111,Electrical Science,3,76,7,17,24,F,0.0
F/HN/23/75929,Electrical Engineering,HND1,Male,30,Sokoto,James,Obasanjo,james.obasanjo@yabatech.edu.ng,+1-642-263-8540,2024/2025,1st Semester,GNS 101,Use of English,2,35,1,4,5,F,0.0
F/HN/23/75929,Electrical Engineering,HND1,Male,30,Sokoto,James,Obasanjo,james.obasanjo@yabatech.edu.ng,+1-642-263-8540,2024/2025,1st Semester,MEC 112,Mechanical Workshop,2,66,12,28,40,E,2.0
F/HN/23/75929,Electrical Engineering,HND1,Male,30,Sokoto,James,Obasanjo,james.obasanjo@yabatech.edu.ng,+1-642-263-8540,2024/2025,1st Semester,EEC 115,Electrical Graphics,2,49,1,2,3,F,0.0
F/HN/23/75929,Electrical Engineering,HND1,Male,30,Sokoto,James,Obasanjo,james.obasanjo@yabatech.edu.ng,+1-642-263-8540,2024/2025,1st Semester,MTH 111,Logic & Linear Algebra,2,68,6,15,21,F,0.0
F/ND/23/62753,Civil Engineering,ND1,Male,27,Anambra,Benjamin,Ojo,benjamin.ojo@yabatech.edu.ng,(272)380-4136x738,2024/2025,1st Semester,CEC 101,Engineering Drawing,3,46,17,41,58,C,2.75
F/ND/23/62753,Civil Engineering,ND1,Male,27,Anambra,Benjamin,Ojo,benjamin.ojo@yabatech.edu.ng,(272)380-4136x738,2024/2025,1st Semester,CEC 110,Fluid Mechanics,4,40,12,29,41,E,2.0
F/ND/23/62753,Civil Engineering,ND1,Male,27,Anambra,Benjamin,Ojo,benjamin.ojo@yabatech.edu.ng,(272)380-4136x738,2024/2025,1st Semester,MEC 101,Workshop Technology,2,38,11,26,37,F,0.0
F/ND/23/96514,Business Administration,ND2,Female,24,Anambra,James,Okonkwo,james.okonkwo@yabatech.edu.ng,(311)694-7678,2024/2025,1st Semester,ACC 111,Intro to Accounting,3,31,8,20,28,F,0.0
F/ND/23/96514,Business Administration,ND2,Female,24,Anambra,James,Okonkwo,james.okonkwo@yabatech.edu.ng,(311)694-7678,2024/2025,1st Semester,BAM 101,Intro to Business Admin,3,63,15,36,51,CD,2.5
F/ND/23/96514,Business Administration,ND2,Female,24,Anambra,James,Okonkwo,james.okonkwo@yabatech.edu.ng,(311)694-7678,2024/2025,1st Semester,ECO 101,Intro to Economics,2,47,11,25,36,F,0.0
P/HN/23/41675,Computer Science,HND2,Male,21,Imo,Andrew,Balogun,andrew.balogun@yabatech.edu.ng,774.714.4776x5514,2024/2025,1st Semester,COM 101,Intro to Computing,4,51,6,16,22,F,0.0
P/HN/23/41675,Computer Science,HND2,Male,21,Imo,Andrew,Balogun,andrew.balogun@yabatech.edu.ng,774.714.4776x5514,2024/2025,1st Semester,GNS 101,Use of English,2,44,2,5,7,F,0.0
P/HN/23/41675,Computer Science,HND2,Male,21,Imo,Andrew,Balogun,andrew.balogun@yabatech.edu.ng,774.714.4776x5514,2024/2025,1st Semester,MTH 111,Logic & Linear Algebra,2,55,8,20,28,F,0.0
P/HN/23/41675,Computer Science,HND2,Male,21,Imo,Andrew,Balogun,andrew.balogun@yabatech.edu.ng,774.714.4776x5514,2024/2025,1st Semester,STA 111,Intro to Statistics,2,94,8,19,27,F,0.0
P/HN/23/41675,Computer Science,HND2,Male,21,Imo,Andrew,Balogun,andrew.balogun@yabatech.edu.ng,774.714.4776x5514,2024/2025,1st Semester,COM 112,Digital Electronics,3,43,4,10,14,F,0.0
P/HN/23/53315,Mass Communication,HND1,Female,27,Anambra,Ruth,Obi,ruth.obi@yabatech.edu.ng,(864)853-9126x44644,2024/2025,1st Semester,MAC 101,Intro to Mass Comm,3,51,11,26,37,F,0.0
P/HN/23/53315,Mass Communication,HND1,Female,27,Anambra,Ruth,Obi,ruth.obi@yabatech.edu.ng,(864)853-9126x44644,2024/2025,1st Semester,MAC 115,News Writing,3,79,10,24,34,F,0.0
P/HN/23/53315,Mass Communication,HND1,Female,27,Anambra,Ruth,Obi,ruth.obi@yabatech.edu.ng,(864)853-9126x44644,2024/2025,1st Semester,GNS 101,Use of English,2,27,4,9,13,F,0.0
P/HN/23/53315,Mass Communication,HND1,Female,27,Anambra,Ruth,Obi,ruth.obi@yabatech.edu.ng,(864)853-9126x44644,2024/2025,1st Semester,MAC 107,Intro to Broadcasting,3,53,11,27,38,F,0.0
P/HN/23/53315,Mass Communication,HND1,Female,27,Anambra,Ruth,Obi,ruth.obi@yabatech.edu.ng,(864)853-9126x44644,2024/2025,1st Semester,GNS 127,Citizenship Education,2,41,6,15,21,F,0.0
P/HN/23/44483,Mass Communication,HND2,Female,26,Cross River,Andrew,Nnamani,andrew.nnamani@yabatech.edu.ng,269-503-9166x17670,2024/2025,1st Semester,MAC 115,News Writing,3,56,11,27,38,F,0.0
P/HN/23/44483,Mass Communication,HND2,Female,26,Cross River,Andrew,Nnamani,andrew.nnamani@yabatech.edu.ng,269-503-9166x17670,2024/2025,1st Semester,MAC 101,Intro to Mass Comm,3,63,14,32,46,D,2.25
P/HN/23/44483,Mass Communication,HND2,Female,26,Cross River,Andrew,Nnamani,andrew.nnamani@yabatech.edu.ng,269-503-9166x17670,2024/2025,1st Semester,MAC 107,Intro to Broadcasting,3,72,9,22,31,F,0.0
P/HN/23/44483,Mass Communication,HND2,Female,26,Cross River,Andrew,Nnamani,andrew.nnamani@yabatech.edu.ng,269-503-9166x17670,2024/2025,1st Semester,GNS 101,Use of English,2,54,12,30,42,E,2.0
P/HN/23/44483,Mass Communication,HND2,Female,26,Cross River,Andrew,Nnamani,andrew.nnamani@yabatech.edu.ng,269-503-9166x17670,2024/2025,1st Semester,GNS 127,Citizenship Education,2,56,12,28,40,E,2.0
P/ND/23/51644,Electrical Engineering,ND1,Male,26,Nasarawa,Agnes,Uche,agnes.uche@yabatech.edu.ng,639-354-1446x3082,2024/2025,1st Semester,MEC 112,Mechanical Workshop,2,46,3,8,11,F,0.0
P/ND/23/51644,Electrical Engineering,ND1,Male,26,Nasarawa,Agnes,Uche,agnes.uche@yabatech.edu.ng,639-354-1446x3082,2024/2025,1st Semester,EEC 115,Electrical Graphics,2,43,5,13,18,F,0.0
P/ND/23/51644,Electrical Engineering,ND1,Male,26,Nasarawa,Agnes,Uche,agnes.uche@yabatech.edu.ng,639-354-1446x3082,2024/2025,1st Semester,EEC 111,Electrical Science,3,36,3,8,11,F,0.0
P/ND/23/51644,Electrical Engineering,ND1,Male,26,Nasarawa,Agnes,Uche,agnes.uche@yabatech.edu.ng,639-354-1446x3082,2024/2025,1st Semester,MTH 111,Logic & Linear Algebra,2,44,5,13,18,F,0.0
P/ND/23/51644,Electrical Engineering,ND1,Male,26,Nasarawa,Agnes,Uche,agnes.uche@yabatech.edu.ng,639-354-1446x3082,2024/2025,1st Semester,GNS 101,Use of English,2,43,4,10,14,F,0.0
P/HN/23/89213,Electrical Engineering,HND1,Male,20,Rivers,James,Chukwu,james.chukwu@yabatech.edu.ng,(252)541-8054x074,2024/2025,1st Semester,MTH 111,Logic & Linear Algebra,2,85,21,49,70,AB,3.5
P/HN/23/89213,Electrical Engineering,HND1,Male,20,Rivers,James,Chukwu,james.chukwu@yabatech.edu.ng,(252)541-8054x074,2024/2025,1st Semester,EEC 111,Electrical Science,3,64,20,48,68,B,3.25
P/HN/23/89213,Electrical Engineering,HND1,Male,20,Rivers,James,Chukwu,james.chukwu@yabatech.edu.ng,(252)541-8054x074,2024/2025,1st Semester,EEC 115,Electrical Graphics,2,63,22,52,74,AB,3.5
P/HN/23/89213,Electrical Engineering,HND1,Male,20,Rivers,James,Chukwu,james.chukwu@yabatech.edu.ng,(252)541-8054x074,2024/2025,1st Semester,GNS 101,Use of English,2,100,16,38,54,CD,2.5
P/HN/23/89213,Electrical Engineering,HND1,Male,20,Rivers,James,Chukwu,james.chukwu@yabatech.edu.ng,(252)541-8054x074,2024/2025,1st Semester,MEC 112,Mechanical Workshop,2,92,21,50,71,AB,3.5
P/ND/23/76098,Business Administration,ND1,Male,30,Edo,Angela,Okafor,angela.okafor@yabatech.edu.ng,205.397.6821,2024/2025,1st Semester,ACC 111,Intro to Accounting,3,89,19,46,65,B,3.25
P/ND/23/76098,Business Administration,ND1,Male,30,Edo,Angela,Okafor,angela.okafor@yabatech.edu.ng,205.397.6821,2024/2025,1st Semester,ECO 101,Intro to Economics,2,87,23,54,77,A,4.0
P/ND/23/76098,Business Administration,ND1,Male,30,Edo,Angela,Okafor,angela.okafor@yabatech.edu.ng,205.397.6821,2024/2025,1st Semester,BAM 101,Intro to Business Admin,3,68,23,54,77,A,4.0
F/HN/23/58593,Electrical Engineering,HND1,Female,17,Gombe,Daniel,Akinwale,daniel.akinwale@yabatech.edu.ng,5095561900,2024/2025,1st Semester,MEC 112,Mechanical Workshop,2,63,9,23,32,F,0.0
F/HN/23/58593,Electrical Engineering,HND1,Female,17,Gombe,Daniel,Akinwale,daniel.akinwale@yabatech.edu.ng,5095561900,2024/2025,1st Semester,GNS 101,Use of English,2,39,2,6,8,F,0.0
F/HN/23/58593,Electrical Engineering,HND1,Female,17,Gombe,Daniel,Akinwale,daniel.akinwale@yabatech.edu.ng,5095561900,2024/2025,1st Semester,MTH 111,Logic & Linear Algebra,2,42,5,13,18,F,0.0
F/HN/23/58593,Electrical Engineering,HND1,Female,17,Gombe,Daniel,Akinwale,daniel.akinwale@yabatech.edu.ng,5095561900,2024/2025,1st Semester,EEC 115,Electrical Graphics,2,43,6,14,20,F,0.0
F/HN/23/58593,Electrical Engineering,HND1,Female,17,Gombe,Daniel,Akinwale,daniel.akinwale@yabatech.edu.ng,5095561900,2024/2025,1st Semester,EEC 111,Electrical Science,3,48,6,16,22,F,0.0
P/ND/23/4841,Civil Engineering,ND1,Female,26,Edo,Joy,Abiola,joy.abiola@yabatech.edu.ng,607-915-3541,2024/2025,1st Semester,CEC 101,Engineering Drawing,3,42,9,21,30,F,0.0
P/ND/23/4841,Civil Engineering,ND1,Female,26,Edo,Joy,Abiola,joy.abiola@yabatech.edu.ng,607-915-3541,2024/2025,1st Semester,MEC 101,Workshop Technology,2,73,10,24,34,F,0.0
P/ND/23/4841,Civil Engineering,ND1,Female,26,Edo,Joy,Abiola,joy.abiola@yabatech.edu.ng,607-915-3541,2024/2025,1st Semester,CEC 110,Fluid Mechanics,4,38,10,24,34,F,0.0
P/ND/23/26305,Civil Engineering,ND2,Male,26,Nasarawa,Samuel,Okonkwo,samuel.okonkwo@yabatech.edu.ng,7302933115,2024/2025,1st Semester,CEC 110,Fluid Mechanics,4,68,19,45,64,BC,3.0
P/ND/23/26305,Civil Engineering,ND2,Male,26,Nasarawa,Samuel,Okonkwo,samuel.okonkwo@yabatech.edu.ng,7302933115,2024/2025,1st Semester,CEC 101,Engineering Drawing,3,88,20,48,68,B,3.25
P/ND/23/26305,Civil Engineering,ND2,Male,26,Nasarawa,Samuel,Okonkwo,samuel.okonkwo@yabatech.edu.ng,7302933115,2024/2025,1st Semester,MEC 101,Workshop Technology,2,82,22,52,74,AB,3.5
F/HN/23/67091,Civil Engineering,HND1,Female,19,Borno,John,Okonkwo,john.okonkwo@yabatech.edu.ng,(869)955-0764,2024/2025,1st Semester,MEC 101,Workshop Technology,2,72,25,58,83,A,4.0
F/HN/23/67091,Civil Engineering,HND1,Female,19,Borno,John,Okonkwo,john.okonkwo@yabatech.edu.ng,(869)955-0764,2024/2025,1st Semester,CEC 110,Fluid Mechanics,4,89,24,56,80,A,4.0
F/HN/23/67091,Civil Engineering,HND1,Female,19,Borno,John,Okonkwo,john.okonkwo@yabatech.edu.ng,(869)955-0764,2024/2025,1st Semester,CEC 101,Engineering Drawing,3,78,25,58,83,A,4.0
P/ND/23/42842,Mass Communication,ND1,Female,25,Taraba,Comfort,Okafor,comfort.okafor@yabatech.edu.ng,(820)306-7312,2024/2025,1st Semester,GNS 127,Citizenship Education,2,76,20,47,67,B,3.25
P/ND/23/42842,Mass Communication,ND1,Female,25,Taraba,Comfort,Okafor,comfort.okafor@yabatech.edu.ng,(820)306-7312,2024/2025,1st Semester,MAC 101,Intro to Mass Comm,3,83,21,51,72,AB,3.5
P/ND/23/42842,Mass Communication,ND1,Female,25,Taraba,Comfort,Okafor,comfort.okafor@yabatech.edu.ng,(820)306-7312,2024/2025,1st Semester,GNS 101,Use of English,2,77,22,53,75,A,4.0
P/ND/23/42842,Mass Communication,ND1,Female,25,Taraba,Comfort,Okafor,comfort.okafor@yabatech.edu.ng,(820)306-7312,2024/2025,1st Semester,MAC 107,Intro to Broadcasting,3,100,22,52,74,AB,3.5
P/ND/23/42842,Mass Communication,ND1,Female,25,Taraba,Comfort,Okafor,comfort.okafor@yabatech.edu.ng,(820)306-7312,2024/2025,1st Semester,MAC 115,News Writing,3,83,22,53,75,A,4.0
P/ND/23/24030,Science Lab Tech,ND1,Female,17,Gombe,Nathaniel,Okafor,nathaniel.okafor@yabatech.edu.ng,(262)969-3664,2024/2025,1st Semester,STC 112,General Chemistry,3,84,25,58,83,A,4.0
P/ND/23/24030,Science Lab Tech,ND1,Female,17,Gombe,Nathaniel,Okafor,nathaniel.okafor@yabatech.edu.ng,(262)969-3664,2024/2025,1st Semester,MTH 111,Logic & Linear Algebra,2,57,24,57,81,A,4.0
P/ND/23/24030,Science Lab Tech,ND1,Female,17,Gombe,Nathaniel,Okafor,nathaniel.okafor@yabatech.edu.ng,(262)969-3664,2024/2025,1st Semester,GNS 101,Use of English,2,93,26,62,88,A,4.0
P/ND/23/24030,Science Lab Tech,ND1,Female,17,Gombe,Nathaniel,Okafor,nathaniel.okafor@yabatech.edu.ng,(262)969-3664,2024/2025,1st Semester,STB 111,General Biology,3,100,23,54,77,A,4.0
P/ND/23/24030,Science Lab Tech,ND1,Female,17,Gombe,Nathaniel,Okafor,nathaniel.okafor@yabatech.edu.ng,(262)969-3664,2024/2025,1st Semester,GLT 111,General Lab Techniques,4,88,27,63,90,A,4.0
F/ND/23/3597,Electrical Engineering,ND2,Female,28,Benue,Joshua,Chukwu,joshua.chukwu@yabatech.edu.ng,(373)696-1183x66519,2024/2025,1st Semester,EEC 115,Electrical Graphics,2,61,14,34,48,D,2.25
F/ND/23/3597,Electrical Engineering,ND2,Female,28,Benue,Joshua,Chukwu,joshua.chukwu@yabatech.edu.ng,(373)696-1183x66519,2024/2025,1st Semester,EEC 111,Electrical Science,3,53,13,31,44,E,2.0
F/ND/23/3597,Electrical Engineering,ND2,Female,28,Benue,Joshua,Chukwu,joshua.chukwu@yabatech.edu.ng,(373)696-1183x66519,2024/2025,1st Semester,GNS 101,Use of English,2,65,12,28,40,E,2.0
F/ND/23/3597,Electrical Engineering,ND2,Female,28,Benue,Joshua,Chukwu,joshua.chukwu@yabatech.edu.ng,(373)696-1183x66519,2024/2025,1st Semester,MEC 112,Mechanical Workshop,2,74,15,35,50,CD,2.5
F/ND/23/3597,Electrical Engineering,ND2,Female,28,Benue,Joshua,Chukwu,joshua.chukwu@yabatech.edu.ng,(373)696-1183x66519,2024/2025,1st Semester,MTH 111,Logic & Linear Algebra,2,15,8,20,28,F,0.0
P/ND/23/99285,Mass Communication,ND1,Female,28,Ondo,Gloria,Akinwale,gloria.akinwale@yabatech.edu.ng,001-850-965-8770x63515,2024/2025,1st Semester,MAC 107,Intro to Broadcasting,3,57,11,26,37,F,0.0
P/ND/23/99285,Mass Communication,ND1,Female,28,Ondo,Gloria,Akinwale,gloria.akinwale@yabatech.edu.ng,001-850-965-8770x63515,2024/2025,1st Semester,MAC 115,News Writing,3,35,6,16,22,F,0.0
P/ND/23/99285,Mass Communication,ND1,Female,28,Ondo,Gloria,Akinwale,gloria.akinwale@yabatech.edu.ng,001-850-965-8770x63515,2024/2025,1st Semester,MAC 101,Intro to Mass Comm,3,45,3,7,10,F,0.0
P/ND/23/99285,Mass Communication,ND1,Female,28,Ondo,Gloria,Akinwale,gloria.akinwale@yabatech.edu.ng,001-850-965-8770x63515,2024/2025,1st Semester,GNS 101,Use of English,2,43,3,8,11,F,0.0
P/ND/23/99285,Mass Communication,ND1,Female,28,Ondo,Gloria,Akinwale,gloria.akinwale@yabatech.edu.ng,001-850-965-8770x63515,2024/2025,1st Semester,GNS 127,Citizenship Education,2,62,12,28,40,E,2.0
P/ND/23/43321,Electrical Engineering,ND1,Male,23,Imo,Samuel,Abiola,samuel.abiola@yabatech.edu.ng,579-832-9148x07317,2024/2025,1st Semester,EEC 115,Electrical Graphics,2,79,24,58,82,A,4.0
P/ND/23/43321,Electrical Engineering,ND1,Male,23,Imo,Samuel,Abiola,samuel.abiola@yabatech.edu.ng,579-832-9148x07317,2024/2025,1st Semester,MEC 112,Mechanical Workshop,2,100,29,69,98,A,4.0
P/ND/23/43321,Electrical Engineering,ND1,Male,23,Imo,Samuel,Abiola,samuel.abiola@yabatech.edu.ng,579-832-9148x07317,2024/2025,1st Semester,EEC 111,Electrical Science,3,86,29,69,98,A,4.0
P/ND/23/43321,Electrical Engineering,ND1,Male,23,Imo,Samuel,Abiola,samuel.abiola@yabatech.edu.ng,579-832-9148x07317,2024/2025,1st Semester,GNS 101,Use of English,2,66,29,68,97,A,4.0
P/ND/23/43321,Electrical Engineering,ND1,Male,23,Imo,Samuel,Abiola,samuel.abiola@yabatech.edu.ng,579-832-9148x07317,2024/2025,1st Semester,MTH 111,Logic & Linear Algebra,2,67,30,70,100,A,4.0
F/HN/23/87141,Science Lab Tech,HND1,Male,18,Adamawa,Michael,Obasanjo,michael.obasanjo@yabatech.edu.ng,001-814-439-0157,2024/2025,1st Semester,STC 112,General Chemistry,3,81,18,44,62,BC,3.0
F/HN/23/87141,Science Lab Tech,HND1,Male,18,Adamawa,Michael,Obasanjo,michael.obasanjo@yabatech.edu.ng,001-814-439-0157,2024/2025,1st Semester,GLT 111,General Lab Techniques,4,57,21,49,70,AB,3.5
F/HN/23/87141,Science Lab Tech,HND1,Male,18,Adamawa,Michael,Obasanjo,michael.obasanjo@yabatech.edu.ng,001-814-439-0157,2024/2025,1st Semester,MTH 111,Logic & Linear Algebra,2,74,23,54,77,A,4.0
F/HN/23/87141,Science Lab Tech,HND1,Male,18,Adamawa,Michael,Obasanjo,michael.obasanjo@yabatech.edu.ng,001-814-439-0157,2024/2025,1st Semester,GNS 101,Use of English,2,82,18,42,60,BC,3.0
F/HN/23/87141,Science Lab Tech,HND1,Male,18,Adamawa,Michael,Obasanjo,michael.obasanjo@yabatech.edu.ng,001-814-439-0157,2024/2025,1st Semester,STB 111,General Biology,3,74,17,40,57,C,2.75
F/HN/23/62708,Electrical Engineering,HND1,Male,17,Rivers,Emmanuel,Ekwueme,emmanuel.ekwueme@yabatech.edu.ng,287-307-9634,2024/2025,1st Semester,GNS 101,Use of English,2,36,8,19,27,F,0.0
F/HN/23/62708,Electrical Engineering,HND1,Male,17,Rivers,Emmanuel,Ekwueme,emmanuel.ekwueme@yabatech.edu.ng,287-307-9634,2024/2025,1st Semester,EEC 115,Electrical Graphics,2,59,12,29,41,E,2.0
F/HN/23/62708,Electrical Engineering,HND1,Male,17,Rivers,Emmanuel,Ekwueme,emmanuel.ekwueme@yabatech.edu.ng,287-307-9634,2024/2025,1st Semester,MEC 112,Mechanical Workshop,2,72,14,34,48,D,2.25
F/HN/23/62708,Electrical Engineering,HND1,Male,17,Rivers,Emmanuel,Ekwueme,emmanuel.ekwueme@yabatech.edu.ng,287-307-9634,2024/2025,1st Semester,MTH 111,Logic & Linear Algebra,2,52,9,22,31,F,0.0
F/HN/23/62708,Electrical Engineering,HND1,Male,17,Rivers,Emmanuel,Ekwueme,emmanuel.ekwueme@yabatech.edu.ng,287-307-9634,2024/2025,1st Semester,EEC 111,Electrical Science,3,36,12,28,40,E,2.0
F/ND/23/97759,Civil Engineering,ND1,Female,20,Kwara,Joy,Abiola,joy.abiola@yabatech.edu.ng,001-729-923-3781x23205,2024/2025,1st Semester,CEC 110,Fluid Mechanics,4,63,18,43,61,BC,3.0
F/ND/23/97759,Civil Engineering,ND1,Female,20,Kwara,Joy,Abiola,joy.abiola@yabatech.edu.ng,001-729-923-3781x23205,2024/2025,1st Semester,MEC 101,Workshop Technology,2,61,19,46,65,B,3.25
F/ND/23/97759,Civil Engineering,ND1,Female,20,Kwara,Joy,Abiola,joy.abiola@yabatech.edu.ng,001-729-923-3781x23205,2024/2025,1st Semester,CEC 101,Engineering Drawing,3,83,22,52,74,AB,3.5
P/HN/23/53122,Business Administration,HND1,Male,26,Osun,Cornelius,Balogun,cornelius.balogun@yabatech.edu.ng,879.871.0860x24901,2024/2025,1st Semester,ECO 101,Intro to Economics,2,98,29,69,98,A,4.0
P/HN/23/53122,Business Administration,HND1,Male,26,Osun,Cornelius,Balogun,cornelius.balogun@yabatech.edu.ng,879.871.0860x24901,2024/2025,1st Semester,BAM 101,Intro to Business Admin,3,85,30,70,100,A,4.0
P/HN/23/53122,Business Administration,HND1,Male,26,Osun,Cornelius,Balogun,cornelius.balogun@yabatech.edu.ng,879.871.0860x24901,2024/2025,1st Semester,ACC 111,Intro to Accounting,3,73,27,65,92,A,4.0
P/HN/23/63488,Civil Engineering,HND1,Male,30,Edo,Gabriel,Chukwu,gabriel.chukwu@yabatech.edu.ng,001-950-310-3832x743,2024/2025,1st Semester,CEC 101,Engineering Drawing,3,48,6,14,20,F,0.0
P/HN/23/63488,Civil Engineering,HND1,Male,30,Edo,Gabriel,Chukwu,gabriel.chukwu@yabatech.edu.ng,001-950-310-3832x743,2024/2025,1st Semester,CEC 110,Fluid Mechanics,4,40,3,9,12,F,0.0
P/HN/23/63488,Civil Engineering,HND1,Male,30,Edo,Gabriel,Chukwu,gabriel.chukwu@yabatech.edu.ng,001-950-310-3832x743,2024/2025,1st Semester,MEC 101,Workshop Technology,2,32,7,16,23,F,0.0
F/ND/23/86000,Business Administration,ND1,Female,20,Enugu,Paul,Balogun,paul.balogun@yabatech.edu.ng,791-498-4807x183,2024/2025,1st Semester,ACC 111,Intro to Accounting,3,44,7,16,23,F,0.0
F/ND/23/86000,Business Administration,ND1,Female,20,Enugu,Paul,Balogun,paul.balogun@yabatech.edu.ng,791-498-4807x183,2024/2025,1st Semester,ECO 101,Intro to Economics,2,40,6,15,21,F,0.0
F/ND/23/86000,Business Administration,ND1,Female,20,Enugu,Paul,Balogun,paul.balogun@yabatech.edu.ng,791-498-4807x183,2024/2025,1st Semester,BAM 101,Intro to Business Admin,3,43,9,22,31,F,0.0
P/ND/23/88471,Mass Communication,ND2,Female,22,Cross River,Victoria,Abiola,victoria.abiola@yabatech.edu.ng,(355)493-3359x55384,2024/2025,1st Semester,MAC 115,News Writing,3,64,9,21,30,F,0.0
P/ND/23/88471,Mass Communication,ND2,Female,22,Cross River,Victoria,Abiola,victoria.abiola@yabatech.edu.ng,(355)493-3359x55384,2024/2025,1st Semester,GNS 127,Citizenship Education,2,62,9,21,30,F,0.0
P/ND/23/88471,Mass Communication,ND2,Female,22,Cross River,Victoria,Abiola,victoria.abiola@yabatech.edu.ng,(355)493-3359x55384,2024/2025,1st Semester,MAC 107,Intro to Broadcasting,3,38,3,8,11,F,0.0
P/ND/23/88471,Mass Communication,ND2,Female,22,Cross River,Victoria,Abiola,victoria.abiola@yabatech.edu.ng,(355)493-3359x55384,2024/2025,1st Semester,GNS 101,Use of English,2,41,8,19,27,F,0.0
P/ND/23/88471,Mass Communication,ND2,Female,22,Cross River,Victoria,Abiola,victoria.abiola@yabatech.edu.ng,(355)493-3359x55384,2024/2025,1st Semester,MAC 101,Intro to Mass Comm,3,47,4,11,15,F,0.0
F/ND/23/7492,Business Administration,ND2,Female,27,Kano,Mary,Chukwu,mary.chukwu@yabatech.edu.ng,9107848105,2024/2025,1st Semester,ECO 101,Intro to Economics,2,95,29,69,98,A,4.0
F/ND/23/7492,Business Administration,ND2,Female,27,Kano,Mary,Chukwu,mary.chukwu@yabatech.edu.ng,9107848105,2024/2025,1st Semester,ACC 111,Intro to Accounting,3,69,29,69,98,A,4.0
F/ND/23/7492,Business Administration,ND2,Female,27,Kano,Mary,Chukwu,mary.chukwu@yabatech.edu.ng,9107848105,2024/2025,1st Semester,BAM 101,Intro to Business Admin,3,54,28,65,93,A,4.0
F/ND/23/78676,Electrical Engineering,ND2,Female,23,Edo,Hope,Balogun,hope.balogun@yabatech.edu.ng,866-329-9053,2024/2025,1st Semester,MEC 112,Mechanical Workshop,2,84,21,50,71,AB,3.5
F/ND/23/78676,Electrical Engineering,ND2,Female,23,Edo,Hope,Balogun,hope.balogun@yabatech.edu.ng,866-329-9053,2024/2025,1st Semester,EEC 115,Electrical Graphics,2,85,22,51,73,AB,3.5
F/ND/23/78676,Electrical Engineering,ND2,Female,23,Edo,Hope,Balogun,hope.balogun@yabatech.edu.ng,866-329-9053,2024/2025,1st Semester,GNS 101,Use of English,2,86,22,51,73,AB,3.5
F/ND/23/78676,Electrical Engineering,ND2,Female,23,Edo,Hope,Balogun,hope.balogun@yabatech.edu.ng,866-329-9053,2024/2025,1st Semester,MTH 111,Logic & Linear Algebra,2,58,21,49,70,AB,3.5
F/ND/23/78676,Electrical Engineering,ND2,Female,23,Edo,Hope,Balogun,hope.balogun@yabatech.edu.ng,866-329-9053,2024/2025,1st Semester,EEC 111,Electrical Science,3,46,17,39,56,C,2.75
F/HN/23/75188,Science Lab Tech,HND2,Male,20,Osun,Charity,Adeyemi,charity.adeyemi@yabatech.edu.ng,+1-301-713-1772x8177,2024/2025,1st Semester,GLT 111,General Lab Techniques,4,53,16,39,55,C,2.75
F/HN/23/75188,Science Lab Tech,HND2,Male,20,Osun,Charity,Adeyemi,charity.adeyemi@yabatech.edu.ng,+1-301-713-1772x8177,2024/2025,1st Semester,MTH 111,Logic & Linear Algebra,2,47,10,24,34,F,0.0
F/HN/23/75188,Science Lab Tech,HND2,Male,20,Osun,Charity,Adeyemi,charity.adeyemi@yabatech.edu.ng,+1-301-713-1772x8177,2024/2025,1st Semester,STC 112,General Chemistry,3,44,9,21,30,F,0.0
F/HN/23/75188,Science Lab Tech,HND2,Male,20,Osun,Charity,Adeyemi,charity.adeyemi@yabatech.edu.ng,+1-301-713-1772x8177,2024/2025,1st Semester,GNS 101,Use of English,2,32,10,25,35,F,0.0
F/HN/23/75188,Science Lab Tech,HND2,Male,20,Osun,Charity,Adeyemi,charity.adeyemi@yabatech.edu.ng,+1-301-713-1772x8177,2024/2025,1st Semester,STB 111,General Biology,3,36,10,23,33,F,0.0
P/ND/23/4357,Business Administration,ND1,Female,30,Gombe,Samuel,Balogun,samuel.balogun@yabatech.edu.ng,(300)968-8191x54878,2024/2025,1st Semester,ACC 111,Intro to Accounting,3,73,22,52,74,AB,3.5
P/ND/23/4357,Business Administration,ND1,Female,30,Gombe,Samuel,Balogun,samuel.balogun@yabatech.edu.ng,(300)968-8191x54878,2024/2025,1st Semester,ECO 101,Intro to Economics,2,100,21,49,70,AB,3.5
P/ND/23/4357,Business Administration,ND1,Female,30,Gombe,Samuel,Balogun,samuel.balogun@yabatech.edu.ng,(300)968-8191x54878,2024/2025,1st Semester,BAM 101,Intro to Business Admin,3,81,18,42,60,BC,3.0
F/ND/23/49627,Science Lab Tech,ND1,Female,18,Akwa Ibom,Mary,Nnamani,mary.nnamani@yabatech.edu.ng,860.565.2310x069,2024/2025,1st Semester,STC 112,General Chemistry,3,42,11,25,36,F,0.0
F/ND/23/49627,Science Lab Tech,ND1,Female,18,Akwa Ibom,Mary,Nnamani,mary.nnamani@yabatech.edu.ng,860.565.2310x069,2024/2025,1st Semester,GNS 101,Use of English,2,34,10,24,34,F,0.0
F/ND/23/49627,Science Lab Tech,ND1,Female,18,Akwa Ibom,Mary,Nnamani,mary.nnamani@yabatech.edu.ng,860.565.2310x069,2024/2025,1st Semester,GLT 111,General Lab Techniques,4,54,14,34,48,D,2.25
F/ND/23/49627,Science Lab Tech,ND1,Female,18,Akwa Ibom,Mary,Nnamani,mary.nnamani@yabatech.edu.ng,860.565.2310x069,2024/2025,1st Semester,STB 111,General Biology,3,50,14,34,48,D,2.25
F/ND/23/49627,Science Lab Tech,ND1,Female,18,Akwa Ibom,Mary,Nnamani,mary.nnamani@yabatech.edu.ng,860.565.2310x069,2024/2025,1st Semester,MTH 111,Logic & Linear Algebra,2,61,9,22,31,F,0.0
F/ND/23/3291,Business Administration,ND2,Male,20,Akwa Ibom,Samuel,Okafor,samuel.okafor@yabatech.edu.ng,303.905.7181x124,2024/2025,1st Semester,ECO 101,Intro to Economics,2,97,17,40,57,C,2.75
F/ND/23/3291,Business Administration,ND2,Male,20,Akwa Ibom,Samuel,Okafor,samuel.okafor@yabatech.edu.ng,303.905.7181x124,2024/2025,1st Semester,BAM 101,Intro to Business Admin,3,84,21,49,70,AB,3.5
F/ND/23/3291,Business Administration,ND2,Male,20,Akwa Ibom,Samuel,Okafor,samuel.okafor@yabatech.edu.ng,303.905.7181x124,2024/2025,1st Semester,ACC 111,Intro to Accounting,3,100,21,49,70,AB,3.5
F/ND/23/96424,Science Lab Tech,ND2,Female,28,Akwa Ibom,Michael,Abiola,michael.abiola@yabatech.edu.ng,+1-241-853-8807x700,2024/2025,1st Semester,STC 112,General Chemistry,3,74,19,44,63,BC,3.0
F/ND/23/96424,Science Lab Tech,ND2,Female,28,Akwa Ibom,Michael,Abiola,michael.abiola@yabatech.edu.ng,+1-241-853-8807x700,2024/2025,1st Semester,MTH 111,Logic & Linear Algebra,2,85,20,48,68,B,3.25
F/ND/23/96424,Science Lab Tech,ND2,Female,28,Akwa Ibom,Michael,Abiola,michael.abiola@yabatech.edu.ng,+1-241-853-8807x700,2024/2025,1st Semester,GLT 111,General Lab Techniques,4,47,19,45,64,BC,3.0
F/ND/23/96424,Science Lab Tech,ND2,Female,28,Akwa Ibom,Michael,Abiola,michael.abiola@yabatech.edu.ng,+1-241-853-8807x700,2024/2025,1st Semester,STB 111,General Biology,3,75,24,57,81,A,4.0
F/ND/23/96424,Science Lab Tech,ND2,Female,28,Akwa Ibom,Michael,Abiola,michael.abiola@yabatech.edu.ng,+1-241-853-8807x700,2024/2025,1st Semester,GNS 101,Use of English,2,94,24,57,81,A,4.0
F/ND/23/30674,Business Administration,ND1,Male,23,Delta,Esther,Akinwale,esther.akinwale@yabatech.edu.ng,251-301-4076,2024/2025,1st Semester,ECO 101,Intro to Economics,2,89,28,65,93,A,4.0
F/ND/23/30674,Business Administration,ND1,Male,23,Delta,Esther,Akinwale,esther.akinwale@yabatech.edu.ng,251-301-4076,2024/2025,1st Semester,ACC 111,Intro to Accounting,3,96,28,67,95,A,4.0
F/ND/23/30674,Business Administration,ND1,Male,23,Delta,Esther,Akinwale,esther.akinwale@yabatech.edu.ng,251-301-4076,2024/2025,1st Semester,BAM 101,Intro to Business Admin,3,63,27,63,90,A,4.0
F/HN/23/37137,Electrical Engineering,HND2,Female,22,Delta,Ruth,Obi,ruth.obi@yabatech.edu.ng,(814)850-2820,2024/2025,1st Semester,EEC 115,Electrical Graphics,2,58,11,26,37,F,0.0
F/HN/23/37137,Electrical Engineering,HND2,Female,22,Delta,Ruth,Obi,ruth.obi@yabatech.edu.ng,(814)850-2820,2024/2025,1st Semester,MEC 112,Mechanical Workshop,2,71,16,39,55,C,2.75
F/HN/23/37137,Electrical Engineering,HND2,Female,22,Delta,Ruth,Obi,ruth.obi@yabatech.edu.ng,(814)850-2820,2024/2025,1st Semester,MTH 111,Logic & Linear Algebra,2,32,8,20,28,F,0.0
F/HN/23/37137,Electrical Engineering,HND2,Female,22,Delta,Ruth,Obi,ruth.obi@yabatech.edu.ng,(814)850-2820,2024/2025,1st Semester,EEC 111,Electrical Science,3,47,8,20,28,F,0.0
F/HN/23/37137,Electrical Engineering,HND2,Female,22,Delta,Ruth,Obi,ruth.obi@yabatech.edu.ng,(814)850-2820,2024/2025,1st Semester,GNS 101,Use of English,2,44,9,21,30,F,0.0
P/HN/23/51293,Business Administration,HND1,Female,25,Osun,Deborah,Obasanjo,deborah.obasanjo@yabatech.edu.ng,203-299-5850x0436,2024/2025,1st Semester,BAM 101,Intro to Business Admin,3,83,20,47,67,B,3.25
P/HN/23/51293,Business Administration,HND1,Female,25,Osun,Deborah,Obasanjo,deborah.obasanjo@yabatech.edu.ng,203-299-5850x0436,2024/2025,1st Semester,ACC 111,Intro to Accounting,3,66,21,49,70,AB,3.5
P/HN/23/51293,Business Administration,HND1,Female,25,Osun,Deborah,Obasanjo,deborah.obasanjo@yabatech.edu.ng,203-299-5850x0436,2024/2025,1st Semester,ECO 101,Intro to Economics,2,93,21,50,71,AB,3.5
F/HN/23/24473,Business Administration,HND1,Female,29,Anambra,Patience,Uche,patience.uche@yabatech.edu.ng,685-541-0881x138,2024/2025,1st Semester,ECO 101,Intro to Economics,2,83,24,57,81,A,4.0
F/HN/23/24473,Business Administration,HND1,Female,29,Anambra,Patience,Uche,patience.uche@yabatech.edu.ng,685-541-0881x138,2024/2025,1st Semester,BAM 101,Intro to Business Admin,3,94,26,62,88,A,4.0
F/HN/23/24473,Business Administration,HND1,Female,29,Anambra,Patience,Uche,patience.uche@yabatech.edu.ng,685-541-0881x138,2024/2025,1st Semester,ACC 111,Intro to Accounting,3,62,22,51,73,AB,3.5
F/HN/23/9496,Science Lab Tech,HND2,Male,29,Abia,Grace,Obasanjo,grace.obasanjo@yabatech.edu.ng,+1-229-607-5033x66835,2024/2025,1st Semester,STB 111,General Biology,3,65,16,38,54,CD,2.5
F/HN/23/9496,Science Lab Tech,HND2,Male,29,Abia,Grace,Obasanjo,grace.obasanjo@yabatech.edu.ng,+1-229-607-5033x66835,2024/2025,1st Semester,GLT 111,General Lab Techniques,4,61,19,45,64,BC,3.0
F/HN/23/9496,Science Lab Tech,HND2,Male,29,Abia,Grace,Obasanjo,grace.obasanjo@yabatech.edu.ng,+1-229-607-5033x66835,2024/2025,1st Semester,STC 112,General Chemistry,3,64,21,50,71,AB,3.5
F/HN/23/9496,Science Lab Tech,HND2,Male,29,Abia,Grace,Obasanjo,grace.obasanjo@yabatech.edu.ng,+1-229-607-5033x66835,2024/2025,1st Semester,GNS 101,Use of English,2,73,21,50,71,AB,3.5
F/HN/23/9496,Science Lab Tech,HND2,Male,29,Abia,Grace,Obasanjo,grace.obasanjo@yabatech.edu.ng,+1-229-607-5033x66835,2024/2025,1st Semester,MTH 111,Logic & Linear Algebra,2,69,16,37,53,CD,2.5
F/HN/23/74132,Science Lab Tech,HND2,Female,19,Ekiti,Ruth,Ogunleye,ruth.ogunleye@yabatech.edu.ng,(730)434-2110,2024/2025,1st Semester,GLT 111,General Lab Techniques,4,36,10,23,33,F,0.0
F/HN/23/74132,Science Lab Tech,HND2,Female,19,Ekiti,Ruth,Ogunleye,ruth.ogunleye@yabatech.edu.ng,(730)434-2110,2024/2025,1st Semester,STC 112,General Chemistry,3,66,14,33,47,D,2.25
F/HN/23/74132,Science Lab Tech,HND2,Female,19,Ekiti,Ruth,Ogunleye,ruth.ogunleye@yabatech.edu.ng,(730)434-2110,2024/2025,1st Semester,MTH 111,Logic & Linear Algebra,2,52,15,36,51,CD,2.5
F/HN/23/74132,Science Lab Tech,HND2,Female,19,Ekiti,Ruth,Ogunleye,ruth.ogunleye@yabatech.edu.ng,(730)434-2110,2024/2025,1st Semester,STB 111,General Biology,3,36,9,23,32,F,0.0
F/HN/23/74132,Science Lab Tech,HND2,Female,19,Ekiti,Ruth,Ogunleye,ruth.ogunleye@yabatech.edu.ng,(730)434-2110,2024/2025,1st Semester,GNS 101,Use of English,2,50,12,29,41,E,2.0
P/HN/23/15576,Computer Science,HND1,Female,29,Kebbi,Agnes,Adeyemi,agnes.adeyemi@yabatech.edu.ng,(345)803-0713x846,2024/2025,1st Semester,MTH 111,Logic & Linear Algebra,2,52,14,34,48,D,2.25
P/HN/23/15576,Computer Science,HND1,Female,29,Kebbi,Agnes,Adeyemi,agnes.adeyemi@yabatech.edu.ng,(345)803-0713x846,2024/2025,1st Semester,STA 111,Intro to Statistics,2,30,11,26,37,F,0.0
P/HN/23/15576,Computer Science,HND1,Female,29,Kebbi,Agnes,Adeyemi,agnes.adeyemi@yabatech.edu.ng,(345)803-0713x846,2024/2025,1st Semester,COM 101,Intro to Computing,4,49,10,24,34,F,0.0
P/HN/23/15576,Computer Science,HND1,Female,29,Kebbi,Agnes,Adeyemi,agnes.adeyemi@yabatech.edu.ng,(345)803-0713x846,2024/2025,1st Semester,COM 113,Intro to Programming,4,62,15,36,51,CD,2.5
P/HN/23/15576,Computer Science,HND1,Female,29,Kebbi,Agnes,Adeyemi,agnes.adeyemi@yabatech.edu.ng,(345)803-0713x846,2024/2025,1st Semester,GNS 101,Use of English,2,14,11,27,38,F,0.0
P/HN/23/69650,Civil Engineering,HND2,Female,28,Imo,Andrew,Obasanjo,andrew.obasanjo@yabatech.edu.ng,(399)269-6629,2024/2025,1st Semester,MEC 101,Workshop Technology,2,68,25,59,84,A,4.0
P/HN/23/69650,Civil Engineering,HND2,Female,28,Imo,Andrew,Obasanjo,andrew.obasanjo@yabatech.edu.ng,(399)269-6629,2024/2025,1st Semester,CEC 110,Fluid Mechanics,4,81,27,65,92,A,4.0
P/HN/23/69650,Civil Engineering,HND2,Female,28,Imo,Andrew,Obasanjo,andrew.obasanjo@yabatech.edu.ng,(399)269-6629,2024/2025,1st Semester,CEC 101,Engineering Drawing,3,82,24,56,80,A,4.0
F/HN/23/83594,Mass Communication,HND2,Female,27,Jigawa,Samuel,Ibrahim,samuel.ibrahim@yabatech.edu.ng,879-555-1128x61231,2024/2025,1st Semester,GNS 127,Citizenship Education,2,39,9,22,31,F,0.0
F/HN/23/83594,Mass Communication,HND2,Female,27,Jigawa,Samuel,Ibrahim,samuel.ibrahim@yabatech.edu.ng,879-555-1128x61231,2024/2025,1st Semester,GNS 101,Use of English,2,53,12,29,41,E,2.0
F/HN/23/83594,Mass Communication,HND2,Female,27,Jigawa,Samuel,Ibrahim,samuel.ibrahim@yabatech.edu.ng,879-555-1128x61231,2024/2025,1st Semester,MAC 101,Intro to Mass Comm,3,69,13,30,43,E,2.0
F/HN/23/83594,Mass Communication,HND2,Female,27,Jigawa,Samuel,Ibrahim,samuel.ibrahim@yabatech.edu.ng,879-555-1128x61231,2024/2025,1st Semester,MAC 107,Intro to Broadcasting,3,39,9,21,30,F,0.0
F/HN/23/83594,Mass Communication,HND2,Female,27,Jigawa,Samuel,Ibrahim,samuel.ibrahim@yabatech.edu.ng,879-555-1128x61231,2024/2025,1st Semester,MAC 115,News Writing,3,50,13,30,43,E,2.0
P/ND/23/39414,Science Lab Tech,ND2,Male,18,Enugu,Gabriel,Nnamani,gabriel.nnamani@yabatech.edu.ng,652-263-2685,2024/2025,1st Semester,GNS 101,Use of English,2,40,9,22,31,F,0.0
P/ND/23/39414,Science Lab Tech,ND2,Male,18,Enugu,Gabriel,Nnamani,gabriel.nnamani@yabatech.edu.ng,652-263-2685,2024/2025,1st Semester,STB 111,General Biology,3,59,13,30,43,E,2.0
P/ND/23/39414,Science Lab Tech,ND2,Male,18,Enugu,Gabriel,Nnamani,gabriel.nnamani@yabatech.edu.ng,652-263-2685,2024/2025,1st Semester,MTH 111,Logic & Linear Algebra,2,60,13,31,44,E,2.0
P/ND/23/39414,Science Lab Tech,ND2,Male,18,Enugu,Gabriel,Nnamani,gabriel.nnamani@yabatech.edu.ng,652-263-2685,2024/2025,1st Semester,GLT 111,General Lab Techniques,4,73,10,25,35,F,0.0
P/ND/23/39414,Science Lab Tech,ND2,Male,18,Enugu,Gabriel,Nnamani,gabriel.nnamani@yabatech.edu.ng,652-263-2685,2024/2025,1st Semester,STC 112,General Chemistry,3,29,6,15,21,F,0.0
F/HN/23/59451,Business Administration,HND2,Female,24,Ondo,Andrew,Nnamani,andrew.nnamani@yabatech.edu.ng,001-928-863-5005x468,2024/2025,1st Semester,ACC 111,Intro to Accounting,3,64,17,40,57,C,2.75
F/HN/23/59451,Business Administration,HND2,Female,24,Ondo,Andrew,Nnamani,andrew.nnamani@yabatech.edu.ng,001-928-863-5005x468,2024/2025,1st Semester,BAM 101,Intro to Business Admin,3,49,11,26,37,F,0.0
F/HN/23/59451,Business Administration,HND2,Female,24,Ondo,Andrew,Nnamani,andrew.nnamani@yabatech.edu.ng,001-928-863-5005x468,2024/2025,1st Semester,ECO 101,Intro to Economics,2,47,16,38,54,CD,2.5
F/HN/23/99836,Mass Communication,HND1,Female,24,Jigawa,John,Obasanjo,john.obasanjo@yabatech.edu.ng,+1-619-983-0282,2024/2025,1st Semester,MAC 107,Intro to Broadcasting,3,36,9,22,31,F,0.0
F/HN/23/99836,Mass Communication,HND1,Female,24,Jigawa,John,Obasanjo,john.obasanjo@yabatech.edu.ng,+1-619-983-0282,2024/2025,1st Semester,GNS 101,Use of English,2,57,14,34,48,D,2.25
F/HN/23/99836,Mass Communication,HND1,Female,24,Jigawa,John,Obasanjo,john.obasanjo@yabatech.edu.ng,+1-619-983-0282,2024/2025,1st Semester,MAC 115,News Writing,3,48,6,15,21,F,0.0
F/HN/23/99836,Mass Communication,HND1,Female,24,Jigawa,John,Obasanjo,john.obasanjo@yabatech.edu.ng,+1-619-983-0282,2024/2025,1st Semester,MAC 101,Intro to Mass Comm,3,59,13,30,43,E,2.0
F/HN/23/99836,Mass Communication,HND1,Female,24,Jigawa,John,Obasanjo,john.obasanjo@yabatech.edu.ng,+1-619-983-0282,2024/2025,1st Semester,GNS 127,Citizenship Education,2,59,13,30,43,E,2.0
F/HN/23/37091,Business Administration,HND2,Female,18,Abia,Blessing,Ekwueme,blessing.ekwueme@yabatech.edu.ng,738-880-1165x62299,2024/2025,1st Semester,BAM 101,Intro to Business Admin,3,57,17,39,56,C,2.75
F/HN/23/37091,Business Administration,HND2,Female,18,Abia,Blessing,Ekwueme,blessing.ekwueme@yabatech.edu.ng,738-880-1165x62299,2024/2025,1st Semester,ACC 111,Intro to Accounting,3,100,20,48,68,B,3.25
F/HN/23/37091,Business Administration,HND2,Female,18,Abia,Blessing,Ekwueme,blessing.ekwueme@yabatech.edu.ng,738-880-1165x62299,2024/2025,1st Semester,ECO 101,Intro to Economics,2,79,21,49,70,AB,3.5
P/HN/23/83981,Civil Engineering,HND1,Female,20,Rivers,James,Uche,james.uche@yabatech.edu.ng,707-829-0998x4349,2024/2025,1st Semester,CEC 101,Engineering Drawing,3,29,14,32,46,D,2.25
P/HN/23/83981,Civil Engineering,HND1,Female,20,Rivers,James,Uche,james.uche@yabatech.edu.ng,707-829-0998x4349,2024/2025,1st Semester,MEC 101,Workshop Technology,2,53,16,39,55,C,2.75
P/HN/23/83981,Civil Engineering,HND1,Female,20,Rivers,James,Uche,james.uche@yabatech.edu.ng,707-829-0998x4349,2024/2025,1st Semester,CEC 110,Fluid Mechanics,4,37,12,28,40,E,2.0
P/HN/23/54532,Computer Science,HND2,Male,29,Benue,Faith,Chukwu,faith.chukwu@yabatech.edu.ng,778.606.1035x621,2024/2025,1st Semester,COM 112,Digital Electronics,3,94,22,52,74,AB,3.5
P/HN/23/54532,Computer Science,HND2,Male,29,Benue,Faith,Chukwu,faith.chukwu@yabatech.edu.ng,778.606.1035x621,2024/2025,1st Semester,STA 111,Intro to Statistics,2,91,20,48,68,B,3.25
P/HN/23/54532,Computer Science,HND2,Male,29,Benue,Faith,Chukwu,faith.chukwu@yabatech.edu.ng,778.606.1035x621,2024/2025,1st Semester,GNS 101,Use of English,2,70,22,52,74,AB,3.5
P/HN/23/54532,Computer Science,HND2,Male,29,Benue,Faith,Chukwu,faith.chukwu@yabatech.edu.ng,778.606.1035x621,2024/2025,1st Semester,MTH 111,Logic & Linear Algebra,2,74,19,45,64,BC,3.0
P/HN/23/54532,Computer Science,HND2,Male,29,Benue,Faith,Chukwu,faith.chukwu@yabatech.edu.ng,778.606.1035x621,2024/2025,1st Semester,COM 113,Intro to Programming,4,73,24,56,80,A,4.0
F/HN/23/41758,Mass Communication,HND2,Female,17,Cross River,Sarah,Nnamani,sarah.nnamani@yabatech.edu.ng,001-637-898-2440,2024/2025,1st Semester,GNS 101,Use of English,2,47,10,25,35,F,0.0
F/HN/23/41758,Mass Communication,HND2,Female,17,Cross River,Sarah,Nnamani,sarah.nnamani@yabatech.edu.ng,001-637-898-2440,2024/2025,1st Semester,MAC 107,Intro to Broadcasting,3,66,18,42,60,BC,3.0
F/HN/23/41758,Mass Communication,HND2,Female,17,Cross River,Sarah,Nnamani,sarah.nnamani@yabatech.edu.ng,001-637-898-2440,2024/2025,1st Semester,GNS 127,Citizenship Education,2,65,14,34,48,D,2.25
F/HN/23/41758,Mass Communication,HND2,Female,17,Cross River,Sarah,Nnamani,sarah.nnamani@yabatech.edu.ng,001-637-898-2440,2024/2025,1st Semester,MAC 115,News Writing,3,46,9,22,31,F,0.0
F/HN/23/41758,Mass Communication,HND2,Female,17,Cross River,Sarah,Nnamani,sarah.nnamani@yabatech.edu.ng,001-637-898-2440,2024/2025,1st Semester,MAC 101,Intro to Mass Comm,3,46,9,23,32,F,0.0
F/HN/23/38847,Science Lab Tech,HND2,Male,17,Bayelsa,James,Uche,james.uche@yabatech.edu.ng,+1-761-927-0533x39735,2024/2025,1st Semester,GNS 101,Use of English,2,58,18,42,60,BC,3.0
F/HN/23/38847,Science Lab Tech,HND2,Male,17,Bayelsa,James,Uche,james.uche@yabatech.edu.ng,+1-761-927-0533x39735,2024/2025,1st Semester,STB 111,General Biology,3,62,20,47,67,B,3.25
F/HN/23/38847,Science Lab Tech,HND2,Male,17,Bayelsa,James,Uche,james.uche@yabatech.edu.ng,+1-761-927-0533x39735,2024/2025,1st Semester,GLT 111,General Lab Techniques,4,54,19,45,64,BC,3.0
F/HN/23/38847,Science Lab Tech,HND2,Male,17,Bayelsa,James,Uche,james.uche@yabatech.edu.ng,+1-761-927-0533x39735,2024/2025,1st Semester,STC 112,General Chemistry,3,80,23,54,77,A,4.0
F/HN/23/38847,Science Lab Tech,HND2,Male,17,Bayelsa,James,Uche,james.uche@yabatech.edu.ng,+1-761-927-0533x39735,2024/2025,1st Semester,MTH 111,Logic & Linear Algebra,2,92,18,43,61,BC,3.0
F/ND/23/71716,Science Lab Tech,ND2,Male,26,Ondo,David,Ibrahim,david.ibrahim@yabatech.edu.ng,001-412-466-0551x49130,2024/2025,1st Semester,GNS 101,Use of English,2,100,29,68,97,A,4.0
F/ND/23/71716,Science Lab Tech,ND2,Male,26,Ondo,David,Ibrahim,david.ibrahim@yabatech.edu.ng,001-412-466-0551x49130,2024/2025,1st Semester,GLT 111,General Lab Techniques,4,100,25,59,84,A,4.0
F/ND/23/71716,Science Lab Tech,ND2,Male,26,Ondo,David,Ibrahim,david.ibrahim@yabatech.edu.ng,001-412-466-0551x49130,2024/2025,1st Semester,MTH 111,Logic & Linear Algebra,2,66,30,70,100,A,4.0
F/ND/23/71716,Science Lab Tech,ND2,Male,26,Ondo,David,Ibrahim,david.ibrahim@yabatech.edu.ng,001-412-466-0551x49130,2024/2025,1st Semester,STC 112,General Chemistry,3,71,29,68,97,A,4.0
F/ND/23/71716,Science Lab Tech,ND2,Male,26,Ondo,David,Ibrahim,david.ibrahim@yabatech.edu.ng,001-412-466-0551x49130,2024/2025,1st Semester,STB 111,General Biology,3,60,29,68,97,A,4.0
F/HN/23/47990,Mass Communication,HND1,Female,28,Kaduna,Charity,Okonkwo,charity.okonkwo@yabatech.edu.ng,306.424.7367x4014,2024/2025,1st Semester,GNS 127,Citizenship Education,2,88,15,35,50,CD,2.5
F/HN/23/47990,Mass Communication,HND1,Female,28,Kaduna,Charity,Okonkwo,charity.okonkwo@yabatech.edu.ng,306.424.7367x4014,2024/2025,1st Semester,GNS 101,Use of English,2,54,16,38,54,CD,2.5
F/HN/23/47990,Mass Communication,HND1,Female,28,Kaduna,Charity,Okonkwo,charity.okonkwo@yabatech.edu.ng,306.424.7367x4014,2024/2025,1st Semester,MAC 101,Intro to Mass Comm,3,76,18,43,61,BC,3.0
F/HN/23/47990,Mass Communication,HND1,Female,28,Kaduna,Charity,Okonkwo,charity.okonkwo@yabatech.edu.ng,306.424.7367x4014,2024/2025,1st Semester,MAC 115,News Writing,3,75,19,46,65,B,3.25
F/HN/23/47990,Mass Communication,HND1,Female,28,Kaduna,Charity,Okonkwo,charity.okonkwo@yabatech.edu.ng,306.424.7367x4014,2024/2025,1st Semester,MAC 107,Intro to Broadcasting,3,98,19,46,65,B,3.25
P/ND/23/80038,Mass Communication,ND1,Female,25,Gombe,Juliet,Okafor,juliet.okafor@yabatech.edu.ng,547-990-7805,2024/2025,1st Semester,MAC 115,News Writing,3,80,28,67,95,A,4.0
P/ND/23/80038,Mass Communication,ND1,Female,25,Gombe,Juliet,Okafor,juliet.okafor@yabatech.edu.ng,547-990-7805,2024/2025,1st Semester,GNS 127,Citizenship Education,2,100,26,61,87,A,4.0
P/ND/23/80038,Mass Communication,ND1,Female,25,Gombe,Juliet,Okafor,juliet.okafor@yabatech.edu.ng,547-990-7805,2024/2025,1st Semester,GNS 101,Use of English,2,85,23,54,77,A,4.0
P/ND/23/80038,Mass Communication,ND1,Female,25,Gombe,Juliet,Okafor,juliet.okafor@yabatech.edu.ng,547-990-7805,2024/2025,1st Semester,MAC 107,Intro to Broadcasting,3,70,26,62,88,A,4.0
P/ND/23/80038,Mass Communication,ND1,Female,25,Gombe,Juliet,Okafor,juliet.okafor@yabatech.edu.ng,547-990-7805,2024/2025,1st Semester,MAC 101,Intro to Mass Comm,3,67,28,66,94,A,4.0
P/HN/23/32585,Civil Engineering,HND1,Female,22,Benue,Daniel,Obasanjo,daniel.obasanjo@yabatech.edu.ng,937-237-2479,2024/2025,1st Semester,CEC 101,Engineering Drawing,3,67,29,69,98,A,4.0
P/HN/23/32585,Civil Engineering,HND1,Female,22,Benue,Daniel,Obasanjo,daniel.obasanjo@yabatech.edu.ng,937-237-2479,2024/2025,1st Semester,CEC 110,Fluid Mechanics,4,64,29,69,98,A,4.0
P/HN/23/32585,Civil Engineering,HND1,Female,22,Benue,Daniel,Obasanjo,daniel.obasanjo@yabatech.edu.ng,937-237-2479,2024/2025,1st Semester,MEC 101,Workshop Technology,2,84,28,66,94,A,4.0
F/HN/23/30129,Science Lab Tech,HND1,Male,16,Adamawa,Mark,Chukwu,mark.chukwu@yabatech.edu.ng,001-912-686-3533x56531,2024/2025,1st Semester,MTH 111,Logic & Linear Algebra,2,50,10,25,35,F,0.0
F/HN/23/30129,Science Lab Tech,HND1,Male,16,Adamawa,Mark,Chukwu,mark.chukwu@yabatech.edu.ng,001-912-686-3533x56531,2024/2025,1st Semester,GLT 111,General Lab Techniques,4,58,8,19,27,F,0.0
F/HN/23/30129,Science Lab Tech,HND1,Male,16,Adamawa,Mark,Chukwu,mark.chukwu@yabatech.edu.ng,001-912-686-3533x56531,2024/2025,1st Semester,STB 111,General Biology,3,42,6,15,21,F,0.0
F/HN/23/30129,Science Lab Tech,HND1,Male,16,Adamawa,Mark,Chukwu,mark.chukwu@yabatech.edu.ng,001-912-686-3533x56531,2024/2025,1st Semester,STC 112,General Chemistry,3,60,10,24,34,F,0.0
F/HN/23/30129,Science Lab Tech,HND1,Male,16,Adamawa,Mark,Chukwu,mark.chukwu@yabatech.edu.ng,001-912-686-3533x56531,2024/2025,1st Semester,GNS 101,Use of English,2,48,3,8,11,F,0.0
F/HN/23/32102,Computer Science,HND1,Female,24,Bayelsa,Samuel,Ekwueme,samuel.ekwueme@yabatech.edu.ng,3706357929,2024/2025,1st Semester,MTH 111,Logic & Linear Algebra,2,46,10,23,33,F,0.0
F/HN/23/32102,Computer Science,HND1,Female,24,Bayelsa,Samuel,Ekwueme,samuel.ekwueme@yabatech.edu.ng,3706357929,2024/2025,1st Semester,COM 101,Intro to Computing,4,49,10,24,34,F,0.0
F/HN/23/32102,Computer Science,HND1,Female,24,Bayelsa,Samuel,Ekwueme,samuel.ekwueme@yabatech.edu.ng,3706357929,2024/2025,1st Semester,GNS 101,Use of English,2,46,8,20,28,F,0.0
F/HN/23/32102,Computer Science,HND1,Female,24,Bayelsa,Samuel,Ekwueme,samuel.ekwueme@yabatech.edu.ng,3706357929,2024/2025,1st Semester,COM 112,Digital Electronics,3,66,12,29,41,E,2.0
F/HN/23/32102,Computer Science,HND1,Female,24,Bayelsa,Samuel,Ekwueme,samuel.ekwueme@yabatech.edu.ng,3706357929,2024/2025,1st Semester,STA 111,Intro to Statistics,2,48,9,21,30,F,0.0
F/HN/23/32102,Computer Science,HND1,Female,24,Bayelsa,Samuel,Ekwueme,samuel.ekwueme@yabatech.edu.ng,3706357929,2024/2025,1st Semester,COM 113,Intro to Programming,4,46,9,22,31,F,0.0
P/HN/23/56185,Computer Science,HND1,Female,19,Osun,Victoria,Nnamani,victoria.nnamani@yabatech.edu.ng,+1-345-328-4397x95256,2024/2025,1st Semester,COM 101,Intro to Computing,4,76,26,60,86,A,4.0
P/HN/23/56185,Computer Science,HND1,Female,19,Osun,Victoria,Nnamani,victoria.nnamani@yabatech.edu.ng,+1-345-328-4397x95256,2024/2025,1st Semester,COM 113,Intro to Programming,4,85,28,65,93,A,4.0
P/HN/23/56185,Computer Science,HND1,Female,19,Osun,Victoria,Nnamani,victoria.nnamani@yabatech.edu.ng,+1-345-328-4397x95256,2024/2025,1st Semester,MTH 111,Logic & Linear Algebra,2,60,26,62,88,A,4.0
P/HN/23/56185,Computer Science,HND1,Female,19,Osun,Victoria,Nnamani,victoria.nnamani@yabatech.edu.ng,+1-345-328-4397x95256,2024/2025,1st Semester,GNS 101,Use of English,2,84,29,67,96,A,4.0
P/HN/23/56185,Computer Science,HND1,Female,19,Osun,Victoria,Nnamani,victoria.nnamani@yabatech.edu.ng,+1-345-328-4397x95256,2024/2025,1st Semester,STA 111,Intro to Statistics,2,80,30,70,100,A,4.0
F/HN/23/41803,Science Lab Tech,HND1,Male,18,Ebonyi,Mark,Abiola,mark.abiola@yabatech.edu.ng,+1-216-979-8655,2024/2025,1st Semester,STB 111,General Biology,3,57,13,30,43,E,2.0
F/HN/23/41803,Science Lab Tech,HND1,Male,18,Ebonyi,Mark,Abiola,mark.abiola@yabatech.edu.ng,+1-216-979-8655,2024/2025,1st Semester,GLT 111,General Lab Techniques,4,57,13,32,45,D,2.25
F/HN/23/41803,Science Lab Tech,HND1,Male,18,Ebonyi,Mark,Abiola,mark.abiola@yabatech.edu.ng,+1-216-979-8655,2024/2025,1st Semester,STC 112,General Chemistry,3,51,12,28,40,E,2.0
F/HN/23/41803,Science Lab Tech,HND1,Male,18,Ebonyi,Mark,Abiola,mark.abiola@yabatech.edu.ng,+1-216-979-8655,2024/2025,1st Semester,GNS 101,Use of English,2,22,6,15,21,F,0.0
F/HN/23/41803,Science Lab Tech,HND1,Male,18,Ebonyi,Mark,Abiola,mark.abiola@yabatech.edu.ng,+1-216-979-8655,2024/2025,1st Semester,MTH 111,Logic & Linear Algebra,2,44,4,11,15,F,0.0
P/HN/23/66874,Computer Science,HND2,Female,24,Ebonyi,Deborah,Akinwale,deborah.akinwale@yabatech.edu.ng,+1-603-747-3626x436,2024/2025,1st Semester,GNS 101,Use of English,2,36,6,15,21,F,0.0
P/HN/23/66874,Computer Science,HND2,Female,24,Ebonyi,Deborah,Akinwale,deborah.akinwale@yabatech.edu.ng,+1-603-747-3626x436,2024/2025,1st Semester,COM 112,Digital Electronics,3,66,10,24,34,F,0.0
P/HN/23/66874,Computer Science,HND2,Female,24,Ebonyi,Deborah,Akinwale,deborah.akinwale@yabatech.edu.ng,+1-603-747-3626x436,2024/2025,1st Semester,STA 111,Intro to Statistics,2,40,11,26,37,F,0.0
P/HN/23/66874,Computer Science,HND2,Female,24,Ebonyi,Deborah,Akinwale,deborah.akinwale@yabatech.edu.ng,+1-603-747-3626x436,2024/2025,1st Semester,MTH 111,Logic & Linear Algebra,2,23,10,24,34,F,0.0
P/HN/23/66874,Computer Science,HND2,Female,24,Ebonyi,Deborah,Akinwale,deborah.akinwale@yabatech.edu.ng,+1-603-747-3626x436,2024/2025,1st Semester,COM 113,Intro to Programming,4,58,14,33,47,D,2.25
F/HN/23/42906,Computer Science,HND2,Male,25,Osun,David,Eze,david.eze@yabatech.edu.ng,418.694.9822x36615,2024/2025,1st Semester,COM 112,Digital Electronics,3,80,24,58,82,A,4.0
F/HN/23/42906,Computer Science,HND2,Male,25,Osun,David,Eze,david.eze@yabatech.edu.ng,418.694.9822x36615,2024/2025,1st Semester,COM 101,Intro to Computing,4,71,25,59,84,A,4.0
F/HN/23/42906,Computer Science,HND2,Male,25,Osun,David,Eze,david.eze@yabatech.edu.ng,418.694.9822x36615,2024/2025,1st Semester,MTH 111,Logic & Linear Algebra,2,68,23,54,77,A,4.0
F/HN/23/42906,Computer Science,HND2,Male,25,Osun,David,Eze,david.eze@yabatech.edu.ng,418.694.9822x36615,2024/2025,1st Semester,GNS 101,Use of English,2,87,27,63,90,A,4.0
F/HN/23/42906,Computer Science,HND2,Male,25,Osun,David,Eze,david.eze@yabatech.edu.ng,418.694.9822x36615,2024/2025,1st Semester,COM 113,Intro to Programming,4,77,23,54,77,A,4.0
F/ND/23/11847,Science Lab Tech,ND1,Male,23,Benue,Gabriel,Balogun,gabriel.balogun@yabatech.edu.ng,853.219.2826x327,2024/2025,1st Semester,GNS 101,Use of English,2,46,10,24,34,F,0.0
F/ND/23/11847,Science Lab Tech,ND1,Male,23,Benue,Gabriel,Balogun,gabriel.balogun@yabatech.edu.ng,853.219.2826x327,2024/2025,1st Semester,MTH 111,Logic & Linear Algebra,2,83,14,32,46,D,2.25
F/ND/23/11847,Science Lab Tech,ND1,Male,23,Benue,Gabriel,Balogun,gabriel.balogun@yabatech.edu.ng,853.219.2826x327,2024/2025,1st Semester,STB 111,General Biology,3,52,12,29,41,E,2.0
F/ND/23/11847,Science Lab Tech,ND1,Male,23,Benue,Gabriel,Balogun,gabriel.balogun@yabatech.edu.ng,853.219.2826x327,2024/2025,1st Semester,STC 112,General Chemistry,3,75,12,28,40,E,2.0
F/ND/23/11847,Science Lab Tech,ND1,Male,23,Benue,Gabriel,Balogun,gabriel.balogun@yabatech.edu.ng,853.219.2826x327,2024/2025,1st Semester,GLT 111,General Lab Techniques,4,37,11,25,36,F,0.0
F/HN/23/32336,Mass Communication,HND2,Female,29,Kebbi,Sarah,Oyekan,sarah.oyekan@yabatech.edu.ng,001-978-980-1886x762,2024/2025,1st Semester,GNS 101,Use of English,2,77,18,44,62,BC,3.0
F/HN/23/32336,Mass Communication,HND2,Female,29,Kebbi,Sarah,Oyekan,sarah.oyekan@yabatech.edu.ng,001-978-980-1886x762,2024/2025,1st Semester,MAC 101,Intro to Mass Comm,3,61,18,44,62,BC,3.0
F/HN/23/32336,Mass Communication,HND2,Female,29,Kebbi,Sarah,Oyekan,sarah.oyekan@yabatech.edu.ng,001-978-980-1886x762,2024/2025,1st Semester,GNS 127,Citizenship Education,2,68,23,53,76,A,4.0
F/HN/23/32336,Mass Communication,HND2,Female,29,Kebbi,Sarah,Oyekan,sarah.oyekan@yabatech.edu.ng,001-978-980-1886x762,2024/2025,1st Semester,MAC 107,Intro to Broadcasting,3,78,18,43,61,BC,3.0
F/HN/23/32336,Mass Communication,HND2,Female,29,Kebbi,Sarah,Oyekan,sarah.oyekan@yabatech.edu.ng,001-978-980-1886x762,2024/2025,1st Semester,MAC 115,News Writing,3,62,18,42,60,BC,3.0
P/HN/23/83686,Civil Engineering,HND1,Female,30,Enugu,Peter,Abiola,peter.abiola@yabatech.edu.ng,610-236-3438x20250,2024/2025,1st Semester,MEC 101,Workshop Technology,2,43,5,13,18,F,0.0
P/HN/23/83686,Civil Engineering,HND1,Female,30,Enugu,Peter,Abiola,peter.abiola@yabatech.edu.ng,610-236-3438x20250,2024/2025,1st Semester,CEC 110,Fluid Mechanics,4,66,12,29,41,E,2.0
P/HN/23/83686,Civil Engineering,HND1,Female,30,Enugu,Peter,Abiola,peter.abiola@yabatech.edu.ng,610-236-3438x20250,2024/2025,1st Semester,CEC 101,Engineering Drawing,3,49,7,16,23,F,0.0
P/HN/23/16674,Mass Communication,HND1,Female,29,Nasarawa,Stephen,Okonkwo,stephen.okonkwo@yabatech.edu.ng,810.817.0890,2024/2025,1st Semester,GNS 127,Citizenship Education,2,80,19,44,63,BC,3.0
P/HN/23/16674,Mass Communication,HND1,Female,29,Nasarawa,Stephen,Okonkwo,stephen.okonkwo@yabatech.edu.ng,810.817.0890,2024/2025,1st Semester,GNS 101,Use of English,2,79,21,50,71,AB,3.5
P/HN/23/16674,Mass Communication,HND1,Female,29,Nasarawa,Stephen,Okonkwo,stephen.okonkwo@yabatech.edu.ng,810.817.0890,2024/2025,1st Semester,MAC 115,News Writing,3,65,21,50,71,AB,3.5
P/HN/23/16674,Mass Communication,HND1,Female,29,Nasarawa,Stephen,Okonkwo,stephen.okonkwo@yabatech.edu.ng,810.817.0890,2024/2025,1st Semester,MAC 107,Intro to Broadcasting,3,69,18,43,61,BC,3.0
P/HN/23/16674,Mass Communication,HND1,Female,29,Nasarawa,Stephen,Okonkwo,stephen.okonkwo@yabatech.edu.ng,810.817.0890,2024/2025,1st Semester,MAC 101,Intro to Mass Comm,3,76,21,50,71,AB,3.5
F/HN/23/87196,Computer Science,HND1,Male,16,Bauchi,Gabriel,Ibrahim,gabriel.ibrahim@yabatech.edu.ng,582-229-2521,2024/2025,1st Semester,COM 112,Digital Electronics,3,60,16,37,53,CD,2.5
F/HN/23/87196,Computer Science,HND1,Male,16,Bauchi,Gabriel,Ibrahim,gabriel.ibrahim@yabatech.edu.ng,582-229-2521,2024/2025,1st Semester,STA 111,Intro to Statistics,2,62,15,35,50,CD,2.5
F/HN/23/87196,Computer Science,HND1,Male,16,Bauchi,Gabriel,Ibrahim,gabriel.ibrahim@yabatech.edu.ng,582-229-2521,2024/2025,1st Semester,COM 113,Intro to Programming,4,58,14,32,46,D,2.25
F/HN/23/87196,Computer Science,HND1,Male,16,Bauchi,Gabriel,Ibrahim,gabriel.ibrahim@yabatech.edu.ng,582-229-2521,2024/2025,1st Semester,COM 101,Intro to Computing,4,45,9,23,32,F,0.0
F/HN/23/87196,Computer Science,HND1,Male,16,Bauchi,Gabriel,Ibrahim,gabriel.ibrahim@yabatech.edu.ng,582-229-2521,2024/2025,1st Semester,MTH 111,Logic & Linear Algebra,2,23,15,36,51,CD,2.5
P/HN/23/25454,Business Administration,HND1,Male,17,Rivers,Ruth,Ogunleye,ruth.ogunleye@yabatech.edu.ng,001-952-355-8703,2024/2025,1st Semester,ACC 111,Intro to Accounting,3,86,27,64,91,A,4.0
P/HN/23/25454,Business Administration,HND1,Male,17,Rivers,Ruth,Ogunleye,ruth.ogunleye@yabatech.edu.ng,001-952-355-8703,2024/2025,1st Semester,ECO 101,Intro to Economics,2,76,30,70,100,A,4.0
P/HN/23/25454,Business Administration,HND1,Male,17,Rivers,Ruth,Ogunleye,ruth.ogunleye@yabatech.edu.ng,001-952-355-8703,2024/2025,1st Semester,BAM 101,Intro to Business Admin,3,100,30,70,100,A,4.0
P/HN/23/85512,Civil Engineering,HND2,Male,24,Oyo,Agnes,Okonkwo,agnes.okonkwo@yabatech.edu.ng,8359535054,2024/2025,1st Semester,CEC 110,Fluid Mechanics,4,22,7,16,23,F,0.0
P/HN/23/85512,Civil Engineering,HND2,Male,24,Oyo,Agnes,Okonkwo,agnes.okonkwo@yabatech.edu.ng,8359535054,2024/2025,1st Semester,CEC 101,Engineering Drawing,3,48,11,26,37,F,0.0
P/HN/23/85512,Civil Engineering,HND2,Male,24,Oyo,Agnes,Okonkwo,agnes.okonkwo@yabatech.edu.ng,8359535054,2024/2025,1st Semester,MEC 101,Workshop Technology,2,35,12,29,41,E,2.0
P/ND/23/85064,Computer Science,ND2,Female,28,Sokoto,Elizabeth,Okonkwo,elizabeth.okonkwo@yabatech.edu.ng,+1-577-861-3477x9959,2024/2025,1st Semester,COM 101,Intro to Computing,4,65,10,24,34,F,0.0
P/ND/23/85064,Computer Science,ND2,Female,28,Sokoto,Elizabeth,Okonkwo,elizabeth.okonkwo@yabatech.edu.ng,+1-577-861-3477x9959,2024/2025,1st Semester,MTH 111,Logic & Linear Algebra,2,59,10,24,34,F,0.0
P/ND/23/85064,Computer Science,ND2,Female,28,Sokoto,Elizabeth,Okonkwo,elizabeth.okonkwo@yabatech.edu.ng,+1-577-861-3477x9959,2024/2025,1st Semester,STA 111,Intro to Statistics,2,40,6,15,21,F,0.0
P/ND/23/85064,Computer Science,ND2,Female,28,Sokoto,Elizabeth,Okonkwo,elizabeth.okonkwo@yabatech.edu.ng,+1-577-861-3477x9959,2024/2025,1st Semester,COM 112,Digital Electronics,3,51,14,33,47,D,2.25
P/ND/23/85064,Computer Science,ND2,Female,28,Sokoto,Elizabeth,Okonkwo,elizabeth.okonkwo@yabatech.edu.ng,+1-577-861-3477x9959,2024/2025,1st Semester,COM 113,Intro to Programming,4,56,13,32,45,D,2.25
P/ND/23/85064,Computer Science,ND2,Female,28,Sokoto,Elizabeth,Okonkwo,elizabeth.okonkwo@yabatech.edu.ng,+1-577-861-3477x9959,2024/2025,1st Semester,GNS 101,Use of English,2,69,11,26,37,F,0.0
P/ND/23/69236,Science Lab Tech,ND1,Female,21,Kaduna,Victoria,Ekwueme,victoria.ekwueme@yabatech.edu.ng,274.703.9504,2024/2025,1st Semester,GNS 101,Use of English,2,37,7,17,24,F,0.0
P/ND/23/69236,Science Lab Tech,ND1,Female,21,Kaduna,Victoria,Ekwueme,victoria.ekwueme@yabatech.edu.ng,274.703.9504,2024/2025,1st Semester,MTH 111,Logic & Linear Algebra,2,68,11,27,38,F,0.0
P/ND/23/69236,Science Lab Tech,ND1,Female,21,Kaduna,Victoria,Ekwueme,victoria.ekwueme@yabatech.edu.ng,274.703.9504,2024/2025,1st Semester,STC 112,General Chemistry,3,16,6,16,22,F,0.0
P/ND/23/69236,Science Lab Tech,ND1,Female,21,Kaduna,Victoria,Ekwueme,victoria.ekwueme@yabatech.edu.ng,274.703.9504,2024/2025,1st Semester,STB 111,General Biology,3,19,4,10,14,F,0.0
P/ND/23/69236,Science Lab Tech,ND1,Female,21,Kaduna,Victoria,Ekwueme,victoria.ekwueme@yabatech.edu.ng,274.703.9504,2024/2025,1st Semester,GLT 111,General Lab Techniques,4,76,10,23,33,F,0.0
F/HN/23/66322,Civil Engineering,HND1,Male,17,Rivers,Emmanuel,Adetokunbo,emmanuel.adetokunbo@yabatech.edu.ng,947-305-8402x9684,2024/2025,1st Semester,CEC 110,Fluid Mechanics,4,57,12,28,40,E,2.0
F/HN/23/66322,Civil Engineering,HND1,Male,17,Rivers,Emmanuel,Adetokunbo,emmanuel.adetokunbo@yabatech.edu.ng,947-305-8402x9684,2024/2025,1st Semester,CEC 101,Engineering Drawing,3,44,10,23,33,F,0.0
F/HN/23/66322,Civil Engineering,HND1,Male,17,Rivers,Emmanuel,Adetokunbo,emmanuel.adetokunbo@yabatech.edu.ng,947-305-8402x9684,2024/2025,1st Semester,MEC 101,Workshop Technology,2,65,16,37,53,CD,2.5
P/ND/23/68364,Science Lab Tech,ND2,Female,25,Abia,Deborah,Okonkwo,deborah.okonkwo@yabatech.edu.ng,380.710.9045,2024/2025,1st Semester,GNS 101,Use of English,2,74,26,61,87,A,4.0
P/ND/23/68364,Science Lab Tech,ND2,Female,25,Abia,Deborah,Okonkwo,deborah.okonkwo@yabatech.edu.ng,380.710.9045,2024/2025,1st Semester,STB 111,General Biology,3,100,22,53,75,A,4.0
P/ND/23/68364,Science Lab Tech,ND2,Female,25,Abia,Deborah,Okonkwo,deborah.okonkwo@yabatech.edu.ng,380.710.9045,2024/2025,1st Semester,STC 112,General Chemistry,3,100,20,48,68,B,3.25
P/ND/23/68364,Science Lab Tech,ND2,Female,25,Abia,Deborah,Okonkwo,deborah.okonkwo@yabatech.edu.ng,380.710.9045,2024/2025,1st Semester,GLT 111,General Lab Techniques,4,87,21,49,70,AB,3.5
P/ND/23/68364,Science Lab Tech,ND2,Female,25,Abia,Deborah,Okonkwo,deborah.okonkwo@yabatech.edu.ng,380.710.9045,2024/2025,1st Semester,MTH 111,Logic & Linear Algebra,2,70,23,55,78,A,4.0
P/ND/23/13114,Computer Science,ND1,Female,19,Plateau,Victoria,Okonkwo,victoria.okonkwo@yabatech.edu.ng,726.901.0068x7364,2024/2025,1st Semester,COM 112,Digital Electronics,3,87,21,50,71,AB,3.5
P/ND/23/13114,Computer Science,ND1,Female,19,Plateau,Victoria,Okonkwo,victoria.okonkwo@yabatech.edu.ng,726.901.0068x7364,2024/2025,1st Semester,MTH 111,Logic & Linear Algebra,2,98,16,38,54,CD,2.5
P/ND/23/13114,Computer Science,ND1,Female,19,Plateau,Victoria,Okonkwo,victoria.okonkwo@yabatech.edu.ng,726.901.0068x7364,2024/2025,1st Semester,COM 101,Intro to Computing,4,76,16,39,55,C,2.75
P/ND/23/13114,Computer Science,ND1,Female,19,Plateau,Victoria,Okonkwo,victoria.okonkwo@yabatech.edu.ng,726.901.0068x7364,2024/2025,1st Semester,GNS 101,Use of English,2,80,19,45,64,BC,3.0
P/ND/23/13114,Computer Science,ND1,Female,19,Plateau,Victoria,Okonkwo,victoria.okonkwo@yabatech.edu.ng,726.901.0068x7364,2024/2025,1st Semester,STA 111,Intro to Statistics,2,98,21,49,70,AB,3.5
P/ND/23/89758,Electrical Engineering,ND2,Male,26,Ondo,David,Adetokunbo,david.adetokunbo@yabatech.edu.ng,227.300.8436x06107,2024/2025,1st Semester,EEC 111,Electrical Science,3,71,13,31,44,E,2.0
P/ND/23/89758,Electrical Engineering,ND2,Male,26,Ondo,David,Adetokunbo,david.adetokunbo@yabatech.edu.ng,227.300.8436x06107,2024/2025,1st Semester,MEC 112,Mechanical Workshop,2,32,14,33,47,D,2.25
P/ND/23/89758,Electrical Engineering,ND2,Male,26,Ondo,David,Adetokunbo,david.adetokunbo@yabatech.edu.ng,227.300.8436x06107,2024/2025,1st Semester,EEC 115,Electrical Graphics,2,52,17,39,56,C,2.75
P/ND/23/89758,Electrical Engineering,ND2,Male,26,Ondo,David,Adetokunbo,david.adetokunbo@yabatech.edu.ng,227.300.8436x06107,2024/2025,1st Semester,GNS 101,Use of English,2,63,14,34,48,D,2.25
P/ND/23/89758,Electrical Engineering,ND2,Male,26,Ondo,David,Adetokunbo,david.adetokunbo@yabatech.edu.ng,227.300.8436x06107,2024/2025,1st Semester,MTH 111,Logic & Linear Algebra,2,62,19,44,63,BC,3.0
F/ND/23/36460,Civil Engineering,ND2,Female,25,Abia,Benjamin,Ekwueme,benjamin.ekwueme@yabatech.edu.ng,001-741-491-4104x727,2024/2025,1st Semester,MEC 101,Workshop Technology,2,57,20,46,66,B,3.25
F/ND/23/36460,Civil Engineering,ND2,Female,25,Abia,Benjamin,Ekwueme,benjamin.ekwueme@yabatech.edu.ng,001-741-491-4104x727,2024/2025,1st Semester,CEC 110,Fluid Mechanics,4,64,20,47,67,B,3.25
F/ND/23/36460,Civil Engineering,ND2,Female,25,Abia,Benjamin,Ekwueme,benjamin.ekwueme@yabatech.edu.ng,001-741-491-4104x727,2024/2025,1st Semester,CEC 101,Engineering Drawing,3,66,20,46,66,B,3.25
P/ND/23/74746,Civil Engineering,ND2,Male,27,Ekiti,Simon,Adetokunbo,simon.adetokunbo@yabatech.edu.ng,449-845-0645,2024/2025,1st Semester,CEC 101,Engineering Drawing,3,96,26,60,86,A,4.0
P/ND/23/74746,Civil Engineering,ND2,Male,27,Ekiti,Simon,Adetokunbo,simon.adetokunbo@yabatech.edu.ng,449-845-0645,2024/2025,1st Semester,MEC 101,Workshop Technology,2,87,26,62,88,A,4.0
P/ND/23/74746,Civil Engineering,ND2,Male,27,Ekiti,Simon,Adetokunbo,simon.adetokunbo@yabatech.edu.ng,449-845-0645,2024/2025,1st Semester,CEC 110,Fluid Mechanics,4,67,25,58,83,A,4.0
P/HN/23/65855,Mass Communication,HND2,Female,23,Kebbi,Deborah,Balogun,deborah.balogun@yabatech.edu.ng,4729105151,2024/2025,1st Semester,MAC 101,Intro to Mass Comm,3,78,14,34,48,D,2.25
P/HN/23/65855,Mass Communication,HND2,Female,23,Kebbi,Deborah,Balogun,deborah.balogun@yabatech.edu.ng,4729105151,2024/2025,1st Semester,MAC 115,News Writing,3,40,7,17,24,F,0.0
P/HN/23/65855,Mass Communication,HND2,Female,23,Kebbi,Deborah,Balogun,deborah.balogun@yabatech.edu.ng,4729105151,2024/2025,1st Semester,MAC 107,Intro to Broadcasting,3,45,4,10,14,F,0.0
P/HN/23/65855,Mass Communication,HND2,Female,23,Kebbi,Deborah,Balogun,deborah.balogun@yabatech.edu.ng,4729105151,2024/2025,1st Semester,GNS 101,Use of English,2,72,10,24,34,F,0.0
P/HN/23/65855,Mass Communication,HND2,Female,23,Kebbi,Deborah,Balogun,deborah.balogun@yabatech.edu.ng,4729105151,2024/2025,1st Semester,GNS 127,Citizenship Education,2,62,13,32,45,D,2.25
F/HN/23/72065,Business Administration,HND2,Female,29,Plateau,Deborah,Ojo,deborah.ojo@yabatech.edu.ng,001-778-421-1690x1712,2024/2025,1st Semester,BAM 101,Intro to Business Admin,3,100,16,38,54,CD,2.5
F/HN/23/72065,Business Administration,HND2,Female,29,Plateau,Deborah,Ojo,deborah.ojo@yabatech.edu.ng,001-778-421-1690x1712,2024/2025,1st Semester,ECO 101,Intro to Economics,2,85,18,43,61,BC,3.0
F/HN/23/72065,Business Administration,HND2,Female,29,Plateau,Deborah,Ojo,deborah.ojo@yabatech.edu.ng,001-778-421-1690x1712,2024/2025,1st Semester,ACC 111,Intro to Accounting,3,90,18,42,60,BC,3.0
P/ND/23/34251,Science Lab Tech,ND1,Male,29,Ebonyi,Stephen,Ekwueme,stephen.ekwueme@yabatech.edu.ng,(585)877-1229x3532,2024/2025,1st Semester,STC 112,General Chemistry,3,76,23,54,77,A,4.0
P/ND/23/34251,Science Lab Tech,ND1,Male,29,Ebonyi,Stephen,Ekwueme,stephen.ekwueme@yabatech.edu.ng,(585)877-1229x3532,2024/2025,1st Semester,GNS 101,Use of English,2,52,25,60,85,A,4.0
P/ND/23/34251,Science Lab Tech,ND1,Male,29,Ebonyi,Stephen,Ekwueme,stephen.ekwueme@yabatech.edu.ng,(585)877-1229x3532,2024/2025,1st Semester,GLT 111,General Lab Techniques,4,100,26,61,87,A,4.0
P/ND/23/34251,Science Lab Tech,ND1,Male,29,Ebonyi,Stephen,Ekwueme,stephen.ekwueme@yabatech.edu.ng,(585)877-1229x3532,2024/2025,1st Semester,STB 111,General Biology,3,59,20,48,68,B,3.25
P/ND/23/34251,Science Lab Tech,ND1,Male,29,Ebonyi,Stephen,Ekwueme,stephen.ekwueme@yabatech.edu.ng,(585)877-1229x3532,2024/2025,1st Semester,MTH 111,Logic & Linear Algebra,2,75,25,58,83,A,4.0
F/HN/23/93933,Computer Science,HND2,Female,30,Imo,Peter,Ekwueme,peter.ekwueme@yabatech.edu.ng,(534)308-8319x979,2024/2025,1st Semester,STA 111,Intro to Statistics,2,76,19,45,64,BC,3.0
F/HN/23/93933,Computer Science,HND2,Female,30,Imo,Peter,Ekwueme,peter.ekwueme@yabatech.edu.ng,(534)308-8319x979,2024/2025,1st Semester,COM 101,Intro to Computing,4,94,19,45,64,BC,3.0
F/HN/23/93933,Computer Science,HND2,Female,30,Imo,Peter,Ekwueme,peter.ekwueme@yabatech.edu.ng,(534)308-8319x979,2024/2025,1st Semester,MTH 111,Logic & Linear Algebra,2,64,22,52,74,AB,3.5
F/HN/23/93933,Computer Science,HND2,Female,30,Imo,Peter,Ekwueme,peter.ekwueme@yabatech.edu.ng,(534)308-8319x979,2024/2025,1st Semester,COM 112,Digital Electronics,3,83,17,40,57,C,2.75
F/HN/23/93933,Computer Science,HND2,Female,30,Imo,Peter,Ekwueme,peter.ekwueme@yabatech.edu.ng,(534)308-8319x979,2024/2025,1st Semester,GNS 101,Use of English,2,68,21,49,70,AB,3.5
F/HN/23/93933,Computer Science,HND2,Female,30,Imo,Peter,Ekwueme,peter.ekwueme@yabatech.edu.ng,(534)308-8319x979,2024/2025,1st Semester,COM 113,Intro to Programming,4,49,17,41,58,C,2.75
F/ND/23/96473,Computer Science,ND1,Male,22,Taraba,Peter,Okonkwo,peter.okonkwo@yabatech.edu.ng,(695)650-1848x97237,2024/2025,1st Semester,COM 113,Intro to Programming,4,49,10,25,35,F,0.0
F/ND/23/96473,Computer Science,ND1,Male,22,Taraba,Peter,Okonkwo,peter.okonkwo@yabatech.edu.ng,(695)650-1848x97237,2024/2025,1st Semester,MTH 111,Logic & Linear Algebra,2,73,13,31,44,E,2.0
F/ND/23/96473,Computer Science,ND1,Male,22,Taraba,Peter,Okonkwo,peter.okonkwo@yabatech.edu.ng,(695)650-1848x97237,2024/2025,1st Semester,STA 111,Intro to Statistics,2,62,16,37,53,CD,2.5
F/ND/23/96473,Computer Science,ND1,Male,22,Taraba,Peter,Okonkwo,peter.okonkwo@yabatech.edu.ng,(695)650-1848x97237,2024/2025,1st Semester,GNS 101,Use of English,2,60,13,31,44,E,2.0
F/ND/23/96473,Computer Science,ND1,Male,22,Taraba,Peter,Okonkwo,peter.okonkwo@yabatech.edu.ng,(695)650-1848x97237,2024/2025,1st Semester,COM 101,Intro to Computing,4,35,11,27,38,F,0.0
F/HN/23/26867,Science Lab Tech,HND2,Female,28,Cross River,Gloria,Ojo,gloria.ojo@yabatech.edu.ng,5933632480,2024/2025,1st Semester,STC 112,General Chemistry,3,77,27,65,92,A,4.0
F/HN/23/26867,Science Lab Tech,HND2,Female,28,Cross River,Gloria,Ojo,gloria.ojo@yabatech.edu.ng,5933632480,2024/2025,1st Semester,GLT 111,General Lab Techniques,4,70,29,68,97,A,4.0
F/HN/23/26867,Science Lab Tech,HND2,Female,28,Cross River,Gloria,Ojo,gloria.ojo@yabatech.edu.ng,5933632480,2024/2025,1st Semester,STB 111,General Biology,3,100,27,65,92,A,4.0
F/HN/23/26867,Science Lab Tech,HND2,Female,28,Cross River,Gloria,Ojo,gloria.ojo@yabatech.edu.ng,5933632480,2024/2025,1st Semester,MTH 111,Logic & Linear Algebra,2,74,26,61,87,A,4.0
F/HN/23/26867,Science Lab Tech,HND2,Female,28,Cross River,Gloria,Ojo,gloria.ojo@yabatech.edu.ng,5933632480,2024/2025,1st Semester,GNS 101,Use of English,2,74,26,62,88,A,4.0
P/HN/23/2098,Computer Science,HND1,Male,23,Ebonyi,Gloria,Abiola,gloria.abiola@yabatech.edu.ng,+1-286-459-1003x095,2024/2025,1st Semester,GNS 101,Use of English,2,64,23,53,76,A,4.0
P/HN/23/2098,Computer Science,HND1,Male,23,Ebonyi,Gloria,Abiola,gloria.abiola@yabatech.edu.ng,+1-286-459-1003x095,2024/2025,1st Semester,MTH 111,Logic & Linear Algebra,2,84,23,53,76,A,4.0
P/HN/23/2098,Computer Science,HND1,Male,23,Ebonyi,Gloria,Abiola,gloria.abiola@yabatech.edu.ng,+1-286-459-1003x095,2024/2025,1st Semester,COM 113,Intro to Programming,4,100,19,46,65,B,3.25
P/HN/23/2098,Computer Science,HND1,Male,23,Ebonyi,Gloria,Abiola,gloria.abiola@yabatech.edu.ng,+1-286-459-1003x095,2024/2025,1st Semester,COM 101,Intro to Computing,4,81,23,53,76,A,4.0
P/HN/23/2098,Computer Science,HND1,Male,23,Ebonyi,Gloria,Abiola,gloria.abiola@yabatech.edu.ng,+1-286-459-1003x095,2024/2025,1st Semester,STA 111,Intro to Statistics,2,60,19,44,63,BC,3.0
F/ND/23/82170,Computer Science,ND2,Male,26,Ondo,Benjamin,Olawale,benjamin.olawale@yabatech.edu.ng,567.784.4477x54331,2024/2025,1st Semester,STA 111,Intro to Statistics,2,29,3,8,11,F,0.0
F/ND/23/82170,Computer Science,ND2,Male,26,Ondo,Benjamin,Olawale,benjamin.olawale@yabatech.edu.ng,567.784.4477x54331,2024/2025,1st Semester,GNS 101,Use of English,2,41,3,8,11,F,0.0
F/ND/23/82170,Computer Science,ND2,Male,26,Ondo,Benjamin,Olawale,benjamin.olawale@yabatech.edu.ng,567.784.4477x54331,2024/2025,1st Semester,COM 112,Digital Electronics,3,54,12,29,41,E,2.0
F/ND/23/82170,Computer Science,ND2,Male,26,Ondo,Benjamin,Olawale,benjamin.olawale@yabatech.edu.ng,567.784.4477x54331,2024/2025,1st Semester,COM 113,Intro to Programming,4,32,5,12,17,F,0.0
F/ND/23/82170,Computer Science,ND2,Male,26,Ondo,Benjamin,Olawale,benjamin.olawale@yabatech.edu.ng,567.784.4477x54331,2024/2025,1st Semester,COM 101,Intro to Computing,4,41,7,16,23,F,0.0
P/HN/23/67885,Computer Science,HND1,Female,30,Plateau,Juliet,Ojo,juliet.ojo@yabatech.edu.ng,613.310.4529x062,2024/2025,1st Semester,GNS 101,Use of English,2,75,28,65,93,A,4.0
P/HN/23/67885,Computer Science,HND1,Female,30,Plateau,Juliet,Ojo,juliet.ojo@yabatech.edu.ng,613.310.4529x062,2024/2025,1st Semester,COM 101,Intro to Computing,4,68,27,63,90,A,4.0
P/HN/23/67885,Computer Science,HND1,Female,30,Plateau,Juliet,Ojo,juliet.ojo@yabatech.edu.ng,613.310.4529x062,2024/2025,1st Semester,COM 112,Digital Electronics,3,57,28,67,95,A,4.0
P/HN/23/67885,Computer Science,HND1,Female,30,Plateau,Juliet,Ojo,juliet.ojo@yabatech.edu.ng,613.310.4529x062,2024/2025,1st Semester,COM 113,Intro to Programming,4,76,23,54,77,A,4.0
P/HN/23/67885,Computer Science,HND1,Female,30,Plateau,Juliet,Ojo,juliet.ojo@yabatech.edu.ng,613.310.4529x062,2024/2025,1st Semester,STA 111,Intro to Statistics,2,98,29,68,97,A,4.0
P/HN/23/67885,Computer Science,HND1,Female,30,Plateau,Juliet,Ojo,juliet.ojo@yabatech.edu.ng,613.310.4529x062,2024/2025,1st Semester,MTH 111,Logic & Linear Algebra,2,95,28,65,93,A,4.0
P/HN/23/54659,Computer Science,HND2,Female,25,Nasarawa,Simon,Eze,simon.eze@yabatech.edu.ng,657-405-1153x14870,2024/2025,1st Semester,COM 113,Intro to Programming,4,61,13,31,44,E,2.0
P/HN/23/54659,Computer Science,HND2,Female,25,Nasarawa,Simon,Eze,simon.eze@yabatech.edu.ng,657-405-1153x14870,2024/2025,1st Semester,GNS 101,Use of English,2,20,10,23,33,F,0.0
P/HN/23/54659,Computer Science,HND2,Female,25,Nasarawa,Simon,Eze,simon.eze@yabatech.edu.ng,657-405-1153x14870,2024/2025,1st Semester,MTH 111,Logic & Linear Algebra,2,53,17,40,57,C,2.75
P/HN/23/54659,Computer Science,HND2,Female,25,Nasarawa,Simon,Eze,simon.eze@yabatech.edu.ng,657-405-1153x14870,2024/2025,1st Semester,COM 112,Digital Electronics,3,50,12,28,40,E,2.0
P/HN/23/54659,Computer Science,HND2,Female,25,Nasarawa,Simon,Eze,simon.eze@yabatech.edu.ng,657-405-1153x14870,2024/2025,1st Semester,STA 111,Intro to Statistics,2,49,12,28,40,E,2.0
P/HN/23/54659,Computer Science,HND2,Female,25,Nasarawa,Simon,Eze,simon.eze@yabatech.edu.ng,657-405-1153x14870,2024/2025,1st Semester,COM 101,Intro to Computing,4,39,12,28,40,E,2.0
F/HN/23/58462,Mass Communication,HND1,Male,26,Benue,Joy,Ojo,joy.ojo@yabatech.edu.ng,001-983-718-5263x350,2024/2025,1st Semester,MAC 101,Intro to Mass Comm,3,90,24,56,80,A,4.0
F/HN/23/58462,Mass Communication,HND1,Male,26,Benue,Joy,Ojo,joy.ojo@yabatech.edu.ng,001-983-718-5263x350,2024/2025,1st Semester,GNS 101,Use of English,2,88,25,60,85,A,4.0
F/HN/23/58462,Mass Communication,HND1,Male,26,Benue,Joy,Ojo,joy.ojo@yabatech.edu.ng,001-983-718-5263x350,2024/2025,1st Semester,MAC 115,News Writing,3,77,21,51,72,AB,3.5
F/HN/23/58462,Mass Communication,HND1,Male,26,Benue,Joy,Ojo,joy.ojo@yabatech.edu.ng,001-983-718-5263x350,2024/2025,1st Semester,GNS 127,Citizenship Education,2,77,22,52,74,AB,3.5
F/HN/23/58462,Mass Communication,HND1,Male,26,Benue,Joy,Ojo,joy.ojo@yabatech.edu.ng,001-983-718-5263x350,2024/2025,1st Semester,MAC 107,Intro to Broadcasting,3,73,24,58,82,A,4.0
P/ND/23/91483,Electrical Engineering,ND1,Male,18,Bauchi,John,Obasanjo,john.obasanjo@yabatech.edu.ng,8575872935,2024/2025,1st Semester,MTH 111,Logic & Linear Algebra,2,91,30,70,100,A,4.0
P/ND/23/91483,Electrical Engineering,ND1,Male,18,Bauchi,John,Obasanjo,john.obasanjo@yabatech.edu.ng,8575872935,2024/2025,1st Semester,GNS 101,Use of English,2,77,29,69,98,A,4.0
P/ND/23/91483,Electrical Engineering,ND1,Male,18,Bauchi,John,Obasanjo,john.obasanjo@yabatech.edu.ng,8575872935,2024/2025,1st Semester,MEC 112,Mechanical Workshop,2,67,24,57,81,A,4.0
P/ND/23/91483,Electrical Engineering,ND1,Male,18,Bauchi,John,Obasanjo,john.obasanjo@yabatech.edu.ng,8575872935,2024/2025,1st Semester,EEC 115,Electrical Graphics,2,85,28,65,93,A,4.0
P/ND/23/91483,Electrical Engineering,ND1,Male,18,Bauchi,John,Obasanjo,john.obasanjo@yabatech.edu.ng,8575872935,2024/2025,1st Semester,EEC 111,Electrical Science,3,100,25,59,84,A,4.0
P/HN/23/45510,Science Lab Tech,HND1,Male,22,Adamawa,John,Akinwale,john.akinwale@yabatech.edu.ng,+1-483-336-5178x75825,2024/2025,1st Semester,STC 112,General Chemistry,3,79,25,60,85,A,4.0
P/HN/23/45510,Science Lab Tech,HND1,Male,22,Adamawa,John,Akinwale,john.akinwale@yabatech.edu.ng,+1-483-336-5178x75825,2024/2025,1st Semester,STB 111,General Biology,3,86,26,62,88,A,4.0
P/HN/23/45510,Science Lab Tech,HND1,Male,22,Adamawa,John,Akinwale,john.akinwale@yabatech.edu.ng,+1-483-336-5178x75825,2024/2025,1st Semester,GLT 111,General Lab Techniques,4,44,20,46,66,B,3.25
P/HN/23/45510,Science Lab Tech,HND1,Male,22,Adamawa,John,Akinwale,john.akinwale@yabatech.edu.ng,+1-483-336-5178x75825,2024/2025,1st Semester,MTH 111,Logic & Linear Algebra,2,90,26,61,87,A,4.0
P/HN/23/45510,Science Lab Tech,HND1,Male,22,Adamawa,John,Akinwale,john.akinwale@yabatech.edu.ng,+1-483-336-5178x75825,2024/2025,1st Semester,GNS 101,Use of English,2,86,23,55,78,A,4.0
F/ND/23/43136,Science Lab Tech,ND1,Female,28,Bayelsa,Paul,Uche,paul.uche@yabatech.edu.ng,(815)359-0020x46548,2024/2025,1st Semester,STC 112,General Chemistry,3,92,26,61,87,A,4.0
F/ND/23/43136,Science Lab Tech,ND1,Female,28,Bayelsa,Paul,Uche,paul.uche@yabatech.edu.ng,(815)359-0020x46548,2024/2025,1st Semester,MTH 111,Logic & Linear Algebra,2,80,29,69,98,A,4.0
F/ND/23/43136,Science Lab Tech,ND1,Female,28,Bayelsa,Paul,Uche,paul.uche@yabatech.edu.ng,(815)359-0020x46548,2024/2025,1st Semester,GLT 111,General Lab Techniques,4,73,26,61,87,A,4.0
F/ND/23/43136,Science Lab Tech,ND1,Female,28,Bayelsa,Paul,Uche,paul.uche@yabatech.edu.ng,(815)359-0020x46548,2024/2025,1st Semester,GNS 101,Use of English,2,81,28,66,94,A,4.0
F/ND/23/43136,Science Lab Tech,ND1,Female,28,Bayelsa,Paul,Uche,paul.uche@yabatech.edu.ng,(815)359-0020x46548,2024/2025,1st Semester,STB 111,General Biology,3,83,29,69,98,A,4.0
F/ND/23/69757,Computer Science,ND1,Female,26,Kaduna,Stephen,Eze,stephen.eze@yabatech.edu.ng,9348829199,2024/2025,1st Semester,COM 101,Intro to Computing,4,43,10,25,35,F,0.0
F/ND/23/69757,Computer Science,ND1,Female,26,Kaduna,Stephen,Eze,stephen.eze@yabatech.edu.ng,9348829199,2024/2025,1st Semester,GNS 101,Use of English,2,42,11,26,37,F,0.0
F/ND/23/69757,Computer Science,ND1,Female,26,Kaduna,Stephen,Eze,stephen.eze@yabatech.edu.ng,9348829199,2024/2025,1st Semester,COM 112,Digital Electronics,3,24,9,22,31,F,0.0
F/ND/23/69757,Computer Science,ND1,Female,26,Kaduna,Stephen,Eze,stephen.eze@yabatech.edu.ng,9348829199,2024/2025,1st Semester,STA 111,Intro to Statistics,2,44,10,24,34,F,0.0
F/ND/23/69757,Computer Science,ND1,Female,26,Kaduna,Stephen,Eze,stephen.eze@yabatech.edu.ng,9348829199,2024/2025,1st Semester,COM 113,Intro to Programming,4,49,13,31,44,E,2.0
P/ND/23/44583,Business Administration,ND1,Male,24,Nasarawa,Gabriel,Okafor,gabriel.okafor@yabatech.edu.ng,+1-728-828-7204x13336,2024/2025,1st Semester,ECO 101,Intro to Economics,2,52,12,28,40,E,2.0
P/ND/23/44583,Business Administration,ND1,Male,24,Nasarawa,Gabriel,Okafor,gabriel.okafor@yabatech.edu.ng,+1-728-828-7204x13336,2024/2025,1st Semester,BAM 101,Intro to Business Admin,3,38,11,27,38,F,0.0
P/ND/23/44583,Business Administration,ND1,Male,24,Nasarawa,Gabriel,Okafor,gabriel.okafor@yabatech.edu.ng,+1-728-828-7204x13336,2024/2025,1st Semester,ACC 111,Intro to Accounting,3,79,11,27,38,F,0.0
F/ND/23/15118,Science Lab Tech,ND1,Female,17,Plateau,Peter,Adetokunbo,peter.adetokunbo@yabatech.edu.ng,690-902-6700x3691,2024/2025,1st Semester,GNS 101,Use of English,2,39,8,20,28,F,0.0
F/ND/23/15118,Science Lab Tech,ND1,Female,17,Plateau,Peter,Adetokunbo,peter.adetokunbo@yabatech.edu.ng,690-902-6700x3691,2024/2025,1st Semester,STC 112,General Chemistry,3,75,11,26,37,F,0.0
F/ND/23/15118,Science Lab Tech,ND1,Female,17,Plateau,Peter,Adetokunbo,peter.adetokunbo@yabatech.edu.ng,690-902-6700x3691,2024/2025,1st Semester,MTH 111,Logic & Linear Algebra,2,43,8,18,26,F,0.0
F/ND/23/15118,Science Lab Tech,ND1,Female,17,Plateau,Peter,Adetokunbo,peter.adetokunbo@yabatech.edu.ng,690-902-6700x3691,2024/2025,1st Semester,GLT 111,General Lab Techniques,4,47,7,16,23,F,0.0
F/ND/23/15118,Science Lab Tech,ND1,Female,17,Plateau,Peter,Adetokunbo,peter.adetokunbo@yabatech.edu.ng,690-902-6700x3691,2024/2025,1st Semester,STB 111,General Biology,3,40,6,14,20,F,0.0
P/ND/23/17601,Science Lab Tech,ND2,Male,30,Osun,Cornelius,Abiola,cornelius.abiola@yabatech.edu.ng,561.680.4492x627,2024/2025,1st Semester,MTH 111,Logic & Linear Algebra,2,28,15,36,51,CD,2.5
P/ND/23/17601,Science Lab Tech,ND2,Male,30,Osun,Cornelius,Abiola,cornelius.abiola@yabatech.edu.ng,561.680.4492x627,2024/2025,1st Semester,GNS 101,Use of English,2,40,11,26,37,F,0.0
P/ND/23/17601,Science Lab Tech,ND2,Male,30,Osun,Cornelius,Abiola,cornelius.abiola@yabatech.edu.ng,561.680.4492x627,2024/2025,1st Semester,STC 112,General Chemistry,3,63,17,40,57,C,2.75
P/ND/23/17601,Science Lab Tech,ND2,Male,30,Osun,Cornelius,Abiola,cornelius.abiola@yabatech.edu.ng,561.680.4492x627,2024/2025,1st Semester,STB 111,General Biology,3,43,10,24,34,F,0.0
P/ND/23/17601,Science Lab Tech,ND2,Male,30,Osun,Cornelius,Abiola,cornelius.abiola@yabatech.edu.ng,561.680.4492x627,2024/2025,1st Semester,GLT 111,General Lab Techniques,4,45,10,24,34,F,0.0
P/ND/23/51251,Business Administration,ND1,Female,22,Taraba,Cornelius,Oshodi,cornelius.oshodi@yabatech.edu.ng,001-630-908-1936,2024/2025,1st Semester,ECO 101,Intro to Economics,2,39,11,27,38,F,0.0
P/ND/23/51251,Business Administration,ND1,Female,22,Taraba,Cornelius,Oshodi,cornelius.oshodi@yabatech.edu.ng,001-630-908-1936,2024/2025,1st Semester,BAM 101,Intro to Business Admin,3,59,14,34,48,D,2.25
P/ND/23/51251,Business Administration,ND1,Female,22,Taraba,Cornelius,Oshodi,cornelius.oshodi@yabatech.edu.ng,001-630-908-1936,2024/2025,1st Semester,ACC 111,Intro to Accounting,3,37,9,22,31,F,0.0
F/ND/23/7412,Civil Engineering,ND1,Female,25,Bauchi,David,Akinwale,david.akinwale@yabatech.edu.ng,001-715-393-1326x858,2024/2025,1st Semester,CEC 110,Fluid Mechanics,4,44,13,30,43,E,2.0
F/ND/23/7412,Civil Engineering,ND1,Female,25,Bauchi,David,Akinwale,david.akinwale@yabatech.edu.ng,001-715-393-1326x858,2024/2025,1st Semester,CEC 101,Engineering Drawing,3,31,13,32,45,D,2.25
F/ND/23/7412,Civil Engineering,ND1,Female,25,Bauchi,David,Akinwale,david.akinwale@yabatech.edu.ng,001-715-393-1326x858,2024/2025,1st Semester,MEC 101,Workshop Technology,2,36,10,25,35,F,0.0
F/ND/23/19453,Civil Engineering,ND1,Male,29,Delta,Gabriel,Oyekan,gabriel.oyekan@yabatech.edu.ng,499.501.2937,2024/2025,1st Semester,CEC 101,Engineering Drawing,3,65,30,70,100,A,4.0
F/ND/23/19453,Civil Engineering,ND1,Male,29,Delta,Gabriel,Oyekan,gabriel.oyekan@yabatech.edu.ng,499.501.2937,2024/2025,1st Semester,MEC 101,Workshop Technology,2,77,28,67,95,A,4.0
F/ND/23/19453,Civil Engineering,ND1,Male,29,Delta,Gabriel,Oyekan,gabriel.oyekan@yabatech.edu.ng,499.501.2937,2024/2025,1st Semester,CEC 110,Fluid Mechanics,4,87,27,64,91,A,4.0
P/HN/23/23272,Mass Communication,HND1,Female,17,Lagos,Peter,Okonkwo,peter.okonkwo@yabatech.edu.ng,813-850-8743x3029,2024/2025,1st Semester,MAC 115,News Writing,3,100,18,43,61,BC,3.0
P/HN/23/23272,Mass Communication,HND1,Female,17,Lagos,Peter,Okonkwo,peter.okonkwo@yabatech.edu.ng,813-850-8743x3029,2024/2025,1st Semester,GNS 101,Use of English,2,71,22,51,73,AB,3.5
P/HN/23/23272,Mass Communication,HND1,Female,17,Lagos,Peter,Okonkwo,peter.okonkwo@yabatech.edu.ng,813-850-8743x3029,2024/2025,1st Semester,MAC 101,Intro to Mass Comm,3,53,19,46,65,B,3.25
P/HN/23/23272,Mass Communication,HND1,Female,17,Lagos,Peter,Okonkwo,peter.okonkwo@yabatech.edu.ng,813-850-8743x3029,2024/2025,1st Semester,MAC 107,Intro to Broadcasting,3,99,20,48,68,B,3.25
P/HN/23/23272,Mass Communication,HND1,Female,17,Lagos,Peter,Okonkwo,peter.okonkwo@yabatech.edu.ng,813-850-8743x3029,2024/2025,1st Semester,GNS 127,Citizenship Education,2,56,22,53,75,A,4.0
P/HN/23/16207,Civil Engineering,HND2,Female,22,Plateau,Angela,Ibrahim,angela.ibrahim@yabatech.edu.ng,001-740-577-5091x0919,2024/2025,1st Semester,MEC 101,Workshop Technology,2,92,18,43,61,BC,3.0
P/HN/23/16207,Civil Engineering,HND2,Female,22,Plateau,Angela,Ibrahim,angela.ibrahim@yabatech.edu.ng,001-740-577-5091x0919,2024/2025,1st Semester,CEC 101,Engineering Drawing,3,94,19,44,63,BC,3.0
P/HN/23/16207,Civil Engineering,HND2,Female,22,Plateau,Angela,Ibrahim,angela.ibrahim@yabatech.edu.ng,001-740-577-5091x0919,2024/2025,1st Semester,CEC 110,Fluid Mechanics,4,100,16,38,54,CD,2.5
F/ND/23/97287,Science Lab Tech,ND1,Male,18,Ebonyi,Philip,Ojo,philip.ojo@yabatech.edu.ng,(286)931-7994x158,2024/2025,1st Semester,STB 111,General Biology,3,100,25,59,84,A,4.0
F/ND/23/97287,Science Lab Tech,ND1,Male,18,Ebonyi,Philip,Ojo,philip.ojo@yabatech.edu.ng,(286)931-7994x158,2024/2025,1st Semester,STC 112,General Chemistry,3,98,24,56,80,A,4.0
F/ND/23/97287,Science Lab Tech,ND1,Male,18,Ebonyi,Philip,Ojo,philip.ojo@yabatech.edu.ng,(286)931-7994x158,2024/2025,1st Semester,MTH 111,Logic & Linear Algebra,2,71,24,57,81,A,4.0
F/ND/23/97287,Science Lab Tech,ND1,Male,18,Ebonyi,Philip,Ojo,philip.ojo@yabatech.edu.ng,(286)931-7994x158,2024/2025,1st Semester,GNS 101,Use of English,2,55,23,54,77,A,4.0
F/ND/23/97287,Science Lab Tech,ND1,Male,18,Ebonyi,Philip,Ojo,philip.ojo@yabatech.edu.ng,(286)931-7994x158,2024/2025,1st Semester,GLT 111,General Lab Techniques,4,92,23,53,76,A,4.0
F/ND/23/99806,Science Lab Tech,ND2,Female,25,Ebonyi,Benjamin,Obi,benjamin.obi@yabatech.edu.ng,905-290-3821x125,2024/2025,1st Semester,GLT 111,General Lab Techniques,4,99,27,63,90,A,4.0
F/ND/23/99806,Science Lab Tech,ND2,Female,25,Ebonyi,Benjamin,Obi,benjamin.obi@yabatech.edu.ng,905-290-3821x125,2024/2025,1st Semester,MTH 111,Logic & Linear Algebra,2,77,24,57,81,A,4.0
F/ND/23/99806,Science Lab Tech,ND2,Female,25,Ebonyi,Benjamin,Obi,benjamin.obi@yabatech.edu.ng,905-290-3821x125,2024/2025,1st Semester,STC 112,General Chemistry,3,46,20,48,68,B,3.25
F/ND/23/99806,Science Lab Tech,ND2,Female,25,Ebonyi,Benjamin,Obi,benjamin.obi@yabatech.edu.ng,905-290-3821x125,2024/2025,1st Semester,GNS 101,Use of English,2,61,28,66,94,A,4.0
F/ND/23/99806,Science Lab Tech,ND2,Female,25,Ebonyi,Benjamin,Obi,benjamin.obi@yabatech.edu.ng,905-290-3821x125,2024/2025,1st Semester,STB 111,General Biology,3,100,26,61,87,A,4.0
F/ND/23/5840,Electrical Engineering,ND1,Male,23,Kano,Faith,Uche,faith.uche@yabatech.edu.ng,001-645-365-4923x971,2024/2025,1st Semester,GNS 101,Use of English,2,75,24,57,81,A,4.0
F/ND/23/5840,Electrical Engineering,ND1,Male,23,Kano,Faith,Uche,faith.uche@yabatech.edu.ng,001-645-365-4923x971,2024/2025,1st Semester,EEC 115,Electrical Graphics,2,63,23,54,77,A,4.0
F/ND/23/5840,Electrical Engineering,ND1,Male,23,Kano,Faith,Uche,faith.uche@yabatech.edu.ng,001-645-365-4923x971,2024/2025,1st Semester,EEC 111,Electrical Science,3,78,24,56,80,A,4.0
F/ND/23/5840,Electrical Engineering,ND1,Male,23,Kano,Faith,Uche,faith.uche@yabatech.edu.ng,001-645-365-4923x971,2024/2025,1st Semester,MTH 111,Logic & Linear Algebra,2,55,23,53,76,A,4.0
F/ND/23/5840,Electrical Engineering,ND1,Male,23,Kano,Faith,Uche,faith.uche@yabatech.edu.ng,001-645-365-4923x971,2024/2025,1st Semester,MEC 112,Mechanical Workshop,2,100,23,53,76,A,4.0
P/ND/23/45484,Science Lab Tech,ND1,Female,16,Bayelsa,Agnes,Oshodi,agnes.oshodi@yabatech.edu.ng,4446879251,2024/2025,1st Semester,MTH 111,Logic & Linear Algebra,2,84,20,47,67,B,3.25
P/ND/23/45484,Science Lab Tech,ND1,Female,16,Bayelsa,Agnes,Oshodi,agnes.oshodi@yabatech.edu.ng,4446879251,2024/2025,1st Semester,STB 111,General Biology,3,84,20,47,67,B,3.25
P/ND/23/45484,Science Lab Tech,ND1,Female,16,Bayelsa,Agnes,Oshodi,agnes.oshodi@yabatech.edu.ng,4446879251,2024/2025,1st Semester,STC 112,General Chemistry,3,88,20,47,67,B,3.25
P/ND/23/45484,Science Lab Tech,ND1,Female,16,Bayelsa,Agnes,Oshodi,agnes.oshodi@yabatech.edu.ng,4446879251,2024/2025,1st Semester,GLT 111,General Lab Techniques,4,89,18,42,60,BC,3.0
P/ND/23/45484,Science Lab Tech,ND1,Female,16,Bayelsa,Agnes,Oshodi,agnes.oshodi@yabatech.edu.ng,4446879251,2024/2025,1st Semester,GNS 101,Use of English,2,78,23,54,77,A,4.0
P/ND/23/59921,Civil Engineering,ND2,Female,28,Akwa Ibom,Mary,Akinwale,mary.akinwale@yabatech.edu.ng,696.984.9357,2024/2025,1st Semester,CEC 110,Fluid Mechanics,4,29,11,26,37,F,0.0
P/ND/23/59921,Civil Engineering,ND2,Female,28,Akwa Ibom,Mary,Akinwale,mary.akinwale@yabatech.edu.ng,696.984.9357,2024/2025,1st Semester,CEC 101,Engineering Drawing,3,69,12,29,41,E,2.0
P/ND/23/59921,Civil Engineering,ND2,Female,28,Akwa Ibom,Mary,Akinwale,mary.akinwale@yabatech.edu.ng,696.984.9357,2024/2025,1st Semester,MEC 101,Workshop Technology,2,45,11,26,37,F,0.0
F/ND/23/11021,Electrical Engineering,ND2,Female,19,Ondo,Mark,Balogun,mark.balogun@yabatech.edu.ng,+1-705-855-8531x51957,2024/2025,1st Semester,EEC 115,Electrical Graphics,2,33,8,19,27,F,0.0
F/ND/23/11021,Electrical Engineering,ND2,Female,19,Ondo,Mark,Balogun,mark.balogun@yabatech.edu.ng,+1-705-855-8531x51957,2024/2025,1st Semester,GNS 101,Use of English,2,52,10,25,35,F,0.0
F/ND/23/11021,Electrical Engineering,ND2,Female,19,Ondo,Mark,Balogun,mark.balogun@yabatech.edu.ng,+1-705-855-8531x51957,2024/2025,1st Semester,MTH 111,Logic & Linear Algebra,2,43,5,13,18,F,0.0
F/ND/23/11021,Electrical Engineering,ND2,Female,19,Ondo,Mark,Balogun,mark.balogun@yabatech.edu.ng,+1-705-855-8531x51957,2024/2025,1st Semester,EEC 111,Electrical Science,3,36,7,16,23,F,0.0
F/ND/23/11021,Electrical Engineering,ND2,Female,19,Ondo,Mark,Balogun,mark.balogun@yabatech.edu.ng,+1-705-855-8531x51957,2024/2025,1st Semester,MEC 112,Mechanical Workshop,2,84,11,26,37,F,0.0
F/HN/23/11209,Electrical Engineering,HND1,Male,30,Adamawa,Peter,Nnamani,peter.nnamani@yabatech.edu.ng,+1-885-786-8347x289,2024/2025,1st Semester,GNS 101,Use of English,2,82,20,47,67,B,3.25
F/HN/23/11209,Electrical Engineering,HND1,Male,30,Adamawa,Peter,Nnamani,peter.nnamani@yabatech.edu.ng,+1-885-786-8347x289,2024/2025,1st Semester,MEC 112,Mechanical Workshop,2,79,23,55,78,A,4.0
F/HN/23/11209,Electrical Engineering,HND1,Male,30,Adamawa,Peter,Nnamani,peter.nnamani@yabatech.edu.ng,+1-885-786-8347x289,2024/2025,1st Semester,EEC 111,Electrical Science,3,99,21,50,71,AB,3.5
F/HN/23/11209,Electrical Engineering,HND1,Male,30,Adamawa,Peter,Nnamani,peter.nnamani@yabatech.edu.ng,+1-885-786-8347x289,2024/2025,1st Semester,MTH 111,Logic & Linear Algebra,2,78,21,49,70,AB,3.5
F/HN/23/11209,Electrical Engineering,HND1,Male,30,Adamawa,Peter,Nnamani,peter.nnamani@yabatech.edu.ng,+1-885-786-8347x289,2024/2025,1st Semester,EEC 115,Electrical Graphics,2,60,24,56,80,A,4.0
F/ND/23/23869,Mass Communication,ND2,Female,26,Lagos,Juliet,Oshodi,juliet.oshodi@yabatech.edu.ng,283.838.6870,2024/2025,1st Semester,GNS 127,Citizenship Education,2,65,25,60,85,A,4.0
F/ND/23/23869,Mass Communication,ND2,Female,26,Lagos,Juliet,Oshodi,juliet.oshodi@yabatech.edu.ng,283.838.6870,2024/2025,1st Semester,MAC 101,Intro to Mass Comm,3,99,25,58,83,A,4.0
F/ND/23/23869,Mass Communication,ND2,Female,26,Lagos,Juliet,Oshodi,juliet.oshodi@yabatech.edu.ng,283.838.6870,2024/2025,1st Semester,GNS 101,Use of English,2,100,23,55,78,A,4.0
F/ND/23/23869,Mass Communication,ND2,Female,26,Lagos,Juliet,Oshodi,juliet.oshodi@yabatech.edu.ng,283.838.6870,2024/2025,1st Semester,MAC 107,Intro to Broadcasting,3,84,29,68,97,A,4.0
F/ND/23/23869,Mass Communication,ND2,Female,26,Lagos,Juliet,Oshodi,juliet.oshodi@yabatech.edu.ng,283.838.6870,2024/2025,1st Semester,MAC 115,News Writing,3,64,29,68,97,A,4.0
F/ND/23/40121,Civil Engineering,ND1,Male,29,Delta,Cornelius,Ojo,cornelius.ojo@yabatech.edu.ng,+1-616-458-7507x2186,2024/2025,1st Semester,CEC 101,Engineering Drawing,3,26,11,26,37,F,0.0
F/ND/23/40121,Civil Engineering,ND1,Male,29,Delta,Cornelius,Ojo,cornelius.ojo@yabatech.edu.ng,+1-616-458-7507x2186,2024/2025,1st Semester,MEC 101,Workshop Technology,2,46,13,32,45,D,2.25
F/ND/23/40121,Civil Engineering,ND1,Male,29,Delta,Cornelius,Ojo,cornelius.ojo@yabatech.edu.ng,+1-616-458-7507x2186,2024/2025,1st Semester,CEC 110,Fluid Mechanics,4,44,11,27,38,F,0.0
F/HN/23/83690,Mass Communication,HND1,Male,20,Rivers,Benjamin,Chukwu,benjamin.chukwu@yabatech.edu.ng,(250)580-1327,2024/2025,1st Semester,MAC 101,Intro to Mass Comm,3,87,15,36,51,CD,2.5
F/HN/23/83690,Mass Communication,HND1,Male,20,Rivers,Benjamin,Chukwu,benjamin.chukwu@yabatech.edu.ng,(250)580-1327,2024/2025,1st Semester,GNS 101,Use of English,2,67,19,46,65,B,3.25
F/HN/23/83690,Mass Communication,HND1,Male,20,Rivers,Benjamin,Chukwu,benjamin.chukwu@yabatech.edu.ng,(250)580-1327,2024/2025,1st Semester,MAC 115,News Writing,3,33,11,26,37,F,0.0
F/HN/23/83690,Mass Communication,HND1,Male,20,Rivers,Benjamin,Chukwu,benjamin.chukwu@yabatech.edu.ng,(250)580-1327,2024/2025,1st Semester,MAC 107,Intro to Broadcasting,3,63,19,44,63,BC,3.0
F/HN/23/83690,Mass Communication,HND1,Male,20,Rivers,Benjamin,Chukwu,benjamin.chukwu@yabatech.edu.ng,(250)580-1327,2024/2025,1st Semester,GNS 127,Citizenship Education,2,51,20,46,66,B,3.25
F/HN/23/22355,Computer Science,HND2,Female,16,Kano,Gloria,Olawale,gloria.olawale@yabatech.edu.ng,592-231-3403,2024/2025,1st Semester,MTH 111,Logic & Linear Algebra,2,39,6,16,22,F,0.0
F/HN/23/22355,Computer Science,HND2,Female,16,Kano,Gloria,Olawale,gloria.olawale@yabatech.edu.ng,592-231-3403,2024/2025,1st Semester,COM 101,Intro to Computing,4,57,11,25,36,F,0.0
F/HN/23/22355,Computer Science,HND2,Female,16,Kano,Gloria,Olawale,gloria.olawale@yabatech.edu.ng,592-231-3403,2024/2025,1st Semester,STA 111,Intro to Statistics,2,60,12,30,42,E,2.0
F/HN/23/22355,Computer Science,HND2,Female,16,Kano,Gloria,Olawale,gloria.olawale@yabatech.edu.ng,592-231-3403,2024/2025,1st Semester,GNS 101,Use of English,2,73,11,27,38,F,0.0
F/HN/23/22355,Computer Science,HND2,Female,16,Kano,Gloria,Olawale,gloria.olawale@yabatech.edu.ng,592-231-3403,2024/2025,1st Semester,COM 112,Digital Electronics,3,50,11,27,38,F,0.0
F/HN/23/22355,Computer Science,HND2,Female,16,Kano,Gloria,Olawale,gloria.olawale@yabatech.edu.ng,592-231-3403,2024/2025,1st Semester,COM 113,Intro to Programming,4,23,2,6,8,F,0.0
P/ND/23/91549,Science Lab Tech,ND1,Female,17,Adamawa,Charity,Ibrahim,charity.ibrahim@yabatech.edu.ng,307-676-9252x6059,2024/2025,1st Semester,MTH 111,Logic & Linear Algebra,2,91,28,67,95,A,4.0
P/ND/23/91549,Science Lab Tech,ND1,Female,17,Adamawa,Charity,Ibrahim,charity.ibrahim@yabatech.edu.ng,307-676-9252x6059,2024/2025,1st Semester,GLT 111,General Lab Techniques,4,42,21,49,70,AB,3.5
P/ND/23/91549,Science Lab Tech,ND1,Female,17,Adamawa,Charity,Ibrahim,charity.ibrahim@yabatech.edu.ng,307-676-9252x6059,2024/2025,1st Semester,STC 112,General Chemistry,3,71,28,66,94,A,4.0
P/ND/23/91549,Science Lab Tech,ND1,Female,17,Adamawa,Charity,Ibrahim,charity.ibrahim@yabatech.edu.ng,307-676-9252x6059,2024/2025,1st Semester,STB 111,General Biology,3,74,25,60,85,A,4.0
P/ND/23/91549,Science Lab Tech,ND1,Female,17,Adamawa,Charity,Ibrahim,charity.ibrahim@yabatech.edu.ng,307-676-9252x6059,2024/2025,1st Semester,GNS 101,Use of English,2,72,29,68,97,A,4.0
P/ND/23/18673,Civil Engineering,ND2,Female,30,Enugu,Juliet,Balogun,juliet.balogun@yabatech.edu.ng,(626)610-2103x3654,2024/2025,1st Semester,CEC 110,Fluid Mechanics,4,79,21,49,70,AB,3.5
P/ND/23/18673,Civil Engineering,ND2,Female,30,Enugu,Juliet,Balogun,juliet.balogun@yabatech.edu.ng,(626)610-2103x3654,2024/2025,1st Semester,CEC 101,Engineering Drawing,3,71,19,44,63,BC,3.0
P/ND/23/18673,Civil Engineering,ND2,Female,30,Enugu,Juliet,Balogun,juliet.balogun@yabatech.edu.ng,(626)610-2103x3654,2024/2025,1st Semester,MEC 101,Workshop Technology,2,76,23,55,78,A,4.0
P/ND/23/65318,Electrical Engineering,ND1,Female,24,Zamfara,Emmanuel,Okonkwo,emmanuel.okonkwo@yabatech.edu.ng,407.302.6180,2024/2025,1st Semester,EEC 115,Electrical Graphics,2,60,29,69,98,A,4.0
P/ND/23/65318,Electrical Engineering,ND1,Female,24,Zamfara,Emmanuel,Okonkwo,emmanuel.okonkwo@yabatech.edu.ng,407.302.6180,2024/2025,1st Semester,MEC 112,Mechanical Workshop,2,100,30,70,100,A,4.0
P/ND/23/65318,Electrical Engineering,ND1,Female,24,Zamfara,Emmanuel,Okonkwo,emmanuel.okonkwo@yabatech.edu.ng,407.302.6180,2024/2025,1st Semester,GNS 101,Use of English,2,98,30,70,100,A,4.0
P/ND/23/65318,Electrical Engineering,ND1,Female,24,Zamfara,Emmanuel,Okonkwo,emmanuel.okonkwo@yabatech.edu.ng,407.302.6180,2024/2025,1st Semester,EEC 111,Electrical Science,3,100,30,70,100,A,4.0
P/ND/23/65318,Electrical Engineering,ND1,Female,24,Zamfara,Emmanuel,Okonkwo,emmanuel.okonkwo@yabatech.edu.ng,407.302.6180,2024/2025,1st Semester,MTH 111,Logic & Linear Algebra,2,68,27,64,91,A,4.0
F/ND/23/20794,Civil Engineering,ND2,Male,27,Abia,Patience,Eze,patience.eze@yabatech.edu.ng,862.295.5697x736,2024/2025,1st Semester,CEC 110,Fluid Mechanics,4,77,17,41,58,C,2.75
F/ND/23/20794,Civil Engineering,ND2,Male,27,Abia,Patience,Eze,patience.eze@yabatech.edu.ng,862.295.5697x736,2024/2025,1st Semester,CEC 101,Engineering Drawing,3,72,22,51,73,AB,3.5
F/ND/23/20794,Civil Engineering,ND2,Male,27,Abia,Patience,Eze,patience.eze@yabatech.edu.ng,862.295.5697x736,2024/2025,1st Semester,MEC 101,Workshop Technology,2,92,17,40,57,C,2.75
F/ND/23/66694,Electrical Engineering,ND2,Male,17,Ebonyi,Daniel,Olawale,daniel.olawale@yabatech.edu.ng,001-524-289-1798x7689,2024/2025,1st Semester,EEC 115,Electrical Graphics,2,83,21,50,71,AB,3.5
F/ND/23/66694,Electrical Engineering,ND2,Male,17,Ebonyi,Daniel,Olawale,daniel.olawale@yabatech.edu.ng,001-524-289-1798x7689,2024/2025,1st Semester,EEC 111,Electrical Science,3,96,23,55,78,A,4.0
F/ND/23/66694,Electrical Engineering,ND2,Male,17,Ebonyi,Daniel,Olawale,daniel.olawale@yabatech.edu.ng,001-524-289-1798x7689,2024/2025,1st Semester,MTH 111,Logic & Linear Algebra,2,95,19,45,64,BC,3.0
F/ND/23/66694,Electrical Engineering,ND2,Male,17,Ebonyi,Daniel,Olawale,daniel.olawale@yabatech.edu.ng,001-524-289-1798x7689,2024/2025,1st Semester,MEC 112,Mechanical Workshop,2,63,20,47,67,B,3.25
F/ND/23/66694,Electrical Engineering,ND2,Male,17,Ebonyi,Daniel,Olawale,daniel.olawale@yabatech.edu.ng,001-524-289-1798x7689,2024/2025,1st Semester,GNS 101,Use of English,2,100,18,43,61,BC,3.0
F/ND/23/30295,Business Administration,ND2,Female,17,Kebbi,Peace,Olawale,peace.olawale@yabatech.edu.ng,(705)781-0940x450,2024/2025,1st Semester,BAM 101,Intro to Business Admin,3,18,5,13,18,F,0.0
F/ND/23/30295,Business Administration,ND2,Female,17,Kebbi,Peace,Olawale,peace.olawale@yabatech.edu.ng,(705)781-0940x450,2024/2025,1st Semester,ACC 111,Intro to Accounting,3,62,9,23,32,F,0.0
F/ND/23/30295,Business Administration,ND2,Female,17,Kebbi,Peace,Olawale,peace.olawale@yabatech.edu.ng,(705)781-0940x450,2024/2025,1st Semester,ECO 101,Intro to Economics,2,55,12,29,41,E,2.0
F/ND/23/13504,Science Lab Tech,ND1,Female,16,Lagos,Victoria,Nnamani,victoria.nnamani@yabatech.edu.ng,(624)481-5980,2024/2025,1st Semester,GLT 111,General Lab Techniques,4,29,7,18,25,F,0.0
F/ND/23/13504,Science Lab Tech,ND1,Female,16,Lagos,Victoria,Nnamani,victoria.nnamani@yabatech.edu.ng,(624)481-5980,2024/2025,1st Semester,MTH 111,Logic & Linear Algebra,2,38,9,22,31,F,0.0
F/ND/23/13504,Science Lab Tech,ND1,Female,16,Lagos,Victoria,Nnamani,victoria.nnamani@yabatech.edu.ng,(624)481-5980,2024/2025,1st Semester,STC 112,General Chemistry,3,35,5,12,17,F,0.0
F/ND/23/13504,Science Lab Tech,ND1,Female,16,Lagos,Victoria,Nnamani,victoria.nnamani@yabatech.edu.ng,(624)481-5980,2024/2025,1st Semester,GNS 101,Use of English,2,42,8,19,27,F,0.0
F/ND/23/13504,Science Lab Tech,ND1,Female,16,Lagos,Victoria,Nnamani,victoria.nnamani@yabatech.edu.ng,(624)481-5980,2024/2025,1st Semester,STB 111,General Biology,3,31,4,10,14,F,0.0
F/HN/23/85449,Mass Communication,HND1,Female,24,Imo,Gabriel,Adetokunbo,gabriel.adetokunbo@yabatech.edu.ng,001-245-921-9874x739,2024/2025,1st Semester,MAC 107,Intro to Broadcasting,3,52,12,29,41,E,2.0
F/HN/23/85449,Mass Communication,HND1,Female,24,Imo,Gabriel,Adetokunbo,gabriel.adetokunbo@yabatech.edu.ng,001-245-921-9874x739,2024/2025,1st Semester,GNS 101,Use of English,2,28,6,15,21,F,0.0
F/HN/23/85449,Mass Communication,HND1,Female,24,Imo,Gabriel,Adetokunbo,gabriel.adetokunbo@yabatech.edu.ng,001-245-921-9874x739,2024/2025,1st Semester,GNS 127,Citizenship Education,2,56,14,33,47,D,2.25
F/HN/23/85449,Mass Communication,HND1,Female,24,Imo,Gabriel,Adetokunbo,gabriel.adetokunbo@yabatech.edu.ng,001-245-921-9874x739,2024/2025,1st Semester,MAC 101,Intro to Mass Comm,3,55,14,33,47,D,2.25
F/HN/23/85449,Mass Communication,HND1,Female,24,Imo,Gabriel,Adetokunbo,gabriel.adetokunbo@yabatech.edu.ng,001-245-921-9874x739,2024/2025,1st Semester,MAC 115,News Writing,3,59,10,24,34,F,0.0
F/HN/23/10215,Computer Science,HND1,Female,22,Jigawa,John,Olawale,john.olawale@yabatech.edu.ng,(847)674-3865,2024/2025,1st Semester,COM 101,Intro to Computing,4,69,13,30,43,E,2.0
F/HN/23/10215,Computer Science,HND1,Female,22,Jigawa,John,Olawale,john.olawale@yabatech.edu.ng,(847)674-3865,2024/2025,1st Semester,STA 111,Intro to Statistics,2,42,10,23,33,F,0.0
F/HN/23/10215,Computer Science,HND1,Female,22,Jigawa,John,Olawale,john.olawale@yabatech.edu.ng,(847)674-3865,2024/2025,1st Semester,GNS 101,Use of English,2,50,18,42,60,BC,3.0
F/HN/23/10215,Computer Science,HND1,Female,22,Jigawa,John,Olawale,john.olawale@yabatech.edu.ng,(847)674-3865,2024/2025,1st Semester,COM 112,Digital Electronics,3,36,12,28,40,E,2.0
F/HN/23/10215,Computer Science,HND1,Female,22,Jigawa,John,Olawale,john.olawale@yabatech.edu.ng,(847)674-3865,2024/2025,1st Semester,MTH 111,Logic & Linear Algebra,2,42,9,21,30,F,0.0
F/HN/23/10215,Computer Science,HND1,Female,22,Jigawa,John,Olawale,john.olawale@yabatech.edu.ng,(847)674-3865,2024/2025,1st Semester,COM 113,Intro to Programming,4,51,16,39,55,C,2.75
F/HN/23/7932,Science Lab Tech,HND2,Male,23,Ebonyi,Paul,Chukwu,paul.chukwu@yabatech.edu.ng,4199483168,2024/2025,1st Semester,STC 112,General Chemistry,3,60,10,25,35,F,0.0
F/HN/23/7932,Science Lab Tech,HND2,Male,23,Ebonyi,Paul,Chukwu,paul.chukwu@yabatech.edu.ng,4199483168,2024/2025,1st Semester,GLT 111,General Lab Techniques,4,38,2,6,8,F,0.0
F/HN/23/7932,Science Lab Tech,HND2,Male,23,Ebonyi,Paul,Chukwu,paul.chukwu@yabatech.edu.ng,4199483168,2024/2025,1st Semester,MTH 111,Logic & Linear Algebra,2,61,10,24,34,F,0.0
F/HN/23/7932,Science Lab Tech,HND2,Male,23,Ebonyi,Paul,Chukwu,paul.chukwu@yabatech.edu.ng,4199483168,2024/2025,1st Semester,GNS 101,Use of English,2,59,8,19,27,F,0.0
F/HN/23/7932,Science Lab Tech,HND2,Male,23,Ebonyi,Paul,Chukwu,paul.chukwu@yabatech.edu.ng,4199483168,2024/2025,1st Semester,STB 111,General Biology,3,48,1,4,5,F,0.0
F/HN/23/62376,Computer Science,HND1,Male,29,Bauchi,Elizabeth,Nnamani,elizabeth.nnamani@yabatech.edu.ng,995.935.0395,2024/2025,1st Semester,COM 112,Digital Electronics,3,85,21,49,70,AB,3.5
F/HN/23/62376,Computer Science,HND1,Male,29,Bauchi,Elizabeth,Nnamani,elizabeth.nnamani@yabatech.edu.ng,995.935.0395,2024/2025,1st Semester,COM 113,Intro to Programming,4,59,17,39,56,C,2.75
F/HN/23/62376,Computer Science,HND1,Male,29,Bauchi,Elizabeth,Nnamani,elizabeth.nnamani@yabatech.edu.ng,995.935.0395,2024/2025,1st Semester,STA 111,Intro to Statistics,2,63,17,41,58,C,2.75
F/HN/23/62376,Computer Science,HND1,Male,29,Bauchi,Elizabeth,Nnamani,elizabeth.nnamani@yabatech.edu.ng,995.935.0395,2024/2025,1st Semester,MTH 111,Logic & Linear Algebra,2,71,16,37,53,CD,2.5
F/HN/23/62376,Computer Science,HND1,Male,29,Bauchi,Elizabeth,Nnamani,elizabeth.nnamani@yabatech.edu.ng,995.935.0395,2024/2025,1st Semester,COM 101,Intro to Computing,4,64,17,40,57,C,2.75
P/HN/23/72616,Business Administration,HND2,Female,16,Yobe,Angela,Adeyemi,angela.adeyemi@yabatech.edu.ng,844.350.4678x77727,2024/2025,1st Semester,BAM 101,Intro to Business Admin,3,89,26,62,88,A,4.0
P/HN/23/72616,Business Administration,HND2,Female,16,Yobe,Angela,Adeyemi,angela.adeyemi@yabatech.edu.ng,844.350.4678x77727,2024/2025,1st Semester,ACC 111,Intro to Accounting,3,85,22,52,74,AB,3.5
P/HN/23/72616,Business Administration,HND2,Female,16,Yobe,Angela,Adeyemi,angela.adeyemi@yabatech.edu.ng,844.350.4678x77727,2024/2025,1st Semester,ECO 101,Intro to Economics,2,100,26,62,88,A,4.0
F/HN/23/79829,Computer Science,HND2,Male,23,Edo,Deborah,Ojo,deborah.ojo@yabatech.edu.ng,(572)989-8154x789,2024/2025,1st Semester,MTH 111,Logic & Linear Algebra,2,47,6,15,21,F,0.0
F/HN/23/79829,Computer Science,HND2,Male,23,Edo,Deborah,Ojo,deborah.ojo@yabatech.edu.ng,(572)989-8154x789,2024/2025,1st Semester,COM 101,Intro to Computing,4,49,3,7,10,F,0.0
F/HN/23/79829,Computer Science,HND2,Male,23,Edo,Deborah,Ojo,deborah.ojo@yabatech.edu.ng,(572)989-8154x789,2024/2025,1st Semester,STA 111,Intro to Statistics,2,43,4,10,14,F,0.0
F/HN/23/79829,Computer Science,HND2,Male,23,Edo,Deborah,Ojo,deborah.ojo@yabatech.edu.ng,(572)989-8154x789,2024/2025,1st Semester,COM 113,Intro to Programming,4,70,11,26,37,F,0.0
F/HN/23/79829,Computer Science,HND2,Male,23,Edo,Deborah,Ojo,deborah.ojo@yabatech.edu.ng,(572)989-8154x789,2024/2025,1st Semester,GNS 101,Use of English,2,45,5,12,17,F,0.0
F/HN/23/79829,Computer Science,HND2,Male,23,Edo,Deborah,Ojo,deborah.ojo@yabatech.edu.ng,(572)989-8154x789,2024/2025,1st Semester,COM 112,Digital Electronics,3,42,9,21,30,F,0.0
P/HN/23/24689,Electrical Engineering,HND2,Male,18,Osun,Joseph,Obi,joseph.obi@yabatech.edu.ng,001-470-842-7211x45167,2024/2025,1st Semester,EEC 115,Electrical Graphics,2,72,24,58,82,A,4.0
P/HN/23/24689,Electrical Engineering,HND2,Male,18,Osun,Joseph,Obi,joseph.obi@yabatech.edu.ng,001-470-842-7211x45167,2024/2025,1st Semester,MTH 111,Logic & Linear Algebra,2,100,24,56,80,A,4.0
P/HN/23/24689,Electrical Engineering,HND2,Male,18,Osun,Joseph,Obi,joseph.obi@yabatech.edu.ng,001-470-842-7211x45167,2024/2025,1st Semester,MEC 112,Mechanical Workshop,2,70,19,46,65,B,3.25
P/HN/23/24689,Electrical Engineering,HND2,Male,18,Osun,Joseph,Obi,joseph.obi@yabatech.edu.ng,001-470-842-7211x45167,2024/2025,1st Semester,EEC 111,Electrical Science,3,75,24,58,82,A,4.0
P/HN/23/24689,Electrical Engineering,HND2,Male,18,Osun,Joseph,Obi,joseph.obi@yabatech.edu.ng,001-470-842-7211x45167,2024/2025,1st Semester,GNS 101,Use of English,2,97,19,45,64,BC,3.0
F/HN/23/99763,Business Administration,HND1,Male,22,Osun,Grace,Ekwueme,grace.ekwueme@yabatech.edu.ng,670-487-5202x469,2024/2025,1st Semester,ACC 111,Intro to Accounting,3,63,21,50,71,AB,3.5
F/HN/23/99763,Business Administration,HND1,Male,22,Osun,Grace,Ekwueme,grace.ekwueme@yabatech.edu.ng,670-487-5202x469,2024/2025,1st Semester,ECO 101,Intro to Economics,2,74,17,41,58,C,2.75
F/HN/23/99763,Business Administration,HND1,Male,22,Osun,Grace,Ekwueme,grace.ekwueme@yabatech.edu.ng,670-487-5202x469,2024/2025,1st Semester,BAM 101,Intro to Business Admin,3,77,16,39,55,C,2.75
P/ND/23/66189,Mass Communication,ND2,Male,27,Borno,Cornelius,Akinwale,cornelius.akinwale@yabatech.edu.ng,001-702-700-4046x183,2024/2025,1st Semester,GNS 101,Use of English,2,93,26,60,86,A,4.0
P/ND/23/66189,Mass Communication,ND2,Male,27,Borno,Cornelius,Akinwale,cornelius.akinwale@yabatech.edu.ng,001-702-700-4046x183,2024/2025,1st Semester,MAC 107,Intro to Broadcasting,3,84,26,61,87,A,4.0
P/ND/23/66189,Mass Communication,ND2,Male,27,Borno,Cornelius,Akinwale,cornelius.akinwale@yabatech.edu.ng,001-702-700-4046x183,2024/2025,1st Semester,MAC 115,News Writing,3,51,26,61,87,A,4.0
P/ND/23/66189,Mass Communication,ND2,Male,27,Borno,Cornelius,Akinwale,cornelius.akinwale@yabatech.edu.ng,001-702-700-4046x183,2024/2025,1st Semester,GNS 127,Citizenship Education,2,79,26,62,88,A,4.0
P/ND/23/66189,Mass Communication,ND2,Male,27,Borno,Cornelius,Akinwale,cornelius.akinwale@yabatech.edu.ng,001-702-700-4046x183,2024/2025,1st Semester,MAC 101,Intro to Mass Comm,3,71,24,57,81,A,4.0
F/HN/23/64027,Electrical Engineering,HND1,Male,30,Bauchi,Victoria,Ekwueme,victoria.ekwueme@yabatech.edu.ng,001-444-223-3343x471,2024/2025,1st Semester,EEC 111,Electrical Science,3,33,6,16,22,F,0.0
F/HN/23/64027,Electrical Engineering,HND1,Male,30,Bauchi,Victoria,Ekwueme,victoria.ekwueme@yabatech.edu.ng,001-444-223-3343x471,2024/2025,1st Semester,MEC 112,Mechanical Workshop,2,44,4,9,13,F,0.0
F/HN/23/64027,Electrical Engineering,HND1,Male,30,Bauchi,Victoria,Ekwueme,victoria.ekwueme@yabatech.edu.ng,001-444-223-3343x471,2024/2025,1st Semester,EEC 115,Electrical Graphics,2,33,10,25,35,F,0.0
F/HN/23/64027,Electrical Engineering,HND1,Male,30,Bauchi,Victoria,Ekwueme,victoria.ekwueme@yabatech.edu.ng,001-444-223-3343x471,2024/2025,1st Semester,MTH 111,Logic & Linear Algebra,2,39,9,21,30,F,0.0
F/HN/23/64027,Electrical Engineering,HND1,Male,30,Bauchi,Victoria,Ekwueme,victoria.ekwueme@yabatech.edu.ng,001-444-223-3343x471,2024/2025,1st Semester,GNS 101,Use of English,2,88,12,28,40,E,2.0
F/HN/23/61322,Mass Communication,HND2,Female,20,Benue,Philip,Eze,philip.eze@yabatech.edu.ng,(278)998-0440,2024/2025,1st Semester,MAC 107,Intro to Broadcasting,3,27,6,15,21,F,0.0
F/HN/23/61322,Mass Communication,HND2,Female,20,Benue,Philip,Eze,philip.eze@yabatech.edu.ng,(278)998-0440,2024/2025,1st Semester,GNS 101,Use of English,2,51,11,26,37,F,0.0
F/HN/23/61322,Mass Communication,HND2,Female,20,Benue,Philip,Eze,philip.eze@yabatech.edu.ng,(278)998-0440,2024/2025,1st Semester,MAC 115,News Writing,3,31,6,14,20,F,0.0
F/HN/23/61322,Mass Communication,HND2,Female,20,Benue,Philip,Eze,philip.eze@yabatech.edu.ng,(278)998-0440,2024/2025,1st Semester,GNS 127,Citizenship Education,2,55,9,22,31,F,0.0
F/HN/23/61322,Mass Communication,HND2,Female,20,Benue,Philip,Eze,philip.eze@yabatech.edu.ng,(278)998-0440,2024/2025,1st Semester,MAC 101,Intro to Mass Comm,3,52,10,23,33,F,0.0
P/ND/23/91649,Computer Science,ND2,Female,23,Cross River,James,Oyekan,james.oyekan@yabatech.edu.ng,001-627-559-0818x852,2024/2025,1st Semester,STA 111,Intro to Statistics,2,94,20,47,67,B,3.25
P/ND/23/91649,Computer Science,ND2,Female,23,Cross River,James,Oyekan,james.oyekan@yabatech.edu.ng,001-627-559-0818x852,2024/2025,1st Semester,GNS 101,Use of English,2,83,21,51,72,AB,3.5
P/ND/23/91649,Computer Science,ND2,Female,23,Cross River,James,Oyekan,james.oyekan@yabatech.edu.ng,001-627-559-0818x852,2024/2025,1st Semester,COM 112,Digital Electronics,3,86,24,56,80,A,4.0
P/ND/23/91649,Computer Science,ND2,Female,23,Cross River,James,Oyekan,james.oyekan@yabatech.edu.ng,001-627-559-0818x852,2024/2025,1st Semester,COM 101,Intro to Computing,4,88,20,47,67,B,3.25
P/ND/23/91649,Computer Science,ND2,Female,23,Cross River,James,Oyekan,james.oyekan@yabatech.edu.ng,001-627-559-0818x852,2024/2025,1st Semester,MTH 111,Logic & Linear Algebra,2,88,20,48,68,B,3.25
P/ND/23/63994,Business Administration,ND1,Female,18,Osun,Esther,Nnamani,esther.nnamani@yabatech.edu.ng,001-825-538-3211x795,2024/2025,1st Semester,ECO 101,Intro to Economics,2,93,19,46,65,B,3.25
P/ND/23/63994,Business Administration,ND1,Female,18,Osun,Esther,Nnamani,esther.nnamani@yabatech.edu.ng,001-825-538-3211x795,2024/2025,1st Semester,ACC 111,Intro to Accounting,3,72,16,38,54,CD,2.5
P/ND/23/63994,Business Administration,ND1,Female,18,Osun,Esther,Nnamani,esther.nnamani@yabatech.edu.ng,001-825-538-3211x795,2024/2025,1st Semester,BAM 101,Intro to Business Admin,3,100,16,38,54,CD,2.5
P/HN/23/36995,Computer Science,HND1,Female,30,Kogi,Philip,Ojo,philip.ojo@yabatech.edu.ng,+1-603-436-4272x463,2024/2025,1st Semester,GNS 101,Use of English,2,68,30,70,100,A,4.0
P/HN/23/36995,Computer Science,HND1,Female,30,Kogi,Philip,Ojo,philip.ojo@yabatech.edu.ng,+1-603-436-4272x463,2024/2025,1st Semester,MTH 111,Logic & Linear Algebra,2,86,30,70,100,A,4.0
P/HN/23/36995,Computer Science,HND1,Female,30,Kogi,Philip,Ojo,philip.ojo@yabatech.edu.ng,+1-603-436-4272x463,2024/2025,1st Semester,COM 112,Digital Electronics,3,75,27,63,90,A,4.0
P/HN/23/36995,Computer Science,HND1,Female,30,Kogi,Philip,Ojo,philip.ojo@yabatech.edu.ng,+1-603-436-4272x463,2024/2025,1st Semester,STA 111,Intro to Statistics,2,74,28,66,94,A,4.0
P/HN/23/36995,Computer Science,HND1,Female,30,Kogi,Philip,Ojo,philip.ojo@yabatech.edu.ng,+1-603-436-4272x463,2024/2025,1st Semester,COM 101,Intro to Computing,4,94,30,70,100,A,4.0
F/ND/23/39012,Mass Communication,ND1,Female,25,Benue,John,Oshodi,john.oshodi@yabatech.edu.ng,001-858-503-0460x4528,2024/2025,1st Semester,GNS 101,Use of English,2,63,23,53,76,A,4.0
F/ND/23/39012,Mass Communication,ND1,Female,25,Benue,John,Oshodi,john.oshodi@yabatech.edu.ng,001-858-503-0460x4528,2024/2025,1st Semester,MAC 115,News Writing,3,46,17,41,58,C,2.75
F/ND/23/39012,Mass Communication,ND1,Female,25,Benue,John,Oshodi,john.oshodi@yabatech.edu.ng,001-858-503-0460x4528,2024/2025,1st Semester,MAC 101,Intro to Mass Comm,3,59,23,53,76,A,4.0
F/ND/23/39012,Mass Communication,ND1,Female,25,Benue,John,Oshodi,john.oshodi@yabatech.edu.ng,001-858-503-0460x4528,2024/2025,1st Semester,MAC 107,Intro to Broadcasting,3,81,18,43,61,BC,3.0
F/ND/23/39012,Mass Communication,ND1,Female,25,Benue,John,Oshodi,john.oshodi@yabatech.edu.ng,001-858-503-0460x4528,2024/2025,1st Semester,GNS 127,Citizenship Education,2,91,19,45,64,BC,3.0
P/HN/23/55813,Civil Engineering,HND2,Female,21,Lagos,Elizabeth,Abiola,elizabeth.abiola@yabatech.edu.ng,(464)905-1658x295,2024/2025,1st Semester,CEC 110,Fluid Mechanics,4,42,8,20,28,F,0.0
P/HN/23/55813,Civil Engineering,HND2,Female,21,Lagos,Elizabeth,Abiola,elizabeth.abiola@yabatech.edu.ng,(464)905-1658x295,2024/2025,1st Semester,MEC 101,Workshop Technology,2,49,11,27,38,F,0.0
P/HN/23/55813,Civil Engineering,HND2,Female,21,Lagos,Elizabeth,Abiola,elizabeth.abiola@yabatech.edu.ng,(464)905-1658x295,2024/2025,1st Semester,CEC 101,Engineering Drawing,3,34,8,20,28,F,0.0
F/HN/23/94524,Civil Engineering,HND2,Male,18,Borno,Michael,Ogunleye,michael.ogunleye@yabatech.edu.ng,821-790-4795x23927,2024/2025,1st Semester,CEC 101,Engineering Drawing,3,71,14,34,48,D,2.25
F/HN/23/94524,Civil Engineering,HND2,Male,18,Borno,Michael,Ogunleye,michael.ogunleye@yabatech.edu.ng,821-790-4795x23927,2024/2025,1st Semester,CEC 110,Fluid Mechanics,4,50,16,37,53,CD,2.5
F/HN/23/94524,Civil Engineering,HND2,Male,18,Borno,Michael,Ogunleye,michael.ogunleye@yabatech.edu.ng,821-790-4795x23927,2024/2025,1st Semester,MEC 101,Workshop Technology,2,57,17,41,58,C,2.75
P/ND/23/51874,Science Lab Tech,ND2,Male,20,Ebonyi,Gloria,Adetokunbo,gloria.adetokunbo@yabatech.edu.ng,001-898-648-2699x44758,2024/2025,1st Semester,GLT 111,General Lab Techniques,4,64,6,16,22,F,0.0
P/ND/23/51874,Science Lab Tech,ND2,Male,20,Ebonyi,Gloria,Adetokunbo,gloria.adetokunbo@yabatech.edu.ng,001-898-648-2699x44758,2024/2025,1st Semester,MTH 111,Logic & Linear Algebra,2,52,9,22,31,F,0.0
P/ND/23/51874,Science Lab Tech,ND2,Male,20,Ebonyi,Gloria,Adetokunbo,gloria.adetokunbo@yabatech.edu.ng,001-898-648-2699x44758,2024/2025,1st Semester,STC 112,General Chemistry,3,41,6,16,22,F,0.0
P/ND/23/51874,Science Lab Tech,ND2,Male,20,Ebonyi,Gloria,Adetokunbo,gloria.adetokunbo@yabatech.edu.ng,001-898-648-2699x44758,2024/2025,1st Semester,GNS 101,Use of English,2,28,4,11,15,F,0.0
P/ND/23/51874,Science Lab Tech,ND2,Male,20,Ebonyi,Gloria,Adetokunbo,gloria.adetokunbo@yabatech.edu.ng,001-898-648-2699x44758,2024/2025,1st Semester,STB 111,General Biology,3,53,8,19,27,F,0.0
F/ND/23/93954,Electrical Engineering,ND2,Male,28,Kebbi,Peter,Oyekan,peter.oyekan@yabatech.edu.ng,+1-432-492-3695x61709,2024/2025,1st Semester,GNS 101,Use of English,2,94,20,48,68,B,3.25
F/ND/23/93954,Electrical Engineering,ND2,Male,28,Kebbi,Peter,Oyekan,peter.oyekan@yabatech.edu.ng,+1-432-492-3695x61709,2024/2025,1st Semester,MEC 112,Mechanical Workshop,2,64,17,40,57,C,2.75
F/ND/23/93954,Electrical Engineering,ND2,Male,28,Kebbi,Peter,Oyekan,peter.oyekan@yabatech.edu.ng,+1-432-492-3695x61709,2024/2025,1st Semester,MTH 111,Logic & Linear Algebra,2,62,16,38,54,CD,2.5
F/ND/23/93954,Electrical Engineering,ND2,Male,28,Kebbi,Peter,Oyekan,peter.oyekan@yabatech.edu.ng,+1-432-492-3695x61709,2024/2025,1st Semester,EEC 111,Electrical Science,3,97,18,43,61,BC,3.0
F/ND/23/93954,Electrical Engineering,ND2,Male,28,Kebbi,Peter,Oyekan,peter.oyekan@yabatech.edu.ng,+1-432-492-3695x61709,2024/2025,1st Semester,EEC 115,Electrical Graphics,2,82,19,45,64,BC,3.0
F/ND/23/14187,Electrical Engineering,ND2,Female,16,Kebbi,Ruth,Adeyemi,ruth.adeyemi@yabatech.edu.ng,6665222173,2024/2025,1st Semester,EEC 115,Electrical Graphics,2,54,19,45,64,BC,3.0
F/ND/23/14187,Electrical Engineering,ND2,Female,16,Kebbi,Ruth,Adeyemi,ruth.adeyemi@yabatech.edu.ng,6665222173,2024/2025,1st Semester,MEC 112,Mechanical Workshop,2,52,15,35,50,CD,2.5
F/ND/23/14187,Electrical Engineering,ND2,Female,16,Kebbi,Ruth,Adeyemi,ruth.adeyemi@yabatech.edu.ng,6665222173,2024/2025,1st Semester,EEC 111,Electrical Science,3,56,18,43,61,BC,3.0
F/ND/23/14187,Electrical Engineering,ND2,Female,16,Kebbi,Ruth,Adeyemi,ruth.adeyemi@yabatech.edu.ng,6665222173,2024/2025,1st Semester,GNS 101,Use of English,2,44,12,28,40,E,2.0
F/ND/23/14187,Electrical Engineering,ND2,Female,16,Kebbi,Ruth,Adeyemi,ruth.adeyemi@yabatech.edu.ng,6665222173,2024/2025,1st Semester,MTH 111,Logic & Linear Algebra,2,61,16,39,55,C,2.75
F/HN/23/57332,Computer Science,HND1,Male,18,Ekiti,Peace,Okafor,peace.okafor@yabatech.edu.ng,+1-685-970-1371,2024/2025,1st Semester,MTH 111,Logic & Linear Algebra,2,21,11,26,37,F,0.0
F/HN/23/57332,Computer Science,HND1,Male,18,Ekiti,Peace,Okafor,peace.okafor@yabatech.edu.ng,+1-685-970-1371,2024/2025,1st Semester,COM 112,Digital Electronics,3,49,11,26,37,F,0.0
F/HN/23/57332,Computer Science,HND1,Male,18,Ekiti,Peace,Okafor,peace.okafor@yabatech.edu.ng,+1-685-970-1371,2024/2025,1st Semester,COM 113,Intro to Programming,4,44,8,18,26,F,0.0
F/HN/23/57332,Computer Science,HND1,Male,18,Ekiti,Peace,Okafor,peace.okafor@yabatech.edu.ng,+1-685-970-1371,2024/2025,1st Semester,COM 101,Intro to Computing,4,27,12,29,41,E,2.0
F/HN/23/57332,Computer Science,HND1,Male,18,Ekiti,Peace,Okafor,peace.okafor@yabatech.edu.ng,+1-685-970-1371,2024/2025,1st Semester,GNS 101,Use of English,2,55,11,27,38,F,0.0
F/HN/23/57332,Computer Science,HND1,Male,18,Ekiti,Peace,Okafor,peace.okafor@yabatech.edu.ng,+1-685-970-1371,2024/2025,1st Semester,STA 111,Intro to Statistics,2,55,16,38,54,CD,2.5
F/HN/23/34805,Mass Communication,HND1,Female,29,Zamfara,Elizabeth,Chukwu,elizabeth.chukwu@yabatech.edu.ng,211.454.2419x1102,2024/2025,1st Semester,MAC 115,News Writing,3,95,26,62,88,A,4.0
F/HN/23/34805,Mass Communication,HND1,Female,29,Zamfara,Elizabeth,Chukwu,elizabeth.chukwu@yabatech.edu.ng,211.454.2419x1102,2024/2025,1st Semester,GNS 101,Use of English,2,96,27,63,90,A,4.0
F/HN/23/34805,Mass Communication,HND1,Female,29,Zamfara,Elizabeth,Chukwu,elizabeth.chukwu@yabatech.edu.ng,211.454.2419x1102,2024/2025,1st Semester,MAC 101,Intro to Mass Comm,3,85,25,58,83,A,4.0
F/HN/23/34805,Mass Communication,HND1,Female,29,Zamfara,Elizabeth,Chukwu,elizabeth.chukwu@yabatech.edu.ng,211.454.2419x1102,2024/2025,1st Semester,GNS 127,Citizenship Education,2,85,28,66,94,A,4.0
F/HN/23/34805,Mass Communication,HND1,Female,29,Zamfara,Elizabeth,Chukwu,elizabeth.chukwu@yabatech.edu.ng,211.454.2419x1102,2024/2025,1st Semester,MAC 107,Intro to Broadcasting,3,70,25,58,83,A,4.0
F/HN/23/38827,Computer Science,HND2,Female,19,Enugu,Deborah,Okafor,deborah.okafor@yabatech.edu.ng,982-425-0940,2024/2025,1st Semester,MTH 111,Logic & Linear Algebra,2,25,3,7,10,F,0.0
F/HN/23/38827,Computer Science,HND2,Female,19,Enugu,Deborah,Okafor,deborah.okafor@yabatech.edu.ng,982-425-0940,2024/2025,1st Semester,COM 101,Intro to Computing,4,56,7,17,24,F,0.0
F/HN/23/38827,Computer Science,HND2,Female,19,Enugu,Deborah,Okafor,deborah.okafor@yabatech.edu.ng,982-425-0940,2024/2025,1st Semester,COM 112,Digital Electronics,3,50,12,28,40,E,2.0
F/HN/23/38827,Computer Science,HND2,Female,19,Enugu,Deborah,Okafor,deborah.okafor@yabatech.edu.ng,982-425-0940,2024/2025,1st Semester,GNS 101,Use of English,2,58,8,19,27,F,0.0
F/HN/23/38827,Computer Science,HND2,Female,19,Enugu,Deborah,Okafor,deborah.okafor@yabatech.edu.ng,982-425-0940,2024/2025,1st Semester,STA 111,Intro to Statistics,2,81,9,23,32,F,0.0
P/ND/23/1860,Computer Science,ND1,Male,25,Ondo,Patience,Okonkwo,patience.okonkwo@yabatech.edu.ng,001-591-824-7428,2024/2025,1st Semester,GNS 101,Use of English,2,26,12,29,41,E,2.0
P/ND/23/1860,Computer Science,ND1,Male,25,Ondo,Patience,Okonkwo,patience.okonkwo@yabatech.edu.ng,001-591-824-7428,2024/2025,1st Semester,STA 111,Intro to Statistics,2,45,15,36,51,CD,2.5
P/ND/23/1860,Computer Science,ND1,Male,25,Ondo,Patience,Okonkwo,patience.okonkwo@yabatech.edu.ng,001-591-824-7428,2024/2025,1st Semester,COM 101,Intro to Computing,4,56,15,35,50,CD,2.5
P/ND/23/1860,Computer Science,ND1,Male,25,Ondo,Patience,Okonkwo,patience.okonkwo@yabatech.edu.ng,001-591-824-7428,2024/2025,1st Semester,MTH 111,Logic & Linear Algebra,2,48,13,30,43,E,2.0
P/ND/23/1860,Computer Science,ND1,Male,25,Ondo,Patience,Okonkwo,patience.okonkwo@yabatech.edu.ng,001-591-824-7428,2024/2025,1st Semester,COM 112,Digital Electronics,3,36,11,27,38,F,0.0
P/ND/23/89209,Computer Science,ND2,Female,22,Borno,Joy,Ibrahim,joy.ibrahim@yabatech.edu.ng,+1-912-363-6639x2472,2024/2025,1st Semester,COM 101,Intro to Computing,4,94,21,49,70,AB,3.5
P/ND/23/89209,Computer Science,ND2,Female,22,Borno,Joy,Ibrahim,joy.ibrahim@yabatech.edu.ng,+1-912-363-6639x2472,2024/2025,1st Semester,COM 112,Digital Electronics,3,81,21,51,72,AB,3.5
P/ND/23/89209,Computer Science,ND2,Female,22,Borno,Joy,Ibrahim,joy.ibrahim@yabatech.edu.ng,+1-912-363-6639x2472,2024/2025,1st Semester,STA 111,Intro to Statistics,2,56,17,39,56,C,2.75
P/ND/23/89209,Computer Science,ND2,Female,22,Borno,Joy,Ibrahim,joy.ibrahim@yabatech.edu.ng,+1-912-363-6639x2472,2024/2025,1st Semester,COM 113,Intro to Programming,4,95,20,47,67,B,3.25
P/ND/23/89209,Computer Science,ND2,Female,22,Borno,Joy,Ibrahim,joy.ibrahim@yabatech.edu.ng,+1-912-363-6639x2472,2024/2025,1st Semester,MTH 111,Logic & Linear Algebra,2,88,19,45,64,BC,3.0
P/ND/23/89209,Computer Science,ND2,Female,22,Borno,Joy,Ibrahim,joy.ibrahim@yabatech.edu.ng,+1-912-363-6639x2472,2024/2025,1st Semester,GNS 101,Use of English,2,56,20,48,68,B,3.25
P/HN/23/60441,Science Lab Tech,HND2,Female,19,Kano,Daniel,Adeyemi,daniel.adeyemi@yabatech.edu.ng,+1-299-788-5818x74360,2024/2025,1st Semester,MTH 111,Logic & Linear Algebra,2,86,28,66,94,A,4.0
P/HN/23/60441,Science Lab Tech,HND2,Female,19,Kano,Daniel,Adeyemi,daniel.adeyemi@yabatech.edu.ng,+1-299-788-5818x74360,2024/2025,1st Semester,STC 112,General Chemistry,3,59,25,59,84,A,4.0
P/HN/23/60441,Science Lab Tech,HND2,Female,19,Kano,Daniel,Adeyemi,daniel.adeyemi@yabatech.edu.ng,+1-299-788-5818x74360,2024/2025,1st Semester,STB 111,General Biology,3,88,25,59,84,A,4.0
P/HN/23/60441,Science Lab Tech,HND2,Female,19,Kano,Daniel,Adeyemi,daniel.adeyemi@yabatech.edu.ng,+1-299-788-5818x74360,2024/2025,1st Semester,GNS 101,Use of English,2,89,30,70,100,A,4.0
P/HN/23/60441,Science Lab Tech,HND2,Female,19,Kano,Daniel,Adeyemi,daniel.adeyemi@yabatech.edu.ng,+1-299-788-5818x74360,2024/2025,1st Semester,GLT 111,General Lab Techniques,4,91,25,59,84,A,4.0
P/ND/23/94776,Civil Engineering,ND2,Male,19,Niger,David,Balogun,david.balogun@yabatech.edu.ng,9402741465,2024/2025,1st Semester,CEC 101,Engineering Drawing,3,48,9,23,32,F,0.0
P/ND/23/94776,Civil Engineering,ND2,Male,19,Niger,David,Balogun,david.balogun@yabatech.edu.ng,9402741465,2024/2025,1st Semester,MEC 101,Workshop Technology,2,38,6,15,21,F,0.0
P/ND/23/94776,Civil Engineering,ND2,Male,19,Niger,David,Balogun,david.balogun@yabatech.edu.ng,9402741465,2024/2025,1st Semester,CEC 110,Fluid Mechanics,4,63,15,37,52,CD,2.5
F/HN/23/14138,Electrical Engineering,HND2,Female,28,Bauchi,Mark,Balogun,mark.balogun@yabatech.edu.ng,+1-945-860-6218x49912,2024/2025,1st Semester,MTH 111,Logic & Linear Algebra,2,45,6,14,20,F,0.0
F/HN/23/14138,Electrical Engineering,HND2,Female,28,Bauchi,Mark,Balogun,mark.balogun@yabatech.edu.ng,+1-945-860-6218x49912,2024/2025,1st Semester,GNS 101,Use of English,2,58,8,19,27,F,0.0
F/HN/23/14138,Electrical Engineering,HND2,Female,28,Bauchi,Mark,Balogun,mark.balogun@yabatech.edu.ng,+1-945-860-6218x49912,2024/2025,1st Semester,EEC 115,Electrical Graphics,2,34,4,11,15,F,0.0
F/HN/23/14138,Electrical Engineering,HND2,Female,28,Bauchi,Mark,Balogun,mark.balogun@yabatech.edu.ng,+1-945-860-6218x49912,2024/2025,1st Semester,MEC 112,Mechanical Workshop,2,39,5,12,17,F,0.0
F/HN/23/14138,Electrical Engineering,HND2,Female,28,Bauchi,Mark,Balogun,mark.balogun@yabatech.edu.ng,+1-945-860-6218x49912,2024/2025,1st Semester,EEC 111,Electrical Science,3,41,10,24,34,F,0.0
F/HN/23/64757,Computer Science,HND2,Female,20,Ebonyi,Gloria,Adeyemi,gloria.adeyemi@yabatech.edu.ng,381.729.2578x38406,2024/2025,1st Semester,GNS 101,Use of English,2,70,19,46,65,B,3.25
F/HN/23/64757,Computer Science,HND2,Female,20,Ebonyi,Gloria,Adeyemi,gloria.adeyemi@yabatech.edu.ng,381.729.2578x38406,2024/2025,1st Semester,COM 112,Digital Electronics,3,88,20,47,67,B,3.25
F/HN/23/64757,Computer Science,HND2,Female,20,Ebonyi,Gloria,Adeyemi,gloria.adeyemi@yabatech.edu.ng,381.729.2578x38406,2024/2025,1st Semester,COM 101,Intro to Computing,4,76,21,49,70,AB,3.5
F/HN/23/64757,Computer Science,HND2,Female,20,Ebonyi,Gloria,Adeyemi,gloria.adeyemi@yabatech.edu.ng,381.729.2578x38406,2024/2025,1st Semester,MTH 111,Logic & Linear Algebra,2,80,18,44,62,BC,3.0
F/HN/23/64757,Computer Science,HND2,Female,20,Ebonyi,Gloria,Adeyemi,gloria.adeyemi@yabatech.edu.ng,381.729.2578x38406,2024/2025,1st Semester,COM 113,Intro to Programming,4,86,20,47,67,B,3.25
F/HN/23/64757,Computer Science,HND2,Female,20,Ebonyi,Gloria,Adeyemi,gloria.adeyemi@yabatech.edu.ng,381.729.2578x38406,2024/2025,1st Semester,STA 111,Intro to Statistics,2,74,17,40,57,C,2.75
F/HN/23/94345,Mass Communication,HND2,Female,25,Ebonyi,David,Ekwueme,david.ekwueme@yabatech.edu.ng,786.405.3130,2024/2025,1st Semester,GNS 127,Citizenship Education,2,78,23,54,77,A,4.0
F/HN/23/94345,Mass Communication,HND2,Female,25,Ebonyi,David,Ekwueme,david.ekwueme@yabatech.edu.ng,786.405.3130,2024/2025,1st Semester,MAC 115,News Writing,3,99,25,59,84,A,4.0
F/HN/23/94345,Mass Communication,HND2,Female,25,Ebonyi,David,Ekwueme,david.ekwueme@yabatech.edu.ng,786.405.3130,2024/2025,1st Semester,GNS 101,Use of English,2,68,22,52,74,AB,3.5
F/HN/23/94345,Mass Communication,HND2,Female,25,Ebonyi,David,Ekwueme,david.ekwueme@yabatech.edu.ng,786.405.3130,2024/2025,1st Semester,MAC 101,Intro to Mass Comm,3,57,22,53,75,A,4.0
F/HN/23/94345,Mass Communication,HND2,Female,25,Ebonyi,David,Ekwueme,david.ekwueme@yabatech.edu.ng,786.405.3130,2024/2025,1st Semester,MAC 107,Intro to Broadcasting,3,98,21,49,70,AB,3.5
P/HN/23/54153,Mass Communication,HND1,Male,22,Enugu,Gloria,Obasanjo,gloria.obasanjo@yabatech.edu.ng,+1-825-780-0919x928,2024/2025,1st Semester,GNS 127,Citizenship Education,2,57,17,39,56,C,2.75
P/HN/23/54153,Mass Communication,HND1,Male,22,Enugu,Gloria,Obasanjo,gloria.obasanjo@yabatech.edu.ng,+1-825-780-0919x928,2024/2025,1st Semester,GNS 101,Use of English,2,37,11,26,37,F,0.0
P/HN/23/54153,Mass Communication,HND1,Male,22,Enugu,Gloria,Obasanjo,gloria.obasanjo@yabatech.edu.ng,+1-825-780-0919x928,2024/2025,1st Semester,MAC 101,Intro to Mass Comm,3,33,11,26,37,F,0.0
P/HN/23/54153,Mass Communication,HND1,Male,22,Enugu,Gloria,Obasanjo,gloria.obasanjo@yabatech.edu.ng,+1-825-780-0919x928,2024/2025,1st Semester,MAC 107,Intro to Broadcasting,3,59,15,35,50,CD,2.5
P/HN/23/54153,Mass Communication,HND1,Male,22,Enugu,Gloria,Obasanjo,gloria.obasanjo@yabatech.edu.ng,+1-825-780-0919x928,2024/2025,1st Semester,MAC 115,News Writing,3,66,19,44,63,BC,3.0
P/HN/23/87123,Civil Engineering,HND2,Female,16,Bayelsa,Peace,Oshodi,peace.oshodi@yabatech.edu.ng,484.763.0054x84810,2024/2025,1st Semester,CEC 110,Fluid Mechanics,4,55,19,44,63,BC,3.0
P/HN/23/87123,Civil Engineering,HND2,Female,16,Bayelsa,Peace,Oshodi,peace.oshodi@yabatech.edu.ng,484.763.0054x84810,2024/2025,1st Semester,MEC 101,Workshop Technology,2,67,20,47,67,B,3.25
P/HN/23/87123,Civil Engineering,HND2,Female,16,Bayelsa,Peace,Oshodi,peace.oshodi@yabatech.edu.ng,484.763.0054x84810,2024/2025,1st Semester,CEC 101,Engineering Drawing,3,70,21,49,70,AB,3.5
P/HN/23/30705,Science Lab Tech,HND1,Female,19,Ebonyi,Mary,Chukwu,mary.chukwu@yabatech.edu.ng,839.991.1138x94010,2024/2025,1st Semester,GLT 111,General Lab Techniques,4,95,22,51,73,AB,3.5
P/HN/23/30705,Science Lab Tech,HND1,Female,19,Ebonyi,Mary,Chukwu,mary.chukwu@yabatech.edu.ng,839.991.1138x94010,2024/2025,1st Semester,STC 112,General Chemistry,3,95,21,50,71,AB,3.5
P/HN/23/30705,Science Lab Tech,HND1,Female,19,Ebonyi,Mary,Chukwu,mary.chukwu@yabatech.edu.ng,839.991.1138x94010,2024/2025,1st Semester,GNS 101,Use of English,2,79,25,58,83,A,4.0
P/HN/23/30705,Science Lab Tech,HND1,Female,19,Ebonyi,Mary,Chukwu,mary.chukwu@yabatech.edu.ng,839.991.1138x94010,2024/2025,1st Semester,MTH 111,Logic & Linear Algebra,2,79,24,57,81,A,4.0
P/HN/23/30705,Science Lab Tech,HND1,Female,19,Ebonyi,Mary,Chukwu,mary.chukwu@yabatech.edu.ng,839.991.1138x94010,2024/2025,1st Semester,STB 111,General Biology,3,73,20,47,67,B,3.25
F/HN/23/33538,Business Administration,HND1,Female,25,Ekiti,Gabriel,Ekwueme,gabriel.ekwueme@yabatech.edu.ng,(385)291-1818,2024/2025,1st Semester,ACC 111,Intro to Accounting,3,67,21,49,70,AB,3.5
F/HN/23/33538,Business Administration,HND1,Female,25,Ekiti,Gabriel,Ekwueme,gabriel.ekwueme@yabatech.edu.ng,(385)291-1818,2024/2025,1st Semester,BAM 101,Intro to Business Admin,3,79,18,44,62,BC,3.0
F/HN/23/33538,Business Administration,HND1,Female,25,Ekiti,Gabriel,Ekwueme,gabriel.ekwueme@yabatech.edu.ng,(385)291-1818,2024/2025,1st Semester,ECO 101,Intro to Economics,2,84,21,50,71,AB,3.5
F/HN/23/68755,Business Administration,HND2,Male,26,Ekiti,Angela,Olawale,angela.olawale@yabatech.edu.ng,+1-273-709-2950x22985,2024/2025,1st Semester,BAM 101,Intro to Business Admin,3,94,30,70,100,A,4.0
F/HN/23/68755,Business Administration,HND2,Male,26,Ekiti,Angela,Olawale,angela.olawale@yabatech.edu.ng,+1-273-709-2950x22985,2024/2025,1st Semester,ACC 111,Intro to Accounting,3,59,28,65,93,A,4.0
F/HN/23/68755,Business Administration,HND2,Male,26,Ekiti,Angela,Olawale,angela.olawale@yabatech.edu.ng,+1-273-709-2950x22985,2024/2025,1st Semester,ECO 101,Intro to Economics,2,75,29,68,97,A,4.0
P/ND/23/66638,Civil Engineering,ND1,Male,23,Abia,Sarah,Akinwale,sarah.akinwale@yabatech.edu.ng,(232)589-2170x47737,2024/2025,1st Semester,CEC 110,Fluid Mechanics,4,71,17,39,56,C,2.75
P/ND/23/66638,Civil Engineering,ND1,Male,23,Abia,Sarah,Akinwale,sarah.akinwale@yabatech.edu.ng,(232)589-2170x47737,2024/2025,1st Semester,MEC 101,Workshop Technology,2,24,8,18,26,F,0.0
P/ND/23/66638,Civil Engineering,ND1,Male,23,Abia,Sarah,Akinwale,sarah.akinwale@yabatech.edu.ng,(232)589-2170x47737,2024/2025,1st Semester,CEC 101,Engineering Drawing,3,48,8,19,27,F,0.0
F/ND/23/20312,Civil Engineering,ND2,Female,17,Abia,Juliet,Oyekan,juliet.oyekan@yabatech.edu.ng,001-305-282-3958x61487,2024/2025,1st Semester,CEC 110,Fluid Mechanics,4,62,15,35,50,CD,2.5
F/ND/23/20312,Civil Engineering,ND2,Female,17,Abia,Juliet,Oyekan,juliet.oyekan@yabatech.edu.ng,001-305-282-3958x61487,2024/2025,1st Semester,MEC 101,Workshop Technology,2,65,10,24,34,F,0.0
F/ND/23/20312,Civil Engineering,ND2,Female,17,Abia,Juliet,Oyekan,juliet.oyekan@yabatech.edu.ng,001-305-282-3958x61487,2024/2025,1st Semester,CEC 101,Engineering Drawing,3,49,8,19,27,F,0.0
P/ND/23/20146,Mass Communication,ND2,Male,28,Kebbi,Angela,Oyekan,angela.oyekan@yabatech.edu.ng,+1-813-446-7209x8894,2024/2025,1st Semester,MAC 101,Intro to Mass Comm,3,75,20,47,67,B,3.25
P/ND/23/20146,Mass Communication,ND2,Male,28,Kebbi,Angela,Oyekan,angela.oyekan@yabatech.edu.ng,+1-813-446-7209x8894,2024/2025,1st Semester,GNS 127,Citizenship Education,2,91,23,55,78,A,4.0
P/ND/23/20146,Mass Communication,ND2,Male,28,Kebbi,Angela,Oyekan,angela.oyekan@yabatech.edu.ng,+1-813-446-7209x8894,2024/2025,1st Semester,MAC 107,Intro to Broadcasting,3,97,20,47,67,B,3.25
P/ND/23/20146,Mass Communication,ND2,Male,28,Kebbi,Angela,Oyekan,angela.oyekan@yabatech.edu.ng,+1-813-446-7209x8894,2024/2025,1st Semester,GNS 101,Use of English,2,66,23,54,77,A,4.0
P/ND/23/20146,Mass Communication,ND2,Male,28,Kebbi,Angela,Oyekan,angela.oyekan@yabatech.edu.ng,+1-813-446-7209x8894,2024/2025,1st Semester,MAC 115,News Writing,3,100,21,49,70,AB,3.5
P/ND/23/89244,Science Lab Tech,ND1,Male,23,Kaduna,Mary,Oshodi,mary.oshodi@yabatech.edu.ng,951-823-2529,2024/2025,1st Semester,MTH 111,Logic & Linear Algebra,2,41,10,25,35,F,0.0
P/ND/23/89244,Science Lab Tech,ND1,Male,23,Kaduna,Mary,Oshodi,mary.oshodi@yabatech.edu.ng,951-823-2529,2024/2025,1st Semester,GLT 111,General Lab Techniques,4,55,13,31,44,E,2.0
P/ND/23/89244,Science Lab Tech,ND1,Male,23,Kaduna,Mary,Oshodi,mary.oshodi@yabatech.edu.ng,951-823-2529,2024/2025,1st Semester,GNS 101,Use of English,2,57,15,35,50,CD,2.5
P/ND/23/89244,Science Lab Tech,ND1,Male,23,Kaduna,Mary,Oshodi,mary.oshodi@yabatech.edu.ng,951-823-2529,2024/2025,1st Semester,STC 112,General Chemistry,3,24,6,14,20,F,0.0
P/ND/23/89244,Science Lab Tech,ND1,Male,23,Kaduna,Mary,Oshodi,mary.oshodi@yabatech.edu.ng,951-823-2529,2024/2025,1st Semester,STB 111,General Biology,3,66,16,37,53,CD,2.5
P/ND/23/85845,Mass Communication,ND1,Female,23,Imo,Grace,Ekwueme,grace.ekwueme@yabatech.edu.ng,211.832.0135x6655,2024/2025,1st Semester,GNS 101,Use of English,2,100,30,70,100,A,4.0
P/ND/23/85845,Mass Communication,ND1,Female,23,Imo,Grace,Ekwueme,grace.ekwueme@yabatech.edu.ng,211.832.0135x6655,2024/2025,1st Semester,GNS 127,Citizenship Education,2,85,26,61,87,A,4.0
P/ND/23/85845,Mass Communication,ND1,Female,23,Imo,Grace,Ekwueme,grace.ekwueme@yabatech.edu.ng,211.832.0135x6655,2024/2025,1st Semester,MAC 107,Intro to Broadcasting,3,92,26,61,87,A,4.0
P/ND/23/85845,Mass Communication,ND1,Female,23,Imo,Grace,Ekwueme,grace.ekwueme@yabatech.edu.ng,211.832.0135x6655,2024/2025,1st Semester,MAC 115,News Writing,3,61,28,66,94,A,4.0
P/ND/23/85845,Mass Communication,ND1,Female,23,Imo,Grace,Ekwueme,grace.ekwueme@yabatech.edu.ng,211.832.0135x6655,2024/2025,1st Semester,MAC 101,Intro to Mass Comm,3,79,30,70,100,A,4.0
F/HN/23/17966,Civil Engineering,HND1,Male,29,Zamfara,James,Oyekan,james.oyekan@yabatech.edu.ng,001-741-282-6821x835,2024/2025,1st Semester,CEC 110,Fluid Mechanics,4,64,16,37,53,CD,2.5
F/HN/23/17966,Civil Engineering,HND1,Male,29,Zamfara,James,Oyekan,james.oyekan@yabatech.edu.ng,001-741-282-6821x835,2024/2025,1st Semester,MEC 101,Workshop Technology,2,41,10,24,34,F,0.0
F/HN/23/17966,Civil Engineering,HND1,Male,29,Zamfara,James,Oyekan,james.oyekan@yabatech.edu.ng,001-741-282-6821x835,2024/2025,1st Semester,CEC 101,Engineering Drawing,3,78,20,47,67,B,3.25
P/HN/23/72073,Mass Communication,HND2,Male,29,Kaduna,Michael,Nnamani,michael.nnamani@yabatech.edu.ng,+1-306-472-6036,2024/2025,1st Semester,GNS 127,Citizenship Education,2,90,28,65,93,A,4.0
P/HN/23/72073,Mass Communication,HND2,Male,29,Kaduna,Michael,Nnamani,michael.nnamani@yabatech.edu.ng,+1-306-472-6036,2024/2025,1st Semester,MAC 107,Intro to Broadcasting,3,59,23,55,78,A,4.0
P/HN/23/72073,Mass Communication,HND2,Male,29,Kaduna,Michael,Nnamani,michael.nnamani@yabatech.edu.ng,+1-306-472-6036,2024/2025,1st Semester,MAC 115,News Writing,3,67,28,66,94,A,4.0
P/HN/23/72073,Mass Communication,HND2,Male,29,Kaduna,Michael,Nnamani,michael.nnamani@yabatech.edu.ng,+1-306-472-6036,2024/2025,1st Semester,GNS 101,Use of English,2,96,26,61,87,A,4.0
P/HN/23/72073,Mass Communication,HND2,Male,29,Kaduna,Michael,Nnamani,michael.nnamani@yabatech.edu.ng,+1-306-472-6036,2024/2025,1st Semester,MAC 101,Intro to Mass Comm,3,76,23,55,78,A,4.0
F/ND/23/82203,Civil Engineering,ND2,Female,16,Sokoto,Joseph,Ekwueme,joseph.ekwueme@yabatech.edu.ng,(212)704-4228x712,2024/2025,1st Semester,CEC 110,Fluid Mechanics,4,51,11,27,38,F,0.0
F/ND/23/82203,Civil Engineering,ND2,Female,16,Sokoto,Joseph,Ekwueme,joseph.ekwueme@yabatech.edu.ng,(212)704-4228x712,2024/2025,1st Semester,CEC 101,Engineering Drawing,3,50,16,37,53,CD,2.5
F/ND/23/82203,Civil Engineering,ND2,Female,16,Sokoto,Joseph,Ekwueme,joseph.ekwueme@yabatech.edu.ng,(212)704-4228x712,2024/2025,1st Semester,MEC 101,Workshop Technology,2,73,11,26,37,F,0.0
P/HN/23/45565,Business Administration,HND2,Female,23,Delta,Hope,Ibrahim,hope.ibrahim@yabatech.edu.ng,668.925.9564x7577,2024/2025,1st Semester,ACC 111,Intro to Accounting,3,41,9,21,30,F,0.0
P/HN/23/45565,Business Administration,HND2,Female,23,Delta,Hope,Ibrahim,hope.ibrahim@yabatech.edu.ng,668.925.9564x7577,2024/2025,1st Semester,BAM 101,Intro to Business Admin,3,54,13,31,44,E,2.0
P/HN/23/45565,Business Administration,HND2,Female,23,Delta,Hope,Ibrahim,hope.ibrahim@yabatech.edu.ng,668.925.9564x7577,2024/2025,1st Semester,ECO 101,Intro to Economics,2,53,16,38,54,CD,2.5
P/ND/23/20986,Civil Engineering,ND2,Male,19,Jigawa,Cornelius,Eze,cornelius.eze@yabatech.edu.ng,8437417894,2024/2025,1st Semester,CEC 101,Engineering Drawing,3,80,26,61,87,A,4.0
P/ND/23/20986,Civil Engineering,ND2,Male,19,Jigawa,Cornelius,Eze,cornelius.eze@yabatech.edu.ng,8437417894,2024/2025,1st Semester,CEC 110,Fluid Mechanics,4,79,24,56,80,A,4.0
P/ND/23/20986,Civil Engineering,ND2,Male,19,Jigawa,Cornelius,Eze,cornelius.eze@yabatech.edu.ng,8437417894,2024/2025,1st Semester,MEC 101,Workshop Technology,2,86,22,51,73,AB,3.5
P/ND/23/6757,Business Administration,ND1,Male,28,Bauchi,Elizabeth,Chukwu,elizabeth.chukwu@yabatech.edu.ng,468.415.9805x84578,2024/2025,1st Semester,BAM 101,Intro to Business Admin,3,90,25,60,85,A,4.0
P/ND/23/6757,Business Administration,ND1,Male,28,Bauchi,Elizabeth,Chukwu,elizabeth.chukwu@yabatech.edu.ng,468.415.9805x84578,2024/2025,1st Semester,ECO 101,Intro to Economics,2,100,26,60,86,A,4.0
P/ND/23/6757,Business Administration,ND1,Male,28,Bauchi,Elizabeth,Chukwu,elizabeth.chukwu@yabatech.edu.ng,468.415.9805x84578,2024/2025,1st Semester,ACC 111,Intro to Accounting,3,79,27,63,90,A,4.0
F/ND/23/69078,Science Lab Tech,ND2,Female,22,Akwa Ibom,Simon,Adetokunbo,simon.adetokunbo@yabatech.edu.ng,+1-762-296-2347,2024/2025,1st Semester,STB 111,General Biology,3,35,12,28,40,E,2.0
F/ND/23/69078,Science Lab Tech,ND2,Female,22,Akwa Ibom,Simon,Adetokunbo,simon.adetokunbo@yabatech.edu.ng,+1-762-296-2347,2024/2025,1st Semester,MTH 111,Logic & Linear Algebra,2,31,12,28,40,E,2.0
F/ND/23/69078,Science Lab Tech,ND2,Female,22,Akwa Ibom,Simon,Adetokunbo,simon.adetokunbo@yabatech.edu.ng,+1-762-296-2347,2024/2025,1st Semester,STC 112,General Chemistry,3,39,15,36,51,CD,2.5
F/ND/23/69078,Science Lab Tech,ND2,Female,22,Akwa Ibom,Simon,Adetokunbo,simon.adetokunbo@yabatech.edu.ng,+1-762-296-2347,2024/2025,1st Semester,GLT 111,General Lab Techniques,4,78,18,42,60,BC,3.0
F/ND/23/69078,Science Lab Tech,ND2,Female,22,Akwa Ibom,Simon,Adetokunbo,simon.adetokunbo@yabatech.edu.ng,+1-762-296-2347,2024/2025,1st Semester,GNS 101,Use of English,2,20,11,27,38,F,0.0
F/HN/23/28946,Civil Engineering,HND2,Female,17,Rivers,Michael,Nnamani,michael.nnamani@yabatech.edu.ng,639-593-6869,2024/2025,1st Semester,CEC 110,Fluid Mechanics,4,67,10,24,34,F,0.0
F/HN/23/28946,Civil Engineering,HND2,Female,17,Rivers,Michael,Nnamani,michael.nnamani@yabatech.edu.ng,639-593-6869,2024/2025,1st Semester,MEC 101,Workshop Technology,2,50,9,22,31,F,0.0
F/HN/23/28946,Civil Engineering,HND2,Female,17,Rivers,Michael,Nnamani,michael.nnamani@yabatech.edu.ng,639-593-6869,2024/2025,1st Semester,CEC 101,Engineering Drawing,3,72,8,19,27,F,0.0
P/ND/23/67054,Business Administration,ND1,Male,18,Edo,Nathaniel,Adeyemi,nathaniel.adeyemi@yabatech.edu.ng,+1-665-805-3675,2024/2025,1st Semester,ACC 111,Intro to Accounting,3,76,19,45,64,BC,3.0
P/ND/23/67054,Business Administration,ND1,Male,18,Edo,Nathaniel,Adeyemi,nathaniel.adeyemi@yabatech.edu.ng,+1-665-805-3675,2024/2025,1st Semester,BAM 101,Intro to Business Admin,3,76,18,43,61,BC,3.0
P/ND/23/67054,Business Administration,ND1,Male,18,Edo,Nathaniel,Adeyemi,nathaniel.adeyemi@yabatech.edu.ng,+1-665-805-3675,2024/2025,1st Semester,ECO 101,Intro to Economics,2,64,17,40,57,C,2.75
P/ND/23/72622,Mass Communication,ND1,Male,29,Kebbi,Sarah,Adetokunbo,sarah.adetokunbo@yabatech.edu.ng,5268311257,2024/2025,1st Semester,GNS 101,Use of English,2,71,26,61,87,A,4.0
P/ND/23/72622,Mass Communication,ND1,Male,29,Kebbi,Sarah,Adetokunbo,sarah.adetokunbo@yabatech.edu.ng,5268311257,2024/2025,1st Semester,MAC 107,Intro to Broadcasting,3,83,22,53,75,A,4.0
P/ND/23/72622,Mass Communication,ND1,Male,29,Kebbi,Sarah,Adetokunbo,sarah.adetokunbo@yabatech.edu.ng,5268311257,2024/2025,1st Semester,GNS 127,Citizenship Education,2,48,22,52,74,AB,3.5
P/ND/23/72622,Mass Communication,ND1,Male,29,Kebbi,Sarah,Adetokunbo,sarah.adetokunbo@yabatech.edu.ng,5268311257,2024/2025,1st Semester,MAC 115,News Writing,3,68,22,51,73,AB,3.5
P/ND/23/72622,Mass Communication,ND1,Male,29,Kebbi,Sarah,Adetokunbo,sarah.adetokunbo@yabatech.edu.ng,5268311257,2024/2025,1st Semester,MAC 101,Intro to Mass Comm,3,81,23,54,77,A,4.0
F/HN/23/3487,Computer Science,HND2,Female,27,Bauchi,Hope,Nnamani,hope.nnamani@yabatech.edu.ng,6287031919,2024/2025,1st Semester,COM 101,Intro to Computing,4,84,19,45,64,BC,3.0
F/HN/23/3487,Computer Science,HND2,Female,27,Bauchi,Hope,Nnamani,hope.nnamani@yabatech.edu.ng,6287031919,2024/2025,1st Semester,MTH 111,Logic & Linear Algebra,2,98,16,38,54,CD,2.5
F/HN/23/3487,Computer Science,HND2,Female,27,Bauchi,Hope,Nnamani,hope.nnamani@yabatech.edu.ng,6287031919,2024/2025,1st Semester,COM 112,Digital Electronics,3,95,16,37,53,CD,2.5
F/HN/23/3487,Computer Science,HND2,Female,27,Bauchi,Hope,Nnamani,hope.nnamani@yabatech.edu.ng,6287031919,2024/2025,1st Semester,GNS 101,Use of English,2,74,17,41,58,C,2.75
F/HN/23/3487,Computer Science,HND2,Female,27,Bauchi,Hope,Nnamani,hope.nnamani@yabatech.edu.ng,6287031919,2024/2025,1st Semester,COM 113,Intro to Programming,4,88,16,38,54,CD,2.5
F/HN/23/3487,Computer Science,HND2,Female,27,Bauchi,Hope,Nnamani,hope.nnamani@yabatech.edu.ng,6287031919,2024/2025,1st Semester,STA 111,Intro to Statistics,2,92,17,40,57,C,2.75
F/ND/23/17782,Business Administration,ND2,Male,22,Kano,David,Okafor,david.okafor@yabatech.edu.ng,295-699-0103x693,2024/2025,1st Semester,ECO 101,Intro to Economics,2,28,6,16,22,F,0.0
F/ND/23/17782,Business Administration,ND2,Male,22,Kano,David,Okafor,david.okafor@yabatech.edu.ng,295-699-0103x693,2024/2025,1st Semester,BAM 101,Intro to Business Admin,3,40,10,23,33,F,0.0
F/ND/23/17782,Business Administration,ND2,Male,22,Kano,David,Okafor,david.okafor@yabatech.edu.ng,295-699-0103x693,2024/2025,1st Semester,ACC 111,Intro to Accounting,3,29,13,30,43,E,2.0
F/ND/23/78218,Mass Communication,ND2,Male,23,Bayelsa,James,Balogun,james.balogun@yabatech.edu.ng,595.424.7664x246,2024/2025,1st Semester,MAC 107,Intro to Broadcasting,3,68,20,48,68,B,3.25
F/ND/23/78218,Mass Communication,ND2,Male,23,Bayelsa,James,Balogun,james.balogun@yabatech.edu.ng,595.424.7664x246,2024/2025,1st Semester,MAC 101,Intro to Mass Comm,3,100,16,39,55,C,2.75
F/ND/23/78218,Mass Communication,ND2,Male,23,Bayelsa,James,Balogun,james.balogun@yabatech.edu.ng,595.424.7664x246,2024/2025,1st Semester,MAC 115,News Writing,3,81,21,50,71,AB,3.5
F/ND/23/78218,Mass Communication,ND2,Male,23,Bayelsa,James,Balogun,james.balogun@yabatech.edu.ng,595.424.7664x246,2024/2025,1st Semester,GNS 127,Citizenship Education,2,84,18,42,60,BC,3.0
F/ND/23/78218,Mass Communication,ND2,Male,23,Bayelsa,James,Balogun,james.balogun@yabatech.edu.ng,595.424.7664x246,2024/2025,1st Semester,GNS 101,Use of English,2,77,16,37,53,CD,2.5
P/HN/23/57681,Business Administration,HND2,Male,20,Akwa Ibom,Andrew,Balogun,andrew.balogun@yabatech.edu.ng,+1-817-842-6572x56290,2024/2025,1st Semester,BAM 101,Intro to Business Admin,3,54,12,29,41,E,2.0
P/HN/23/57681,Business Administration,HND2,Male,20,Akwa Ibom,Andrew,Balogun,andrew.balogun@yabatech.edu.ng,+1-817-842-6572x56290,2024/2025,1st Semester,ECO 101,Intro to Economics,2,38,11,25,36,F,0.0
P/HN/23/57681,Business Administration,HND2,Male,20,Akwa Ibom,Andrew,Balogun,andrew.balogun@yabatech.edu.ng,+1-817-842-6572x56290,2024/2025,1st Semester,ACC 111,Intro to Accounting,3,59,12,28,40,E,2.0
P/HN/23/82663,Computer Science,HND1,Female,27,Kwara,Peace,Ojo,peace.ojo@yabatech.edu.ng,(661)352-8950x323,2024/2025,1st Semester,COM 112,Digital Electronics,3,48,25,58,83,A,4.0
P/HN/23/82663,Computer Science,HND1,Female,27,Kwara,Peace,Ojo,peace.ojo@yabatech.edu.ng,(661)352-8950x323,2024/2025,1st Semester,COM 101,Intro to Computing,4,82,30,70,100,A,4.0
P/HN/23/82663,Computer Science,HND1,Female,27,Kwara,Peace,Ojo,peace.ojo@yabatech.edu.ng,(661)352-8950x323,2024/2025,1st Semester,STA 111,Intro to Statistics,2,74,28,67,95,A,4.0
P/HN/23/82663,Computer Science,HND1,Female,27,Kwara,Peace,Ojo,peace.ojo@yabatech.edu.ng,(661)352-8950x323,2024/2025,1st Semester,MTH 111,Logic & Linear Algebra,2,76,28,65,93,A,4.0
P/HN/23/82663,Computer Science,HND1,Female,27,Kwara,Peace,Ojo,peace.ojo@yabatech.edu.ng,(661)352-8950x323,2024/2025,1st Semester,GNS 101,Use of English,2,67,28,67,95,A,4.0
P/ND/23/53991,Computer Science,ND1,Female,26,Gombe,Peter,Balogun,peter.balogun@yabatech.edu.ng,344.382.2607,2024/2025,1st Semester,MTH 111,Logic & Linear Algebra,2,69,23,54,77,A,4.0
P/ND/23/53991,Computer Science,ND1,Female,26,Gombe,Peter,Balogun,peter.balogun@yabatech.edu.ng,344.382.2607,2024/2025,1st Semester,GNS 101,Use of English,2,100,22,52,74,AB,3.5
P/ND/23/53991,Computer Science,ND1,Female,26,Gombe,Peter,Balogun,peter.balogun@yabatech.edu.ng,344.382.2607,2024/2025,1st Semester,COM 101,Intro to Computing,4,92,20,48,68,B,3.25
P/ND/23/53991,Computer Science,ND1,Female,26,Gombe,Peter,Balogun,peter.balogun@yabatech.edu.ng,344.382.2607,2024/2025,1st Semester,COM 113,Intro to Programming,4,100,22,52,74,AB,3.5
P/ND/23/53991,Computer Science,ND1,Female,26,Gombe,Peter,Balogun,peter.balogun@yabatech.edu.ng,344.382.2607,2024/2025,1st Semester,COM 112,Digital Electronics,3,77,21,50,71,AB,3.5
F/HN/23/40286,Business Administration,HND2,Female,24,Kano,David,Olawale,david.olawale@yabatech.edu.ng,577.876.7746x64838,2024/2025,1st Semester,ECO 101,Intro to Economics,2,98,30,70,100,A,4.0
F/HN/23/40286,Business Administration,HND2,Female,24,Kano,David,Olawale,david.olawale@yabatech.edu.ng,577.876.7746x64838,2024/2025,1st Semester,ACC 111,Intro to Accounting,3,92,27,64,91,A,4.0
F/HN/23/40286,Business Administration,HND2,Female,24,Kano,David,Olawale,david.olawale@yabatech.edu.ng,577.876.7746x64838,2024/2025,1st Semester,BAM 101,Intro to Business Admin,3,67,30,70,100,A,4.0
F/ND/23/2020,Computer Science,ND1,Female,28,Akwa Ibom,Sarah,Okonkwo,sarah.okonkwo@yabatech.edu.ng,001-361-710-7282,2024/2025,1st Semester,COM 101,Intro to Computing,4,95,27,65,92,A,4.0
F/ND/23/2020,Computer Science,ND1,Female,28,Akwa Ibom,Sarah,Okonkwo,sarah.okonkwo@yabatech.edu.ng,001-361-710-7282,2024/2025,1st Semester,MTH 111,Logic & Linear Algebra,2,71,25,58,83,A,4.0
F/ND/23/2020,Computer Science,ND1,Female,28,Akwa Ibom,Sarah,Okonkwo,sarah.okonkwo@yabatech.edu.ng,001-361-710-7282,2024/2025,1st Semester,COM 112,Digital Electronics,3,71,25,59,84,A,4.0
F/ND/23/2020,Computer Science,ND1,Female,28,Akwa Ibom,Sarah,Okonkwo,sarah.okonkwo@yabatech.edu.ng,001-361-710-7282,2024/2025,1st Semester,COM 113,Intro to Programming,4,89,29,68,97,A,4.0
F/ND/23/2020,Computer Science,ND1,Female,28,Akwa Ibom,Sarah,Okonkwo,sarah.okonkwo@yabatech.edu.ng,001-361-710-7282,2024/2025,1st Semester,GNS 101,Use of English,2,100,26,60,86,A,4.0
F/ND/23/70062,Civil Engineering,ND1,Female,16,Sokoto,Andrew,Okonkwo,andrew.okonkwo@yabatech.edu.ng,871.200.6344,2024/2025,1st Semester,MEC 101,Workshop Technology,2,39,9,21,30,F,0.0
F/ND/23/70062,Civil Engineering,ND1,Female,16,Sokoto,Andrew,Okonkwo,andrew.okonkwo@yabatech.edu.ng,871.200.6344,2024/2025,1st Semester,CEC 110,Fluid Mechanics,4,21,5,12,17,F,0.0
F/ND/23/70062,Civil Engineering,ND1,Female,16,Sokoto,Andrew,Okonkwo,andrew.okonkwo@yabatech.edu.ng,871.200.6344,2024/2025,1st Semester,CEC 101,Engineering Drawing,3,58,12,28,40,E,2.0
F/ND/23/24485,Mass Communication,ND1,Male,16,Benue,Daniel,Ojo,daniel.ojo@yabatech.edu.ng,(669)497-9787,2024/2025,1st Semester,MAC 115,News Writing,3,30,10,24,34,F,0.0
F/ND/23/24485,Mass Communication,ND1,Male,16,Benue,Daniel,Ojo,daniel.ojo@yabatech.edu.ng,(669)497-9787,2024/2025,1st Semester,MAC 101,Intro to Mass Comm,3,30,9,22,31,F,0.0
F/ND/23/24485,Mass Communication,ND1,Male,16,Benue,Daniel,Ojo,daniel.ojo@yabatech.edu.ng,(669)497-9787,2024/2025,1st Semester,GNS 127,Citizenship Education,2,58,8,20,28,F,0.0
F/ND/23/24485,Mass Communication,ND1,Male,16,Benue,Daniel,Ojo,daniel.ojo@yabatech.edu.ng,(669)497-9787,2024/2025,1st Semester,MAC 107,Intro to Broadcasting,3,44,8,18,26,F,0.0
F/ND/23/24485,Mass Communication,ND1,Male,16,Benue,Daniel,Ojo,daniel.ojo@yabatech.edu.ng,(669)497-9787,2024/2025,1st Semester,GNS 101,Use of English,2,65,8,19,27,F,0.0
P/ND/23/10168,Computer Science,ND2,Male,23,Bayelsa,James,Okafor,james.okafor@yabatech.edu.ng,001-874-254-9194x001,2024/2025,1st Semester,GNS 101,Use of English,2,46,5,12,17,F,0.0
P/ND/23/10168,Computer Science,ND2,Male,23,Bayelsa,James,Okafor,james.okafor@yabatech.edu.ng,001-874-254-9194x001,2024/2025,1st Semester,COM 113,Intro to Programming,4,56,10,25,35,F,0.0
P/ND/23/10168,Computer Science,ND2,Male,23,Bayelsa,James,Okafor,james.okafor@yabatech.edu.ng,001-874-254-9194x001,2024/2025,1st Semester,STA 111,Intro to Statistics,2,48,7,17,24,F,0.0
P/ND/23/10168,Computer Science,ND2,Male,23,Bayelsa,James,Okafor,james.okafor@yabatech.edu.ng,001-874-254-9194x001,2024/2025,1st Semester,MTH 111,Logic & Linear Algebra,2,29,1,3,4,F,0.0
P/ND/23/10168,Computer Science,ND2,Male,23,Bayelsa,James,Okafor,james.okafor@yabatech.edu.ng,001-874-254-9194x001,2024/2025,1st Semester,COM 112,Digital Electronics,3,35,6,14,20,F,0.0
P/ND/23/10168,Computer Science,ND2,Male,23,Bayelsa,James,Okafor,james.okafor@yabatech.edu.ng,001-874-254-9194x001,2024/2025,1st Semester,COM 101,Intro to Computing,4,60,10,25,35,F,0.0
P/ND/23/20944,Science Lab Tech,ND1,Male,25,Nasarawa,Agnes,Ibrahim,agnes.ibrahim@yabatech.edu.ng,482-592-3476x3820,2024/2025,1st Semester,GNS 101,Use of English,2,64,19,44,63,BC,3.0
P/ND/23/20944,Science Lab Tech,ND1,Male,25,Nasarawa,Agnes,Ibrahim,agnes.ibrahim@yabatech.edu.ng,482-592-3476x3820,2024/2025,1st Semester,GLT 111,General Lab Techniques,4,85,20,47,67,B,3.25
P/ND/23/20944,Science Lab Tech,ND1,Male,25,Nasarawa,Agnes,Ibrahim,agnes.ibrahim@yabatech.edu.ng,482-592-3476x3820,2024/2025,1st Semester,STB 111,General Biology,3,77,21,50,71,AB,3.5
P/ND/23/20944,Science Lab Tech,ND1,Male,25,Nasarawa,Agnes,Ibrahim,agnes.ibrahim@yabatech.edu.ng,482-592-3476x3820,2024/2025,1st Semester,STC 112,General Chemistry,3,63,19,46,65,B,3.25
P/ND/23/20944,Science Lab Tech,ND1,Male,25,Nasarawa,Agnes,Ibrahim,agnes.ibrahim@yabatech.edu.ng,482-592-3476x3820,2024/2025,1st Semester,MTH 111,Logic & Linear Algebra,2,60,20,48,68,B,3.25
P/HN/23/84265,Business Administration,HND2,Male,27,Plateau,Comfort,Obi,comfort.obi@yabatech.edu.ng,786-309-4555x484,2024/2025,1st Semester,ACC 111,Intro to Accounting,3,79,28,67,95,A,4.0
P/HN/23/84265,Business Administration,HND2,Male,27,Plateau,Comfort,Obi,comfort.obi@yabatech.edu.ng,786-309-4555x484,2024/2025,1st Semester,BAM 101,Intro to Business Admin,3,77,30,70,100,A,4.0
P/HN/23/84265,Business Administration,HND2,Male,27,Plateau,Comfort,Obi,comfort.obi@yabatech.edu.ng,786-309-4555x484,2024/2025,1st Semester,ECO 101,Intro to Economics,2,74,27,63,90,A,4.0
P/ND/23/24327,Science Lab Tech,ND2,Male,17,Taraba,Ruth,Oyekan,ruth.oyekan@yabatech.edu.ng,(677)211-4836x727,2024/2025,1st Semester,MTH 111,Logic & Linear Algebra,2,72,27,63,90,A,4.0
P/ND/23/24327,Science Lab Tech,ND2,Male,17,Taraba,Ruth,Oyekan,ruth.oyekan@yabatech.edu.ng,(677)211-4836x727,2024/2025,1st Semester,STC 112,General Chemistry,3,89,27,63,90,A,4.0
P/ND/23/24327,Science Lab Tech,ND2,Male,17,Taraba,Ruth,Oyekan,ruth.oyekan@yabatech.edu.ng,(677)211-4836x727,2024/2025,1st Semester,STB 111,General Biology,3,94,26,60,86,A,4.0
P/ND/23/24327,Science Lab Tech,ND2,Male,17,Taraba,Ruth,Oyekan,ruth.oyekan@yabatech.edu.ng,(677)211-4836x727,2024/2025,1st Semester,GLT 111,General Lab Techniques,4,51,26,61,87,A,4.0
P/ND/23/24327,Science Lab Tech,ND2,Male,17,Taraba,Ruth,Oyekan,ruth.oyekan@yabatech.edu.ng,(677)211-4836x727,2024/2025,1st Semester,GNS 101,Use of English,2,76,27,65,92,A,4.0
P/ND/23/33778,Computer Science,ND2,Female,21,Ondo,Benjamin,Okafor,benjamin.okafor@yabatech.edu.ng,893.652.7209x64462,2024/2025,1st Semester,COM 113,Intro to Programming,4,86,26,61,87,A,4.0
P/ND/23/33778,Computer Science,ND2,Female,21,Ondo,Benjamin,Okafor,benjamin.okafor@yabatech.edu.ng,893.652.7209x64462,2024/2025,1st Semester,GNS 101,Use of English,2,100,23,53,76,A,4.0
P/ND/23/33778,Computer Science,ND2,Female,21,Ondo,Benjamin,Okafor,benjamin.okafor@yabatech.edu.ng,893.652.7209x64462,2024/2025,1st Semester,COM 101,Intro to Computing,4,74,27,64,91,A,4.0
P/ND/23/33778,Computer Science,ND2,Female,21,Ondo,Benjamin,Okafor,benjamin.okafor@yabatech.edu.ng,893.652.7209x64462,2024/2025,1st Semester,COM 112,Digital Electronics,3,57,23,53,76,A,4.0
P/ND/23/33778,Computer Science,ND2,Female,21,Ondo,Benjamin,Okafor,benjamin.okafor@yabatech.edu.ng,893.652.7209x64462,2024/2025,1st Semester,MTH 111,Logic & Linear Algebra,2,61,27,63,90,A,4.0
P/ND/23/33778,Computer Science,ND2,Female,21,Ondo,Benjamin,Okafor,benjamin.okafor@yabatech.edu.ng,893.652.7209x64462,2024/2025,1st Semester,STA 111,Intro to Statistics,2,86,28,65,93,A,4.0
F/ND/23/59412,Computer Science,ND2,Female,27,Kogi,Charity,Ekwueme,charity.ekwueme@yabatech.edu.ng,2884311384,2024/2025,1st Semester,STA 111,Intro to Statistics,2,81,22,51,73,AB,3.5
F/ND/23/59412,Computer Science,ND2,Female,27,Kogi,Charity,Ekwueme,charity.ekwueme@yabatech.edu.ng,2884311384,2024/2025,1st Semester,COM 101,Intro to Computing,4,87,24,57,81,A,4.0
F/ND/23/59412,Computer Science,ND2,Female,27,Kogi,Charity,Ekwueme,charity.ekwueme@yabatech.edu.ng,2884311384,2024/2025,1st Semester,COM 113,Intro to Programming,4,87,20,48,68,B,3.25
F/ND/23/59412,Computer Science,ND2,Female,27,Kogi,Charity,Ekwueme,charity.ekwueme@yabatech.edu.ng,2884311384,2024/2025,1st Semester,COM 112,Digital Electronics,3,80,23,55,78,A,4.0
F/ND/23/59412,Computer Science,ND2,Female,27,Kogi,Charity,Ekwueme,charity.ekwueme@yabatech.edu.ng,2884311384,2024/2025,1st Semester,MTH 111,Logic & Linear Algebra,2,100,23,55,78,A,4.0
F/ND/23/59412,Computer Science,ND2,Female,27,Kogi,Charity,Ekwueme,charity.ekwueme@yabatech.edu.ng,2884311384,2024/2025,1st Semester,GNS 101,Use of English,2,73,24,56,80,A,4.0
F/HN/23/51462,Civil Engineering,HND2,Female,18,Ekiti,Sarah,Adeyemi,sarah.adeyemi@yabatech.edu.ng,(557)367-6674,2024/2025,1st Semester,CEC 101,Engineering Drawing,3,49,13,31,44,E,2.0
F/HN/23/51462,Civil Engineering,HND2,Female,18,Ekiti,Sarah,Adeyemi,sarah.adeyemi@yabatech.edu.ng,(557)367-6674,2024/2025,1st Semester,CEC 110,Fluid Mechanics,4,67,18,42,60,BC,3.0
F/HN/23/51462,Civil Engineering,HND2,Female,18,Ekiti,Sarah,Adeyemi,sarah.adeyemi@yabatech.edu.ng,(557)367-6674,2024/2025,1st Semester,MEC 101,Workshop Technology,2,44,9,22,31,F,0.0
F/ND/23/59280,Science Lab Tech,ND1,Male,21,Nasarawa,James,Adetokunbo,james.adetokunbo@yabatech.edu.ng,549.864.3860,2024/2025,1st Semester,GNS 101,Use of English,2,54,20,47,67,B,3.25
F/ND/23/59280,Science Lab Tech,ND1,Male,21,Nasarawa,James,Adetokunbo,james.adetokunbo@yabatech.edu.ng,549.864.3860,2024/2025,1st Semester,STB 111,General Biology,3,47,15,35,50,CD,2.5
F/ND/23/59280,Science Lab Tech,ND1,Male,21,Nasarawa,James,Adetokunbo,james.adetokunbo@yabatech.edu.ng,549.864.3860,2024/2025,1st Semester,STC 112,General Chemistry,3,22,15,35,50,CD,2.5
F/ND/23/59280,Science Lab Tech,ND1,Male,21,Nasarawa,James,Adetokunbo,james.adetokunbo@yabatech.edu.ng,549.864.3860,2024/2025,1st Semester,GLT 111,General Lab Techniques,4,65,17,40,57,C,2.75
F/ND/23/59280,Science Lab Tech,ND1,Male,21,Nasarawa,James,Adetokunbo,james.adetokunbo@yabatech.edu.ng,549.864.3860,2024/2025,1st Semester,MTH 111,Logic & Linear Algebra,2,51,16,39,55,C,2.75
P/ND/23/55184,Business Administration,ND2,Female,26,Borno,Simon,Eze,simon.eze@yabatech.edu.ng,5643029971,2024/2025,1st Semester,ECO 101,Intro to Economics,2,78,26,61,87,A,4.0
P/ND/23/55184,Business Administration,ND2,Female,26,Borno,Simon,Eze,simon.eze@yabatech.edu.ng,5643029971,2024/2025,1st Semester,ACC 111,Intro to Accounting,3,84,29,69,98,A,4.0
P/ND/23/55184,Business Administration,ND2,Female,26,Borno,Simon,Eze,simon.eze@yabatech.edu.ng,5643029971,2024/2025,1st Semester,BAM 101,Intro to Business Admin,3,75,27,64,91,A,4.0
F/ND/23/90530,Electrical Engineering,ND2,Female,17,Edo,Agnes,Ibrahim,agnes.ibrahim@yabatech.edu.ng,938-679-8626x2628,2024/2025,1st Semester,EEC 111,Electrical Science,3,86,21,50,71,AB,3.5
F/ND/23/90530,Electrical Engineering,ND2,Female,17,Edo,Agnes,Ibrahim,agnes.ibrahim@yabatech.edu.ng,938-679-8626x2628,2024/2025,1st Semester,EEC 115,Electrical Graphics,2,68,22,52,74,AB,3.5
F/ND/23/90530,Electrical Engineering,ND2,Female,17,Edo,Agnes,Ibrahim,agnes.ibrahim@yabatech.edu.ng,938-679-8626x2628,2024/2025,1st Semester,MTH 111,Logic & Linear Algebra,2,84,20,48,68,B,3.25
F/ND/23/90530,Electrical Engineering,ND2,Female,17,Edo,Agnes,Ibrahim,agnes.ibrahim@yabatech.edu.ng,938-679-8626x2628,2024/2025,1st Semester,GNS 101,Use of English,2,83,19,46,65,B,3.25
F/ND/23/90530,Electrical Engineering,ND2,Female,17,Edo,Agnes,Ibrahim,agnes.ibrahim@yabatech.edu.ng,938-679-8626x2628,2024/2025,1st Semester,MEC 112,Mechanical Workshop,2,70,17,41,58,C,2.75
P/ND/23/29513,Civil Engineering,ND1,Female,25,Lagos,Mary,Akinwale,mary.akinwale@yabatech.edu.ng,+1-233-854-8189x779,2024/2025,1st Semester,MEC 101,Workshop Technology,2,69,18,42,60,BC,3.0
P/ND/23/29513,Civil Engineering,ND1,Female,25,Lagos,Mary,Akinwale,mary.akinwale@yabatech.edu.ng,+1-233-854-8189x779,2024/2025,1st Semester,CEC 101,Engineering Drawing,3,74,20,48,68,B,3.25
P/ND/23/29513,Civil Engineering,ND1,Female,25,Lagos,Mary,Akinwale,mary.akinwale@yabatech.edu.ng,+1-233-854-8189x779,2024/2025,1st Semester,CEC 110,Fluid Mechanics,4,100,16,39,55,C,2.75
F/HN/23/84142,Civil Engineering,HND2,Male,21,Ekiti,Daniel,Oshodi,daniel.oshodi@yabatech.edu.ng,(905)530-1127x051,2024/2025,1st Semester,CEC 110,Fluid Mechanics,4,73,18,43,61,BC,3.0
F/HN/23/84142,Civil Engineering,HND2,Male,21,Ekiti,Daniel,Oshodi,daniel.oshodi@yabatech.edu.ng,(905)530-1127x051,2024/2025,1st Semester,CEC 101,Engineering Drawing,3,52,18,43,61,BC,3.0
F/HN/23/84142,Civil Engineering,HND2,Male,21,Ekiti,Daniel,Oshodi,daniel.oshodi@yabatech.edu.ng,(905)530-1127x051,2024/2025,1st Semester,MEC 101,Workshop Technology,2,100,22,53,75,A,4.0
P/HN/23/30151,Science Lab Tech,HND2,Male,26,Ekiti,Nathaniel,Akinwale,nathaniel.akinwale@yabatech.edu.ng,(410)519-9762,2024/2025,1st Semester,MTH 111,Logic & Linear Algebra,2,61,18,44,62,BC,3.0
P/HN/23/30151,Science Lab Tech,HND2,Male,26,Ekiti,Nathaniel,Akinwale,nathaniel.akinwale@yabatech.edu.ng,(410)519-9762,2024/2025,1st Semester,GNS 101,Use of English,2,48,12,28,40,E,2.0
P/HN/23/30151,Science Lab Tech,HND2,Male,26,Ekiti,Nathaniel,Akinwale,nathaniel.akinwale@yabatech.edu.ng,(410)519-9762,2024/2025,1st Semester,GLT 111,General Lab Techniques,4,34,15,36,51,CD,2.5
P/HN/23/30151,Science Lab Tech,HND2,Male,26,Ekiti,Nathaniel,Akinwale,nathaniel.akinwale@yabatech.edu.ng,(410)519-9762,2024/2025,1st Semester,STC 112,General Chemistry,3,33,13,32,45,D,2.25
P/HN/23/30151,Science Lab Tech,HND2,Male,26,Ekiti,Nathaniel,Akinwale,nathaniel.akinwale@yabatech.edu.ng,(410)519-9762,2024/2025,1st Semester,STB 111,General Biology,3,51,15,35,50,CD,2.5
P/ND/23/72754,Civil Engineering,ND2,Female,16,Cross River,Joy,Uche,joy.uche@yabatech.edu.ng,575.803.1059,2024/2025,1st Semester,CEC 101,Engineering Drawing,3,94,26,60,86,A,4.0
P/ND/23/72754,Civil Engineering,ND2,Female,16,Cross River,Joy,Uche,joy.uche@yabatech.edu.ng,575.803.1059,2024/2025,1st Semester,CEC 110,Fluid Mechanics,4,93,30,70,100,A,4.0
P/ND/23/72754,Civil Engineering,ND2,Female,16,Cross River,Joy,Uche,joy.uche@yabatech.edu.ng,575.803.1059,2024/2025,1st Semester,MEC 101,Workshop Technology,2,88,29,67,96,A,4.0
F/HN/23/12398,Mass Communication,HND1,Female,28,Abia,Gabriel,Obasanjo,gabriel.obasanjo@yabatech.edu.ng,463-308-1250,2024/2025,1st Semester,MAC 101,Intro to Mass Comm,3,61,13,31,44,E,2.0
F/HN/23/12398,Mass Communication,HND1,Female,28,Abia,Gabriel,Obasanjo,gabriel.obasanjo@yabatech.edu.ng,463-308-1250,2024/2025,1st Semester,GNS 101,Use of English,2,68,9,22,31,F,0.0
F/HN/23/12398,Mass Communication,HND1,Female,28,Abia,Gabriel,Obasanjo,gabriel.obasanjo@yabatech.edu.ng,463-308-1250,2024/2025,1st Semester,MAC 115,News Writing,3,50,9,21,30,F,0.0
F/HN/23/12398,Mass Communication,HND1,Female,28,Abia,Gabriel,Obasanjo,gabriel.obasanjo@yabatech.edu.ng,463-308-1250,2024/2025,1st Semester,MAC 107,Intro to Broadcasting,3,32,9,21,30,F,0.0
F/HN/23/12398,Mass Communication,HND1,Female,28,Abia,Gabriel,Obasanjo,gabriel.obasanjo@yabatech.edu.ng,463-308-1250,2024/2025,1st Semester,GNS 127,Citizenship Education,2,59,11,27,38,F,0.0
F/HN/23/34176,Electrical Engineering,HND2,Male,24,Bauchi,Joshua,Olawale,joshua.olawale@yabatech.edu.ng,(606)468-9109x455,2024/2025,1st Semester,EEC 111,Electrical Science,3,81,27,63,90,A,4.0
F/HN/23/34176,Electrical Engineering,HND2,Male,24,Bauchi,Joshua,Olawale,joshua.olawale@yabatech.edu.ng,(606)468-9109x455,2024/2025,1st Semester,MEC 112,Mechanical Workshop,2,94,22,52,74,AB,3.5
F/HN/23/34176,Electrical Engineering,HND2,Male,24,Bauchi,Joshua,Olawale,joshua.olawale@yabatech.edu.ng,(606)468-9109x455,2024/2025,1st Semester,EEC 115,Electrical Graphics,2,100,24,56,80,A,4.0
F/HN/23/34176,Electrical Engineering,HND2,Male,24,Bauchi,Joshua,Olawale,joshua.olawale@yabatech.edu.ng,(606)468-9109x455,2024/2025,1st Semester,GNS 101,Use of English,2,71,27,65,92,A,4.0
F/HN/23/34176,Electrical Engineering,HND2,Male,24,Bauchi,Joshua,Olawale,joshua.olawale@yabatech.edu.ng,(606)468-9109x455,2024/2025,1st Semester,MTH 111,Logic & Linear Algebra,2,87,21,51,72,AB,3.5
F/HN/23/42760,Business Administration,HND1,Male,19,Adamawa,Grace,Okonkwo,grace.okonkwo@yabatech.edu.ng,610-802-0202,2024/2025,1st Semester,ECO 101,Intro to Economics,2,84,22,53,75,A,4.0
F/HN/23/42760,Business Administration,HND1,Male,19,Adamawa,Grace,Okonkwo,grace.okonkwo@yabatech.edu.ng,610-802-0202,2024/2025,1st Semester,BAM 101,Intro to Business Admin,3,86,23,54,77,A,4.0
F/HN/23/42760,Business Administration,HND1,Male,19,Adamawa,Grace,Okonkwo,grace.okonkwo@yabatech.edu.ng,610-802-0202,2024/2025,1st Semester,ACC 111,Intro to Accounting,3,75,19,45,64,BC,3.0
F/HN/23/11494,Computer Science,HND1,Male,29,Zamfara,Michael,Olawale,michael.olawale@yabatech.edu.ng,(793)990-2636x645,2024/2025,1st Semester,MTH 111,Logic & Linear Algebra,2,35,8,18,26,F,0.0
F/HN/23/11494,Computer Science,HND1,Male,29,Zamfara,Michael,Olawale,michael.olawale@yabatech.edu.ng,(793)990-2636x645,2024/2025,1st Semester,GNS 101,Use of English,2,55,11,26,37,F,0.0
F/HN/23/11494,Computer Science,HND1,Male,29,Zamfara,Michael,Olawale,michael.olawale@yabatech.edu.ng,(793)990-2636x645,2024/2025,1st Semester,COM 101,Intro to Computing,4,49,3,7,10,F,0.0
F/HN/23/11494,Computer Science,HND1,Male,29,Zamfara,Michael,Olawale,michael.olawale@yabatech.edu.ng,(793)990-2636x645,2024/2025,1st Semester,COM 113,Intro to Programming,4,57,9,21,30,F,0.0
F/HN/23/11494,Computer Science,HND1,Male,29,Zamfara,Michael,Olawale,michael.olawale@yabatech.edu.ng,(793)990-2636x645,2024/2025,1st Semester,STA 111,Intro to Statistics,2,47,4,11,15,F,0.0
F/HN/23/11494,Computer Science,HND1,Male,29,Zamfara,Michael,Olawale,michael.olawale@yabatech.edu.ng,(793)990-2636x645,2024/2025,1st Semester,COM 112,Digital Electronics,3,59,10,24,34,F,0.0
P/ND/23/68563,Electrical Engineering,ND2,Male,18,Ogun,Gabriel,Ojo,gabriel.ojo@yabatech.edu.ng,(475)672-4202,2024/2025,1st Semester,MTH 111,Logic & Linear Algebra,2,89,21,51,72,AB,3.5
P/ND/23/68563,Electrical Engineering,ND2,Male,18,Ogun,Gabriel,Ojo,gabriel.ojo@yabatech.edu.ng,(475)672-4202,2024/2025,1st Semester,EEC 115,Electrical Graphics,2,72,21,49,70,AB,3.5
P/ND/23/68563,Electrical Engineering,ND2,Male,18,Ogun,Gabriel,Ojo,gabriel.ojo@yabatech.edu.ng,(475)672-4202,2024/2025,1st Semester,EEC 111,Electrical Science,3,87,26,61,87,A,4.0
P/ND/23/68563,Electrical Engineering,ND2,Male,18,Ogun,Gabriel,Ojo,gabriel.ojo@yabatech.edu.ng,(475)672-4202,2024/2025,1st Semester,GNS 101,Use of English,2,100,23,53,76,A,4.0
P/ND/23/68563,Electrical Engineering,ND2,Male,18,Ogun,Gabriel,Ojo,gabriel.ojo@yabatech.edu.ng,(475)672-4202,2024/2025,1st Semester,MEC 112,Mechanical Workshop,2,54,24,57,81,A,4.0
P/HN/23/67294,Computer Science,HND1,Male,23,Taraba,Deborah,Olawale,deborah.olawale@yabatech.edu.ng,+1-629-286-2017x7783,2024/2025,1st Semester,MTH 111,Logic & Linear Algebra,2,51,9,22,31,F,0.0
P/HN/23/67294,Computer Science,HND1,Male,23,Taraba,Deborah,Olawale,deborah.olawale@yabatech.edu.ng,+1-629-286-2017x7783,2024/2025,1st Semester,COM 113,Intro to Programming,4,51,8,20,28,F,0.0
P/HN/23/67294,Computer Science,HND1,Male,23,Taraba,Deborah,Olawale,deborah.olawale@yabatech.edu.ng,+1-629-286-2017x7783,2024/2025,1st Semester,COM 101,Intro to Computing,4,28,4,10,14,F,0.0
P/HN/23/67294,Computer Science,HND1,Male,23,Taraba,Deborah,Olawale,deborah.olawale@yabatech.edu.ng,+1-629-286-2017x7783,2024/2025,1st Semester,GNS 101,Use of English,2,44,7,18,25,F,0.0
P/HN/23/67294,Computer Science,HND1,Male,23,Taraba,Deborah,Olawale,deborah.olawale@yabatech.edu.ng,+1-629-286-2017x7783,2024/2025,1st Semester,STA 111,Intro to Statistics,2,53,9,21,30,F,0.0
F/HN/23/65543,Science Lab Tech,HND1,Male,24,Yobe,Esther,Obasanjo,esther.obasanjo@yabatech.edu.ng,668-759-7168x7342,2024/2025,1st Semester,STB 111,General Biology,3,100,30,70,100,A,4.0
F/HN/23/65543,Science Lab Tech,HND1,Male,24,Yobe,Esther,Obasanjo,esther.obasanjo@yabatech.edu.ng,668-759-7168x7342,2024/2025,1st Semester,GLT 111,General Lab Techniques,4,80,28,66,94,A,4.0
F/HN/23/65543,Science Lab Tech,HND1,Male,24,Yobe,Esther,Obasanjo,esther.obasanjo@yabatech.edu.ng,668-759-7168x7342,2024/2025,1st Semester,STC 112,General Chemistry,3,56,29,69,98,A,4.0
F/HN/23/65543,Science Lab Tech,HND1,Male,24,Yobe,Esther,Obasanjo,esther.obasanjo@yabatech.edu.ng,668-759-7168x7342,2024/2025,1st Semester,MTH 111,Logic & Linear Algebra,2,63,29,68,97,A,4.0
F/HN/23/65543,Science Lab Tech,HND1,Male,24,Yobe,Esther,Obasanjo,esther.obasanjo@yabatech.edu.ng,668-759-7168x7342,2024/2025,1st Semester,GNS 101,Use of English,2,85,30,70,100,A,4.0
F/ND/23/66712,Mass Communication,ND1,Male,20,Kaduna,Michael,Uche,michael.uche@yabatech.edu.ng,+1-399-673-2388x09987,2024/2025,1st Semester,MAC 115,News Writing,3,41,11,26,37,F,0.0
F/ND/23/66712,Mass Communication,ND1,Male,20,Kaduna,Michael,Uche,michael.uche@yabatech.edu.ng,+1-399-673-2388x09987,2024/2025,1st Semester,GNS 101,Use of English,2,48,14,33,47,D,2.25
F/ND/23/66712,Mass Communication,ND1,Male,20,Kaduna,Michael,Uche,michael.uche@yabatech.edu.ng,+1-399-673-2388x09987,2024/2025,1st Semester,MAC 107,Intro to Broadcasting,3,75,16,38,54,CD,2.5
F/ND/23/66712,Mass Communication,ND1,Male,20,Kaduna,Michael,Uche,michael.uche@yabatech.edu.ng,+1-399-673-2388x09987,2024/2025,1st Semester,MAC 101,Intro to Mass Comm,3,43,11,25,36,F,0.0
F/ND/23/66712,Mass Communication,ND1,Male,20,Kaduna,Michael,Uche,michael.uche@yabatech.edu.ng,+1-399-673-2388x09987,2024/2025,1st Semester,GNS 127,Citizenship Education,2,38,15,36,51,CD,2.5
P/ND/23/33437,Computer Science,ND2,Male,16,Lagos,Mary,Akinwale,mary.akinwale@yabatech.edu.ng,6466663251,2024/2025,1st Semester,GNS 101,Use of English,2,49,18,42,60,BC,3.0
P/ND/23/33437,Computer Science,ND2,Male,16,Lagos,Mary,Akinwale,mary.akinwale@yabatech.edu.ng,6466663251,2024/2025,1st Semester,MTH 111,Logic & Linear Algebra,2,72,21,49,70,AB,3.5
P/ND/23/33437,Computer Science,ND2,Male,16,Lagos,Mary,Akinwale,mary.akinwale@yabatech.edu.ng,6466663251,2024/2025,1st Semester,STA 111,Intro to Statistics,2,63,25,60,85,A,4.0
P/ND/23/33437,Computer Science,ND2,Male,16,Lagos,Mary,Akinwale,mary.akinwale@yabatech.edu.ng,6466663251,2024/2025,1st Semester,COM 112,Digital Electronics,3,100,23,54,77,A,4.0
P/ND/23/33437,Computer Science,ND2,Male,16,Lagos,Mary,Akinwale,mary.akinwale@yabatech.edu.ng,6466663251,2024/2025,1st Semester,COM 101,Intro to Computing,4,58,20,46,66,B,3.25
P/ND/23/33437,Computer Science,ND2,Male,16,Lagos,Mary,Akinwale,mary.akinwale@yabatech.edu.ng,6466663251,2024/2025,1st Semester,COM 113,Intro to Programming,4,98,21,49,70,AB,3.5
P/HN/23/43031,Electrical Engineering,HND1,Male,16,Gombe,Samuel,Adetokunbo,samuel.adetokunbo@yabatech.edu.ng,001-338-866-9650x02902,2024/2025,1st Semester,MEC 112,Mechanical Workshop,2,81,24,58,82,A,4.0
P/HN/23/43031,Electrical Engineering,HND1,Male,16,Gombe,Samuel,Adetokunbo,samuel.adetokunbo@yabatech.edu.ng,001-338-866-9650x02902,2024/2025,1st Semester,EEC 111,Electrical Science,3,97,21,51,72,AB,3.5
P/HN/23/43031,Electrical Engineering,HND1,Male,16,Gombe,Samuel,Adetokunbo,samuel.adetokunbo@yabatech.edu.ng,001-338-866-9650x02902,2024/2025,1st Semester,EEC 115,Electrical Graphics,2,73,27,63,90,A,4.0
P/HN/23/43031,Electrical Engineering,HND1,Male,16,Gombe,Samuel,Adetokunbo,samuel.adetokunbo@yabatech.edu.ng,001-338-866-9650x02902,2024/2025,1st Semester,MTH 111,Logic & Linear Algebra,2,100,23,54,77,A,4.0
P/HN/23/43031,Electrical Engineering,HND1,Male,16,Gombe,Samuel,Adetokunbo,samuel.adetokunbo@yabatech.edu.ng,001-338-866-9650x02902,2024/2025,1st Semester,GNS 101,Use of English,2,100,27,64,91,A,4.0
P/ND/23/46521,Electrical Engineering,ND1,Female,18,Benue,Benjamin,Ekwueme,benjamin.ekwueme@yabatech.edu.ng,643-729-9361x506,2024/2025,1st Semester,EEC 115,Electrical Graphics,2,81,22,51,73,AB,3.5
P/ND/23/46521,Electrical Engineering,ND1,Female,18,Benue,Benjamin,Ekwueme,benjamin.ekwueme@yabatech.edu.ng,643-729-9361x506,2024/2025,1st Semester,EEC 111,Electrical Science,3,100,24,57,81,A,4.0
P/ND/23/46521,Electrical Engineering,ND1,Female,18,Benue,Benjamin,Ekwueme,benjamin.ekwueme@yabatech.edu.ng,643-729-9361x506,2024/2025,1st Semester,MEC 112,Mechanical Workshop,2,68,22,51,73,AB,3.5
P/ND/23/46521,Electrical Engineering,ND1,Female,18,Benue,Benjamin,Ekwueme,benjamin.ekwueme@yabatech.edu.ng,643-729-9361x506,2024/2025,1st Semester,GNS 101,Use of English,2,88,24,58,82,A,4.0
P/ND/23/46521,Electrical Engineering,ND1,Female,18,Benue,Benjamin,Ekwueme,benjamin.ekwueme@yabatech.edu.ng,643-729-9361x506,2024/2025,1st Semester,MTH 111,Logic & Linear Algebra,2,100,25,59,84,A,4.0
P/HN/23/43436,Mass Communication,HND2,Male,26,Rivers,Benjamin,Akinwale,benjamin.akinwale@yabatech.edu.ng,995-396-7397x13094,2024/2025,1st Semester,GNS 127,Citizenship Education,2,61,24,56,80,A,4.0
P/HN/23/43436,Mass Communication,HND2,Male,26,Rivers,Benjamin,Akinwale,benjamin.akinwale@yabatech.edu.ng,995-396-7397x13094,2024/2025,1st Semester,MAC 107,Intro to Broadcasting,3,80,26,60,86,A,4.0
P/HN/23/43436,Mass Communication,HND2,Male,26,Rivers,Benjamin,Akinwale,benjamin.akinwale@yabatech.edu.ng,995-396-7397x13094,2024/2025,1st Semester,MAC 115,News Writing,3,100,29,67,96,A,4.0
P/HN/23/43436,Mass Communication,HND2,Male,26,Rivers,Benjamin,Akinwale,benjamin.akinwale@yabatech.edu.ng,995-396-7397x13094,2024/2025,1st Semester,MAC 101,Intro to Mass Comm,3,89,28,65,93,A,4.0
P/HN/23/43436,Mass Communication,HND2,Male,26,Rivers,Benjamin,Akinwale,benjamin.akinwale@yabatech.edu.ng,995-396-7397x13094,2024/2025,1st Semester,GNS 101,Use of English,2,73,26,62,88,A,4.0
P/ND/23/92391,Computer Science,ND1,Male,17,Imo,Samuel,Abiola,samuel.abiola@yabatech.edu.ng,721.647.2275x287,2024/2025,1st Semester,COM 112,Digital Electronics,3,63,10,23,33,F,0.0
P/ND/23/92391,Computer Science,ND1,Male,17,Imo,Samuel,Abiola,samuel.abiola@yabatech.edu.ng,721.647.2275x287,2024/2025,1st Semester,COM 101,Intro to Computing,4,32,8,20,28,F,0.0
P/ND/23/92391,Computer Science,ND1,Male,17,Imo,Samuel,Abiola,samuel.abiola@yabatech.edu.ng,721.647.2275x287,2024/2025,1st Semester,GNS 101,Use of English,2,38,8,20,28,F,0.0
P/ND/23/92391,Computer Science,ND1,Male,17,Imo,Samuel,Abiola,samuel.abiola@yabatech.edu.ng,721.647.2275x287,2024/2025,1st Semester,MTH 111,Logic & Linear Algebra,2,12,5,13,18,F,0.0
P/ND/23/92391,Computer Science,ND1,Male,17,Imo,Samuel,Abiola,samuel.abiola@yabatech.edu.ng,721.647.2275x287,2024/2025,1st Semester,COM 113,Intro to Programming,4,56,14,34,48,D,2.25
P/ND/23/92391,Computer Science,ND1,Male,17,Imo,Samuel,Abiola,samuel.abiola@yabatech.edu.ng,721.647.2275x287,2024/2025,1st Semester,STA 111,Intro to Statistics,2,59,15,36,51,CD,2.5
P/HN/23/95617,Business Administration,HND2,Male,25,Anambra,Michael,Oyekan,michael.oyekan@yabatech.edu.ng,001-352-755-0102x79327,2024/2025,1st Semester,BAM 101,Intro to Business Admin,3,15,4,11,15,F,0.0
P/HN/23/95617,Business Administration,HND2,Male,25,Anambra,Michael,Oyekan,michael.oyekan@yabatech.edu.ng,001-352-755-0102x79327,2024/2025,1st Semester,ACC 111,Intro to Accounting,3,74,8,18,26,F,0.0
P/HN/23/95617,Business Administration,HND2,Male,25,Anambra,Michael,Oyekan,michael.oyekan@yabatech.edu.ng,001-352-755-0102x79327,2024/2025,1st Semester,ECO 101,Intro to Economics,2,60,10,24,34,F,0.0
F/HN/23/9259,Business Administration,HND2,Male,26,Rivers,Michael,Uche,michael.uche@yabatech.edu.ng,337-409-8726,2024/2025,1st Semester,ACC 111,Intro to Accounting,3,68,23,54,77,A,4.0
F/HN/23/9259,Business Administration,HND2,Male,26,Rivers,Michael,Uche,michael.uche@yabatech.edu.ng,337-409-8726,2024/2025,1st Semester,ECO 101,Intro to Economics,2,69,23,54,77,A,4.0
F/HN/23/9259,Business Administration,HND2,Male,26,Rivers,Michael,Uche,michael.uche@yabatech.edu.ng,337-409-8726,2024/2025,1st Semester,BAM 101,Intro to Business Admin,3,94,21,50,71,AB,3.5
F/ND/23/75228,Business Administration,ND1,Female,23,Ekiti,Sarah,Abiola,sarah.abiola@yabatech.edu.ng,360.734.7816x428,2024/2025,1st Semester,BAM 101,Intro to Business Admin,3,50,18,43,61,BC,3.0
F/ND/23/75228,Business Administration,ND1,Female,23,Ekiti,Sarah,Abiola,sarah.abiola@yabatech.edu.ng,360.734.7816x428,2024/2025,1st Semester,ECO 101,Intro to Economics,2,45,8,20,28,F,0.0
F/ND/23/75228,Business Administration,ND1,Female,23,Ekiti,Sarah,Abiola,sarah.abiola@yabatech.edu.ng,360.734.7816x428,2024/2025,1st Semester,ACC 111,Intro to Accounting,3,30,8,18,26,F,0.0
P/HN/23/72083,Business Administration,HND1,Female,23,Zamfara,Stephen,Oyekan,stephen.oyekan@yabatech.edu.ng,001-516-553-1705x87070,2024/2025,1st Semester,BAM 101,Intro to Business Admin,3,43,11,26,37,F,0.0
P/HN/23/72083,Business Administration,HND1,Female,23,Zamfara,Stephen,Oyekan,stephen.oyekan@yabatech.edu.ng,001-516-553-1705x87070,2024/2025,1st Semester,ECO 101,Intro to Economics,2,64,12,29,41,E,2.0
P/HN/23/72083,Business Administration,HND1,Female,23,Zamfara,Stephen,Oyekan,stephen.oyekan@yabatech.edu.ng,001-516-553-1705x87070,2024/2025,1st Semester,ACC 111,Intro to Accounting,3,33,7,17,24,F,0.0
P/HN/23/41253,Electrical Engineering,HND1,Female,21,Lagos,Emmanuel,Ibrahim,emmanuel.ibrahim@yabatech.edu.ng,+1-935-902-2429,2024/2025,1st Semester,EEC 115,Electrical Graphics,2,70,20,47,67,B,3.25
P/HN/23/41253,Electrical Engineering,HND1,Female,21,Lagos,Emmanuel,Ibrahim,emmanuel.ibrahim@yabatech.edu.ng,+1-935-902-2429,2024/2025,1st Semester,EEC 111,Electrical Science,3,83,18,43,61,BC,3.0
P/HN/23/41253,Electrical Engineering,HND1,Female,21,Lagos,Emmanuel,Ibrahim,emmanuel.ibrahim@yabatech.edu.ng,+1-935-902-2429,2024/2025,1st Semester,MEC 112,Mechanical Workshop,2,89,17,40,57,C,2.75
P/HN/23/41253,Electrical Engineering,HND1,Female,21,Lagos,Emmanuel,Ibrahim,emmanuel.ibrahim@yabatech.edu.ng,+1-935-902-2429,2024/2025,1st Semester,GNS 101,Use of English,2,67,21,49,70,AB,3.5
P/HN/23/41253,Electrical Engineering,HND1,Female,21,Lagos,Emmanuel,Ibrahim,emmanuel.ibrahim@yabatech.edu.ng,+1-935-902-2429,2024/2025,1st Semester,MTH 111,Logic & Linear Algebra,2,98,22,52,74,AB,3.5
P/HN/23/34,Civil Engineering,HND1,Female,22,Niger,Gloria,Ogunleye,gloria.ogunleye@yabatech.edu.ng,001-223-910-0300x182,2024/2025,1st Semester,CEC 101,Engineering Drawing,3,68,11,26,37,F,0.0
P/HN/23/34,Civil Engineering,HND1,Female,22,Niger,Gloria,Ogunleye,gloria.ogunleye@yabatech.edu.ng,001-223-910-0300x182,2024/2025,1st Semester,CEC 110,Fluid Mechanics,4,39,7,18,25,F,0.0
P/HN/23/34,Civil Engineering,HND1,Female,22,Niger,Gloria,Ogunleye,gloria.ogunleye@yabatech.edu.ng,001-223-910-0300x182,2024/2025,1st Semester,MEC 101,Workshop Technology,2,53,12,28,40,E,2.0
P/HN/23/58534,Civil Engineering,HND2,Male,18,Lagos,Philip,Adeyemi,philip.adeyemi@yabatech.edu.ng,(333)418-5382,2024/2025,1st Semester,CEC 110,Fluid Mechanics,4,66,14,34,48,D,2.25
P/HN/23/58534,Civil Engineering,HND2,Male,18,Lagos,Philip,Adeyemi,philip.adeyemi@yabatech.edu.ng,(333)418-5382,2024/2025,1st Semester,CEC 101,Engineering Drawing,3,47,14,33,47,D,2.25
P/HN/23/58534,Civil Engineering,HND2,Male,18,Lagos,Philip,Adeyemi,philip.adeyemi@yabatech.edu.ng,(333)418-5382,2024/2025,1st Semester,MEC 101,Workshop Technology,2,59,13,32,45,D,2.25
P/ND/23/54472,Computer Science,ND2,Male,18,Gombe,Nathaniel,Okafor,nathaniel.okafor@yabatech.edu.ng,5457856056,2024/2025,1st Semester,COM 112,Digital Electronics,3,100,25,59,84,A,4.0
P/ND/23/54472,Computer Science,ND2,Male,18,Gombe,Nathaniel,Okafor,nathaniel.okafor@yabatech.edu.ng,5457856056,2024/2025,1st Semester,GNS 101,Use of English,2,83,24,57,81,A,4.0
P/ND/23/54472,Computer Science,ND2,Male,18,Gombe,Nathaniel,Okafor,nathaniel.okafor@yabatech.edu.ng,5457856056,2024/2025,1st Semester,COM 113,Intro to Programming,4,83,30,70,100,A,4.0
P/ND/23/54472,Computer Science,ND2,Male,18,Gombe,Nathaniel,Okafor,nathaniel.okafor@yabatech.edu.ng,5457856056,2024/2025,1st Semester,COM 101,Intro to Computing,4,72,25,59,84,A,4.0
P/ND/23/54472,Computer Science,ND2,Male,18,Gombe,Nathaniel,Okafor,nathaniel.okafor@yabatech.edu.ng,5457856056,2024/2025,1st Semester,STA 111,Intro to Statistics,2,74,28,67,95,A,4.0
F/HN/23/40851,Science Lab Tech,HND1,Female,24,Yobe,Elizabeth,Obasanjo,elizabeth.obasanjo@yabatech.edu.ng,857-264-2206x68149,2024/2025,1st Semester,STB 111,General Biology,3,88,29,68,97,A,4.0
F/HN/23/40851,Science Lab Tech,HND1,Female,24,Yobe,Elizabeth,Obasanjo,elizabeth.obasanjo@yabatech.edu.ng,857-264-2206x68149,2024/2025,1st Semester,STC 112,General Chemistry,3,69,30,70,100,A,4.0
F/HN/23/40851,Science Lab Tech,HND1,Female,24,Yobe,Elizabeth,Obasanjo,elizabeth.obasanjo@yabatech.edu.ng,857-264-2206x68149,2024/2025,1st Semester,GLT 111,General Lab Techniques,4,90,28,66,94,A,4.0
F/HN/23/40851,Science Lab Tech,HND1,Female,24,Yobe,Elizabeth,Obasanjo,elizabeth.obasanjo@yabatech.edu.ng,857-264-2206x68149,2024/2025,1st Semester,MTH 111,Logic & Linear Algebra,2,91,24,57,81,A,4.0
F/HN/23/40851,Science Lab Tech,HND1,Female,24,Yobe,Elizabeth,Obasanjo,elizabeth.obasanjo@yabatech.edu.ng,857-264-2206x68149,2024/2025,1st Semester,GNS 101,Use of English,2,78,30,70,100,A,4.0
F/ND/23/9075,Business Administration,ND2,Female,21,Imo,Simon,Adetokunbo,simon.adetokunbo@yabatech.edu.ng,(437)216-3675x27103,2024/2025,1st Semester,BAM 101,Intro to Business Admin,3,46,9,22,31,F,0.0
F/ND/23/9075,Business Administration,ND2,Female,21,Imo,Simon,Adetokunbo,simon.adetokunbo@yabatech.edu.ng,(437)216-3675x27103,2024/2025,1st Semester,ACC 111,Intro to Accounting,3,23,3,7,10,F,0.0
F/ND/23/9075,Business Administration,ND2,Female,21,Imo,Simon,Adetokunbo,simon.adetokunbo@yabatech.edu.ng,(437)216-3675x27103,2024/2025,1st Semester,ECO 101,Intro to Economics,2,26,7,17,24,F,0.0
P/HN/23/12184,Electrical Engineering,HND2,Male,27,Osun,Joy,Adetokunbo,joy.adetokunbo@yabatech.edu.ng,+1-371-982-4654x9235,2024/2025,1st Semester,MTH 111,Logic & Linear Algebra,2,100,18,43,61,BC,3.0
P/HN/23/12184,Electrical Engineering,HND2,Male,27,Osun,Joy,Adetokunbo,joy.adetokunbo@yabatech.edu.ng,+1-371-982-4654x9235,2024/2025,1st Semester,GNS 101,Use of English,2,81,19,44,63,BC,3.0
P/HN/23/12184,Electrical Engineering,HND2,Male,27,Osun,Joy,Adetokunbo,joy.adetokunbo@yabatech.edu.ng,+1-371-982-4654x9235,2024/2025,1st Semester,EEC 111,Electrical Science,3,89,20,48,68,B,3.25
P/HN/23/12184,Electrical Engineering,HND2,Male,27,Osun,Joy,Adetokunbo,joy.adetokunbo@yabatech.edu.ng,+1-371-982-4654x9235,2024/2025,1st Semester,MEC 112,Mechanical Workshop,2,83,20,48,68,B,3.25
P/HN/23/12184,Electrical Engineering,HND2,Male,27,Osun,Joy,Adetokunbo,joy.adetokunbo@yabatech.edu.ng,+1-371-982-4654x9235,2024/2025,1st Semester,EEC 115,Electrical Graphics,2,95,22,52,74,AB,3.5
F/HN/23/57611,Science Lab Tech,HND1,Female,18,Kaduna,Mary,Obi,mary.obi@yabatech.edu.ng,289.835.5645x236,2024/2025,1st Semester,STC 112,General Chemistry,3,34,10,24,34,F,0.0
F/HN/23/57611,Science Lab Tech,HND1,Female,18,Kaduna,Mary,Obi,mary.obi@yabatech.edu.ng,289.835.5645x236,2024/2025,1st Semester,STB 111,General Biology,3,54,15,35,50,CD,2.5
F/HN/23/57611,Science Lab Tech,HND1,Female,18,Kaduna,Mary,Obi,mary.obi@yabatech.edu.ng,289.835.5645x236,2024/2025,1st Semester,GLT 111,General Lab Techniques,4,49,12,29,41,E,2.0
F/HN/23/57611,Science Lab Tech,HND1,Female,18,Kaduna,Mary,Obi,mary.obi@yabatech.edu.ng,289.835.5645x236,2024/2025,1st Semester,MTH 111,Logic & Linear Algebra,2,53,14,34,48,D,2.25
F/HN/23/57611,Science Lab Tech,HND1,Female,18,Kaduna,Mary,Obi,mary.obi@yabatech.edu.ng,289.835.5645x236,2024/2025,1st Semester,GNS 101,Use of English,2,41,8,20,28,F,0.0
F/ND/23/28317,Business Administration,ND1,Female,17,Anambra,Cornelius,Oshodi,cornelius.oshodi@yabatech.edu.ng,922.288.6451,2024/2025,1st Semester,ECO 101,Intro to Economics,2,38,3,7,10,F,0.0
F/ND/23/28317,Business Administration,ND1,Female,17,Anambra,Cornelius,Oshodi,cornelius.oshodi@yabatech.edu.ng,922.288.6451,2024/2025,1st Semester,BAM 101,Intro to Business Admin,3,43,5,13,18,F,0.0
F/ND/23/28317,Business Administration,ND1,Female,17,Anambra,Cornelius,Oshodi,cornelius.oshodi@yabatech.edu.ng,922.288.6451,2024/2025,1st Semester,ACC 111,Intro to Accounting,3,61,13,30,43,E,2.0
P/HN/23/46089,Science Lab Tech,HND1,Male,20,Ondo,Nathaniel,Ibrahim,nathaniel.ibrahim@yabatech.edu.ng,(675)503-0369,2024/2025,1st Semester,GNS 101,Use of English,2,83,24,56,80,A,4.0
P/HN/23/46089,Science Lab Tech,HND1,Male,20,Ondo,Nathaniel,Ibrahim,nathaniel.ibrahim@yabatech.edu.ng,(675)503-0369,2024/2025,1st Semester,STB 111,General Biology,3,100,26,62,88,A,4.0
P/HN/23/46089,Science Lab Tech,HND1,Male,20,Ondo,Nathaniel,Ibrahim,nathaniel.ibrahim@yabatech.edu.ng,(675)503-0369,2024/2025,1st Semester,STC 112,General Chemistry,3,82,27,64,91,A,4.0
P/HN/23/46089,Science Lab Tech,HND1,Male,20,Ondo,Nathaniel,Ibrahim,nathaniel.ibrahim@yabatech.edu.ng,(675)503-0369,2024/2025,1st Semester,GLT 111,General Lab Techniques,4,99,26,62,88,A,4.0
P/HN/23/46089,Science Lab Tech,HND1,Male,20,Ondo,Nathaniel,Ibrahim,nathaniel.ibrahim@yabatech.edu.ng,(675)503-0369,2024/2025,1st Semester,MTH 111,Logic & Linear Algebra,2,77,23,53,76,A,4.0
P/ND/23/97244,Mass Communication,ND2,Female,19,Zamfara,Faith,Abiola,faith.abiola@yabatech.edu.ng,+1-960-300-0841x5826,2024/2025,1st Semester,GNS 101,Use of English,2,63,15,36,51,CD,2.5
P/ND/23/97244,Mass Communication,ND2,Female,19,Zamfara,Faith,Abiola,faith.abiola@yabatech.edu.ng,+1-960-300-0841x5826,2024/2025,1st Semester,MAC 115,News Writing,3,58,18,43,61,BC,3.0
P/ND/23/97244,Mass Communication,ND2,Female,19,Zamfara,Faith,Abiola,faith.abiola@yabatech.edu.ng,+1-960-300-0841x5826,2024/2025,1st Semester,MAC 107,Intro to Broadcasting,3,80,18,43,61,BC,3.0
P/ND/23/97244,Mass Communication,ND2,Female,19,Zamfara,Faith,Abiola,faith.abiola@yabatech.edu.ng,+1-960-300-0841x5826,2024/2025,1st Semester,MAC 101,Intro to Mass Comm,3,82,19,44,63,BC,3.0
P/ND/23/97244,Mass Communication,ND2,Female,19,Zamfara,Faith,Abiola,faith.abiola@yabatech.edu.ng,+1-960-300-0841x5826,2024/2025,1st Semester,GNS 127,Citizenship Education,2,95,20,47,67,B,3.25
F/HN/23/99108,Mass Communication,HND1,Male,30,Delta,Peace,Obi,peace.obi@yabatech.edu.ng,(467)777-8313x874,2024/2025,1st Semester,MAC 107,Intro to Broadcasting,3,63,13,32,45,D,2.25
F/HN/23/99108,Mass Communication,HND1,Male,30,Delta,Peace,Obi,peace.obi@yabatech.edu.ng,(467)777-8313x874,2024/2025,1st Semester,GNS 127,Citizenship Education,2,55,10,23,33,F,0.0
F/HN/23/99108,Mass Communication,HND1,Male,30,Delta,Peace,Obi,peace.obi@yabatech.edu.ng,(467)777-8313x874,2024/2025,1st Semester,MAC 115,News Writing,3,31,11,25,36,F,0.0
F/HN/23/99108,Mass Communication,HND1,Male,30,Delta,Peace,Obi,peace.obi@yabatech.edu.ng,(467)777-8313x874,2024/2025,1st Semester,MAC 101,Intro to Mass Comm,3,83,9,22,31,F,0.0
F/HN/23/99108,Mass Communication,HND1,Male,30,Delta,Peace,Obi,peace.obi@yabatech.edu.ng,(467)777-8313x874,2024/2025,1st Semester,GNS 101,Use of English,2,60,10,25,35,F,0.0
F/HN/23/7378,Computer Science,HND2,Male,19,Kano,Agnes,Adetokunbo,agnes.adetokunbo@yabatech.edu.ng,+1-278-515-2138,2024/2025,1st Semester,COM 112,Digital Electronics,3,99,25,59,84,A,4.0
F/HN/23/7378,Computer Science,HND2,Male,19,Kano,Agnes,Adetokunbo,agnes.adetokunbo@yabatech.edu.ng,+1-278-515-2138,2024/2025,1st Semester,COM 113,Intro to Programming,4,78,28,65,93,A,4.0
F/HN/23/7378,Computer Science,HND2,Male,19,Kano,Agnes,Adetokunbo,agnes.adetokunbo@yabatech.edu.ng,+1-278-515-2138,2024/2025,1st Semester,GNS 101,Use of English,2,81,29,67,96,A,4.0
F/HN/23/7378,Computer Science,HND2,Male,19,Kano,Agnes,Adetokunbo,agnes.adetokunbo@yabatech.edu.ng,+1-278-515-2138,2024/2025,1st Semester,MTH 111,Logic & Linear Algebra,2,44,20,48,68,B,3.25
F/HN/23/7378,Computer Science,HND2,Male,19,Kano,Agnes,Adetokunbo,agnes.adetokunbo@yabatech.edu.ng,+1-278-515-2138,2024/2025,1st Semester,COM 101,Intro to Computing,4,100,29,67,96,A,4.0
F/HN/23/7378,Computer Science,HND2,Male,19,Kano,Agnes,Adetokunbo,agnes.adetokunbo@yabatech.edu.ng,+1-278-515-2138,2024/2025,1st Semester,STA 111,Intro to Statistics,2,74,26,62,88,A,4.0
P/ND/23/45299,Science Lab Tech,ND2,Female,29,Bayelsa,Stephen,Obi,stephen.obi@yabatech.edu.ng,399.451.9717x4641,2024/2025,1st Semester,GLT 111,General Lab Techniques,4,50,11,25,36,F,0.0
P/ND/23/45299,Science Lab Tech,ND2,Female,29,Bayelsa,Stephen,Obi,stephen.obi@yabatech.edu.ng,399.451.9717x4641,2024/2025,1st Semester,STC 112,General Chemistry,3,58,9,23,32,F,0.0
P/ND/23/45299,Science Lab Tech,ND2,Female,29,Bayelsa,Stephen,Obi,stephen.obi@yabatech.edu.ng,399.451.9717x4641,2024/2025,1st Semester,MTH 111,Logic & Linear Algebra,2,50,12,30,42,E,2.0
P/ND/23/45299,Science Lab Tech,ND2,Female,29,Bayelsa,Stephen,Obi,stephen.obi@yabatech.edu.ng,399.451.9717x4641,2024/2025,1st Semester,GNS 101,Use of English,2,41,6,15,21,F,0.0
P/ND/23/45299,Science Lab Tech,ND2,Female,29,Bayelsa,Stephen,Obi,stephen.obi@yabatech.edu.ng,399.451.9717x4641,2024/2025,1st Semester,STB 111,General Biology,3,43,8,20,28,F,0.0
P/ND/23/68329,Electrical Engineering,ND1,Male,26,Bauchi,Daniel,Uche,daniel.uche@yabatech.edu.ng,001-376-899-0015x231,2024/2025,1st Semester,MTH 111,Logic & Linear Algebra,2,69,17,40,57,C,2.75
P/ND/23/68329,Electrical Engineering,ND1,Male,26,Bauchi,Daniel,Uche,daniel.uche@yabatech.edu.ng,001-376-899-0015x231,2024/2025,1st Semester,EEC 111,Electrical Science,3,35,10,25,35,F,0.0
P/ND/23/68329,Electrical Engineering,ND1,Male,26,Bauchi,Daniel,Uche,daniel.uche@yabatech.edu.ng,001-376-899-0015x231,2024/2025,1st Semester,GNS 101,Use of English,2,57,16,39,55,C,2.75
P/ND/23/68329,Electrical Engineering,ND1,Male,26,Bauchi,Daniel,Uche,daniel.uche@yabatech.edu.ng,001-376-899-0015x231,2024/2025,1st Semester,EEC 115,Electrical Graphics,2,67,13,31,44,E,2.0
P/ND/23/68329,Electrical Engineering,ND1,Male,26,Bauchi,Daniel,Uche,daniel.uche@yabatech.edu.ng,001-376-899-0015x231,2024/2025,1st Semester,MEC 112,Mechanical Workshop,2,51,15,36,51,CD,2.5
F/HN/23/2792,Civil Engineering,HND1,Male,30,Ebonyi,Peter,Ojo,peter.ojo@yabatech.edu.ng,001-866-972-9821x6549,2024/2025,1st Semester,CEC 110,Fluid Mechanics,4,80,19,45,64,BC,3.0
F/HN/23/2792,Civil Engineering,HND1,Male,30,Ebonyi,Peter,Ojo,peter.ojo@yabatech.edu.ng,001-866-972-9821x6549,2024/2025,1st Semester,CEC 101,Engineering Drawing,3,51,18,43,61,BC,3.0
F/HN/23/2792,Civil Engineering,HND1,Male,30,Ebonyi,Peter,Ojo,peter.ojo@yabatech.edu.ng,001-866-972-9821x6549,2024/2025,1st Semester,MEC 101,Workshop Technology,2,36,11,27,38,F,0.0
F/ND/23/73806,Science Lab Tech,ND1,Female,17,Bauchi,Sarah,Ogunleye,sarah.ogunleye@yabatech.edu.ng,(602)311-5127x38026,2024/2025,1st Semester,STC 112,General Chemistry,3,75,17,39,56,C,2.75
F/ND/23/73806,Science Lab Tech,ND1,Female,17,Bauchi,Sarah,Ogunleye,sarah.ogunleye@yabatech.edu.ng,(602)311-5127x38026,2024/2025,1st Semester,GNS 101,Use of English,2,72,18,42,60,BC,3.0
F/ND/23/73806,Science Lab Tech,ND1,Female,17,Bauchi,Sarah,Ogunleye,sarah.ogunleye@yabatech.edu.ng,(602)311-5127x38026,2024/2025,1st Semester,STB 111,General Biology,3,44,13,30,43,E,2.0
F/ND/23/73806,Science Lab Tech,ND1,Female,17,Bauchi,Sarah,Ogunleye,sarah.ogunleye@yabatech.edu.ng,(602)311-5127x38026,2024/2025,1st Semester,MTH 111,Logic & Linear Algebra,2,50,16,37,53,CD,2.5
F/ND/23/73806,Science Lab Tech,ND1,Female,17,Bauchi,Sarah,Ogunleye,sarah.ogunleye@yabatech.edu.ng,(602)311-5127x38026,2024/2025,1st Semester,GLT 111,General Lab Techniques,4,46,14,33,47,D,2.25
F/ND/23/61386,Science Lab Tech,ND2,Male,18,Kogi,James,Ojo,james.ojo@yabatech.edu.ng,+1-582-790-1159x9623,2024/2025,1st Semester,STC 112,General Chemistry,3,34,4,10,14,F,0.0
F/ND/23/61386,Science Lab Tech,ND2,Male,18,Kogi,James,Ojo,james.ojo@yabatech.edu.ng,+1-582-790-1159x9623,2024/2025,1st Semester,STB 111,General Biology,3,43,2,6,8,F,0.0
F/ND/23/61386,Science Lab Tech,ND2,Male,18,Kogi,James,Ojo,james.ojo@yabatech.edu.ng,+1-582-790-1159x9623,2024/2025,1st Semester,MTH 111,Logic & Linear Algebra,2,58,13,31,44,E,2.0
F/ND/23/61386,Science Lab Tech,ND2,Male,18,Kogi,James,Ojo,james.ojo@yabatech.edu.ng,+1-582-790-1159x9623,2024/2025,1st Semester,GNS 101,Use of English,2,54,14,34,48,D,2.25
F/ND/23/61386,Science Lab Tech,ND2,Male,18,Kogi,James,Ojo,james.ojo@yabatech.edu.ng,+1-582-790-1159x9623,2024/2025,1st Semester,GLT 111,General Lab Techniques,4,72,13,31,44,E,2.0
P/ND/23/48265,Civil Engineering,ND1,Female,23,Rivers,Samuel,Ekwueme,samuel.ekwueme@yabatech.edu.ng,440.514.0950,2024/2025,1st Semester,CEC 110,Fluid Mechanics,4,72,19,44,63,BC,3.0
P/ND/23/48265,Civil Engineering,ND1,Female,23,Rivers,Samuel,Ekwueme,samuel.ekwueme@yabatech.edu.ng,440.514.0950,2024/2025,1st Semester,CEC 101,Engineering Drawing,3,87,18,43,61,BC,3.0
P/ND/23/48265,Civil Engineering,ND1,Female,23,Rivers,Samuel,Ekwueme,samuel.ekwueme@yabatech.edu.ng,440.514.0950,2024/2025,1st Semester,MEC 101,Workshop Technology,2,40,17,41,58,C,2.75
F/ND/23/94319,Civil Engineering,ND1,Male,28,Cross River,Angela,Akinwale,angela.akinwale@yabatech.edu.ng,001-725-230-2178x984,2024/2025,1st Semester,CEC 110,Fluid Mechanics,4,100,24,56,80,A,4.0
F/ND/23/94319,Civil Engineering,ND1,Male,28,Cross River,Angela,Akinwale,angela.akinwale@yabatech.edu.ng,001-725-230-2178x984,2024/2025,1st Semester,CEC 101,Engineering Drawing,3,71,23,53,76,A,4.0
F/ND/23/94319,Civil Engineering,ND1,Male,28,Cross River,Angela,Akinwale,angela.akinwale@yabatech.edu.ng,001-725-230-2178x984,2024/2025,1st Semester,MEC 101,Workshop Technology,2,76,26,61,87,A,4.0
F/HN/23/64609,Electrical Engineering,HND2,Male,19,Enugu,Angela,Okafor,angela.okafor@yabatech.edu.ng,414-400-9266,2024/2025,1st Semester,EEC 115,Electrical Graphics,2,37,8,18,26,F,0.0
F/HN/23/64609,Electrical Engineering,HND2,Male,19,Enugu,Angela,Okafor,angela.okafor@yabatech.edu.ng,414-400-9266,2024/2025,1st Semester,MTH 111,Logic & Linear Algebra,2,60,15,37,52,CD,2.5
F/HN/23/64609,Electrical Engineering,HND2,Male,19,Enugu,Angela,Okafor,angela.okafor@yabatech.edu.ng,414-400-9266,2024/2025,1st Semester,MEC 112,Mechanical Workshop,2,41,10,23,33,F,0.0
F/HN/23/64609,Electrical Engineering,HND2,Male,19,Enugu,Angela,Okafor,angela.okafor@yabatech.edu.ng,414-400-9266,2024/2025,1st Semester,EEC 111,Electrical Science,3,38,13,30,43,E,2.0
F/HN/23/64609,Electrical Engineering,HND2,Male,19,Enugu,Angela,Okafor,angela.okafor@yabatech.edu.ng,414-400-9266,2024/2025,1st Semester,GNS 101,Use of English,2,51,14,33,47,D,2.25
F/ND/23/40064,Civil Engineering,ND2,Female,25,Nasarawa,David,Ojo,david.ojo@yabatech.edu.ng,456-918-2456,2024/2025,1st Semester,MEC 101,Workshop Technology,2,62,28,65,93,A,4.0
F/ND/23/40064,Civil Engineering,ND2,Female,25,Nasarawa,David,Ojo,david.ojo@yabatech.edu.ng,456-918-2456,2024/2025,1st Semester,CEC 101,Engineering Drawing,3,59,29,69,98,A,4.0
F/ND/23/40064,Civil Engineering,ND2,Female,25,Nasarawa,David,Ojo,david.ojo@yabatech.edu.ng,456-918-2456,2024/2025,1st Semester,CEC 110,Fluid Mechanics,4,56,30,70,100,A,4.0
P/HN/23/66451,Computer Science,HND1,Male,22,Edo,Victoria,Obi,victoria.obi@yabatech.edu.ng,9505786738,2024/2025,1st Semester,GNS 101,Use of English,2,56,22,51,73,AB,3.5
P/HN/23/66451,Computer Science,HND1,Male,22,Edo,Victoria,Obi,victoria.obi@yabatech.edu.ng,9505786738,2024/2025,1st Semester,STA 111,Intro to Statistics,2,58,21,50,71,AB,3.5
P/HN/23/66451,Computer Science,HND1,Male,22,Edo,Victoria,Obi,victoria.obi@yabatech.edu.ng,9505786738,2024/2025,1st Semester,COM 101,Intro to Computing,4,78,25,58,83,A,4.0
P/HN/23/66451,Computer Science,HND1,Male,22,Edo,Victoria,Obi,victoria.obi@yabatech.edu.ng,9505786738,2024/2025,1st Semester,MTH 111,Logic & Linear Algebra,2,54,20,46,66,B,3.25
P/HN/23/66451,Computer Science,HND1,Male,22,Edo,Victoria,Obi,victoria.obi@yabatech.edu.ng,9505786738,2024/2025,1st Semester,COM 112,Digital Electronics,3,93,22,51,73,AB,3.5
F/ND/23/12730,Science Lab Tech,ND2,Female,26,Oyo,Simon,Adetokunbo,simon.adetokunbo@yabatech.edu.ng,001-811-945-2748x04739,2024/2025,1st Semester,MTH 111,Logic & Linear Algebra,2,55,15,36,51,CD,2.5
F/ND/23/12730,Science Lab Tech,ND2,Female,26,Oyo,Simon,Adetokunbo,simon.adetokunbo@yabatech.edu.ng,001-811-945-2748x04739,2024/2025,1st Semester,STC 112,General Chemistry,3,54,13,31,44,E,2.0
F/ND/23/12730,Science Lab Tech,ND2,Female,26,Oyo,Simon,Adetokunbo,simon.adetokunbo@yabatech.edu.ng,001-811-945-2748x04739,2024/2025,1st Semester,GNS 101,Use of English,2,35,7,16,23,F,0.0
F/ND/23/12730,Science Lab Tech,ND2,Female,26,Oyo,Simon,Adetokunbo,simon.adetokunbo@yabatech.edu.ng,001-811-945-2748x04739,2024/2025,1st Semester,GLT 111,General Lab Techniques,4,57,13,30,43,E,2.0
F/ND/23/12730,Science Lab Tech,ND2,Female,26,Oyo,Simon,Adetokunbo,simon.adetokunbo@yabatech.edu.ng,001-811-945-2748x04739,2024/2025,1st Semester,STB 111,General Biology,3,38,7,17,24,F,0.0
P/ND/23/86321,Computer Science,ND2,Male,24,Nasarawa,Joy,Uche,joy.uche@yabatech.edu.ng,3827331279,2024/2025,1st Semester,COM 101,Intro to Computing,4,44,8,18,26,F,0.0
P/ND/23/86321,Computer Science,ND2,Male,24,Nasarawa,Joy,Uche,joy.uche@yabatech.edu.ng,3827331279,2024/2025,1st Semester,MTH 111,Logic & Linear Algebra,2,43,6,15,21,F,0.0
P/ND/23/86321,Computer Science,ND2,Male,24,Nasarawa,Joy,Uche,joy.uche@yabatech.edu.ng,3827331279,2024/2025,1st Semester,STA 111,Intro to Statistics,2,26,7,18,25,F,0.0
P/ND/23/86321,Computer Science,ND2,Male,24,Nasarawa,Joy,Uche,joy.uche@yabatech.edu.ng,3827331279,2024/2025,1st Semester,GNS 101,Use of English,2,34,11,26,37,F,0.0
P/ND/23/86321,Computer Science,ND2,Male,24,Nasarawa,Joy,Uche,joy.uche@yabatech.edu.ng,3827331279,2024/2025,1st Semester,COM 112,Digital Electronics,3,34,7,17,24,F,0.0
F/HN/23/63476,Science Lab Tech,HND2,Male,20,Kogi,Daniel,Ogunleye,daniel.ogunleye@yabatech.edu.ng,001-239-808-1415,2024/2025,1st Semester,MTH 111,Logic & Linear Algebra,2,87,21,50,71,AB,3.5
F/HN/23/63476,Science Lab Tech,HND2,Male,20,Kogi,Daniel,Ogunleye,daniel.ogunleye@yabatech.edu.ng,001-239-808-1415,2024/2025,1st Semester,GNS 101,Use of English,2,87,22,53,75,A,4.0
F/HN/23/63476,Science Lab Tech,HND2,Male,20,Kogi,Daniel,Ogunleye,daniel.ogunleye@yabatech.edu.ng,001-239-808-1415,2024/2025,1st Semester,STB 111,General Biology,3,94,23,55,78,A,4.0
F/HN/23/63476,Science Lab Tech,HND2,Male,20,Kogi,Daniel,Ogunleye,daniel.ogunleye@yabatech.edu.ng,001-239-808-1415,2024/2025,1st Semester,STC 112,General Chemistry,3,77,22,52,74,AB,3.5
F/HN/23/63476,Science Lab Tech,HND2,Male,20,Kogi,Daniel,Ogunleye,daniel.ogunleye@yabatech.edu.ng,001-239-808-1415,2024/2025,1st Semester,GLT 111,General Lab Techniques,4,54,18,42,60,BC,3.0
P/HN/23/92485,Electrical Engineering,HND2,Male,25,Adamawa,Peace,Chukwu,peace.chukwu@yabatech.edu.ng,(893)575-5110x26614,2024/2025,1st Semester,MEC 112,Mechanical Workshop,2,46,10,24,34,F,0.0
P/HN/23/92485,Electrical Engineering,HND2,Male,25,Adamawa,Peace,Chukwu,peace.chukwu@yabatech.edu.ng,(893)575-5110x26614,2024/2025,1st Semester,MTH 111,Logic & Linear Algebra,2,68,12,28,40,E,2.0
P/HN/23/92485,Electrical Engineering,HND2,Male,25,Adamawa,Peace,Chukwu,peace.chukwu@yabatech.edu.ng,(893)575-5110x26614,2024/2025,1st Semester,EEC 111,Electrical Science,3,61,10,24,34,F,0.0
P/HN/23/92485,Electrical Engineering,HND2,Male,25,Adamawa,Peace,Chukwu,peace.chukwu@yabatech.edu.ng,(893)575-5110x26614,2024/2025,1st Semester,GNS 101,Use of English,2,62,11,25,36,F,0.0
P/HN/23/92485,Electrical Engineering,HND2,Male,25,Adamawa,Peace,Chukwu,peace.chukwu@yabatech.edu.ng,(893)575-5110x26614,2024/2025,1st Semester,EEC 115,Electrical Graphics,2,79,12,29,41,E,2.0
P/HN/23/63332,Electrical Engineering,HND2,Female,27,Osun,Mark,Okafor,mark.okafor@yabatech.edu.ng,284.209.7471x42625,2024/2025,1st Semester,GNS 101,Use of English,2,50,17,41,58,C,2.75
P/HN/23/63332,Electrical Engineering,HND2,Female,27,Osun,Mark,Okafor,mark.okafor@yabatech.edu.ng,284.209.7471x42625,2024/2025,1st Semester,EEC 115,Electrical Graphics,2,58,17,41,58,C,2.75
P/HN/23/63332,Electrical Engineering,HND2,Female,27,Osun,Mark,Okafor,mark.okafor@yabatech.edu.ng,284.209.7471x42625,2024/2025,1st Semester,EEC 111,Electrical Science,3,46,11,27,38,F,0.0
P/HN/23/63332,Electrical Engineering,HND2,Female,27,Osun,Mark,Okafor,mark.okafor@yabatech.edu.ng,284.209.7471x42625,2024/2025,1st Semester,MTH 111,Logic & Linear Algebra,2,32,14,33,47,D,2.25
P/HN/23/63332,Electrical Engineering,HND2,Female,27,Osun,Mark,Okafor,mark.okafor@yabatech.edu.ng,284.209.7471x42625,2024/2025,1st Semester,MEC 112,Mechanical Workshop,2,48,15,35,50,CD,2.5
P/ND/23/92265,Electrical Engineering,ND2,Male,16,Osun,Juliet,Ojo,juliet.ojo@yabatech.edu.ng,(756)498-3523x055,2024/2025,1st Semester,EEC 111,Electrical Science,3,79,20,48,68,B,3.25
P/ND/23/92265,Electrical Engineering,ND2,Male,16,Osun,Juliet,Ojo,juliet.ojo@yabatech.edu.ng,(756)498-3523x055,2024/2025,1st Semester,MEC 112,Mechanical Workshop,2,100,19,44,63,BC,3.0
P/ND/23/92265,Electrical Engineering,ND2,Male,16,Osun,Juliet,Ojo,juliet.ojo@yabatech.edu.ng,(756)498-3523x055,2024/2025,1st Semester,MTH 111,Logic & Linear Algebra,2,84,22,53,75,A,4.0
P/ND/23/92265,Electrical Engineering,ND2,Male,16,Osun,Juliet,Ojo,juliet.ojo@yabatech.edu.ng,(756)498-3523x055,2024/2025,1st Semester,GNS 101,Use of English,2,84,22,53,75,A,4.0
P/ND/23/92265,Electrical Engineering,ND2,Male,16,Osun,Juliet,Ojo,juliet.ojo@yabatech.edu.ng,(756)498-3523x055,2024/2025,1st Semester,EEC 115,Electrical Graphics,2,68,19,46,65,B,3.25
F/ND/23/94751,Business Administration,ND2,Female,29,Yobe,Daniel,Ogunleye,daniel.ogunleye@yabatech.edu.ng,901-289-8760x367,2024/2025,1st Semester,ECO 101,Intro to Economics,2,10,11,27,38,F,0.0
F/ND/23/94751,Business Administration,ND2,Female,29,Yobe,Daniel,Ogunleye,daniel.ogunleye@yabatech.edu.ng,901-289-8760x367,2024/2025,1st Semester,ACC 111,Intro to Accounting,3,65,14,34,48,D,2.25
F/ND/23/94751,Business Administration,ND2,Female,29,Yobe,Daniel,Ogunleye,daniel.ogunleye@yabatech.edu.ng,901-289-8760x367,2024/2025,1st Semester,BAM 101,Intro to Business Admin,3,62,12,29,41,E,2.0
P/ND/23/15803,Mass Communication,ND2,Female,16,Cross River,Philip,Chukwu,philip.chukwu@yabatech.edu.ng,001-909-947-6701,2024/2025,1st Semester,MAC 101,Intro to Mass Comm,3,66,24,57,81,A,4.0
P/ND/23/15803,Mass Communication,ND2,Female,16,Cross River,Philip,Chukwu,philip.chukwu@yabatech.edu.ng,001-909-947-6701,2024/2025,1st Semester,MAC 107,Intro to Broadcasting,3,59,24,57,81,A,4.0
P/ND/23/15803,Mass Communication,ND2,Female,16,Cross River,Philip,Chukwu,philip.chukwu@yabatech.edu.ng,001-909-947-6701,2024/2025,1st Semester,GNS 101,Use of English,2,63,24,58,82,A,4.0
P/ND/23/15803,Mass Communication,ND2,Female,16,Cross River,Philip,Chukwu,philip.chukwu@yabatech.edu.ng,001-909-947-6701,2024/2025,1st Semester,MAC 115,News Writing,3,96,27,64,91,A,4.0
P/ND/23/15803,Mass Communication,ND2,Female,16,Cross River,Philip,Chukwu,philip.chukwu@yabatech.edu.ng,001-909-947-6701,2024/2025,1st Semester,GNS 127,Citizenship Education,2,95,27,63,90,A,4.0
F/ND/23/47538,Business Administration,ND2,Male,16,Akwa Ibom,Emmanuel,Obasanjo,emmanuel.obasanjo@yabatech.edu.ng,001-391-693-9645x714,2024/2025,1st Semester,ACC 111,Intro to Accounting,3,100,28,67,95,A,4.0
F/ND/23/47538,Business Administration,ND2,Male,16,Akwa Ibom,Emmanuel,Obasanjo,emmanuel.obasanjo@yabatech.edu.ng,001-391-693-9645x714,2024/2025,1st Semester,ECO 101,Intro to Economics,2,86,28,67,95,A,4.0
F/ND/23/47538,Business Administration,ND2,Male,16,Akwa Ibom,Emmanuel,Obasanjo,emmanuel.obasanjo@yabatech.edu.ng,001-391-693-9645x714,2024/2025,1st Semester,BAM 101,Intro to Business Admin,3,76,24,57,81,A,4.0
P/HN/23/1654,Computer Science,HND1,Male,17,Kebbi,Emmanuel,Uche,emmanuel.uche@yabatech.edu.ng,879-666-7399,2024/2025,1st Semester,GNS 101,Use of English,2,61,7,17,24,F,0.0
P/HN/23/1654,Computer Science,HND1,Male,17,Kebbi,Emmanuel,Uche,emmanuel.uche@yabatech.edu.ng,879-666-7399,2024/2025,1st Semester,COM 113,Intro to Programming,4,50,12,29,41,E,2.0
P/HN/23/1654,Computer Science,HND1,Male,17,Kebbi,Emmanuel,Uche,emmanuel.uche@yabatech.edu.ng,879-666-7399,2024/2025,1st Semester,MTH 111,Logic & Linear Algebra,2,51,9,21,30,F,0.0
P/HN/23/1654,Computer Science,HND1,Male,17,Kebbi,Emmanuel,Uche,emmanuel.uche@yabatech.edu.ng,879-666-7399,2024/2025,1st Semester,STA 111,Intro to Statistics,2,45,9,21,30,F,0.0
P/HN/23/1654,Computer Science,HND1,Male,17,Kebbi,Emmanuel,Uche,emmanuel.uche@yabatech.edu.ng,879-666-7399,2024/2025,1st Semester,COM 101,Intro to Computing,4,37,4,10,14,F,0.0
P/HN/23/62197,Electrical Engineering,HND1,Female,21,Niger,Blessing,Olawale,blessing.olawale@yabatech.edu.ng,001-875-660-2352x01288,2024/2025,1st Semester,MEC 112,Mechanical Workshop,2,92,29,69,98,A,4.0
P/HN/23/62197,Electrical Engineering,HND1,Female,21,Niger,Blessing,Olawale,blessing.olawale@yabatech.edu.ng,001-875-660-2352x01288,2024/2025,1st Semester,MTH 111,Logic & Linear Algebra,2,80,30,70,100,A,4.0
P/HN/23/62197,Electrical Engineering,HND1,Female,21,Niger,Blessing,Olawale,blessing.olawale@yabatech.edu.ng,001-875-660-2352x01288,2024/2025,1st Semester,EEC 111,Electrical Science,3,78,28,65,93,A,4.0
P/HN/23/62197,Electrical Engineering,HND1,Female,21,Niger,Blessing,Olawale,blessing.olawale@yabatech.edu.ng,001-875-660-2352x01288,2024/2025,1st Semester,EEC 115,Electrical Graphics,2,87,30,70,100,A,4.0
P/HN/23/62197,Electrical Engineering,HND1,Female,21,Niger,Blessing,Olawale,blessing.olawale@yabatech.edu.ng,001-875-660-2352x01288,2024/2025,1st Semester,GNS 101,Use of English,2,81,29,68,97,A,4.0
P/ND/23/93164,Civil Engineering,ND2,Female,25,Bayelsa,Victoria,Olawale,victoria.olawale@yabatech.edu.ng,405.225.8720,2024/2025,1st Semester,CEC 101,Engineering Drawing,3,59,19,46,65,B,3.25
P/ND/23/93164,Civil Engineering,ND2,Female,25,Bayelsa,Victoria,Olawale,victoria.olawale@yabatech.edu.ng,405.225.8720,2024/2025,1st Semester,CEC 110,Fluid Mechanics,4,57,21,49,70,AB,3.5
P/ND/23/93164,Civil Engineering,ND2,Female,25,Bayelsa,Victoria,Olawale,victoria.olawale@yabatech.edu.ng,405.225.8720,2024/2025,1st Semester,MEC 101,Workshop Technology,2,81,22,52,74,AB,3.5
P/HN/23/14485,Computer Science,HND1,Female,26,Enugu,Nathaniel,Adeyemi,nathaniel.adeyemi@yabatech.edu.ng,465.518.7094,2024/2025,1st Semester,GNS 101,Use of English,2,97,25,60,85,A,4.0
P/HN/23/14485,Computer Science,HND1,Female,26,Enugu,Nathaniel,Adeyemi,nathaniel.adeyemi@yabatech.edu.ng,465.518.7094,2024/2025,1st Semester,COM 113,Intro to Programming,4,83,26,61,87,A,4.0
P/HN/23/14485,Computer Science,HND1,Female,26,Enugu,Nathaniel,Adeyemi,nathaniel.adeyemi@yabatech.edu.ng,465.518.7094,2024/2025,1st Semester,STA 111,Intro to Statistics,2,67,25,59,84,A,4.0
P/HN/23/14485,Computer Science,HND1,Female,26,Enugu,Nathaniel,Adeyemi,nathaniel.adeyemi@yabatech.edu.ng,465.518.7094,2024/2025,1st Semester,COM 112,Digital Electronics,3,88,22,52,74,AB,3.5
P/HN/23/14485,Computer Science,HND1,Female,26,Enugu,Nathaniel,Adeyemi,nathaniel.adeyemi@yabatech.edu.ng,465.518.7094,2024/2025,1st Semester,COM 101,Intro to Computing,4,94,25,60,85,A,4.0
P/HN/23/14485,Computer Science,HND1,Female,26,Enugu,Nathaniel,Adeyemi,nathaniel.adeyemi@yabatech.edu.ng,465.518.7094,2024/2025,1st Semester,MTH 111,Logic & Linear Algebra,2,74,23,54,77,A,4.0
P/ND/23/61582,Science Lab Tech,ND1,Male,27,Ogun,Peter,Obasanjo,peter.obasanjo@yabatech.edu.ng,(307)643-2501,2024/2025,1st Semester,GNS 101,Use of English,2,40,4,9,13,F,0.0
P/ND/23/61582,Science Lab Tech,ND1,Male,27,Ogun,Peter,Obasanjo,peter.obasanjo@yabatech.edu.ng,(307)643-2501,2024/2025,1st Semester,MTH 111,Logic & Linear Algebra,2,62,13,32,45,D,2.25
P/ND/23/61582,Science Lab Tech,ND1,Male,27,Ogun,Peter,Obasanjo,peter.obasanjo@yabatech.edu.ng,(307)643-2501,2024/2025,1st Semester,STB 111,General Biology,3,63,9,23,32,F,0.0
P/ND/23/61582,Science Lab Tech,ND1,Male,27,Ogun,Peter,Obasanjo,peter.obasanjo@yabatech.edu.ng,(307)643-2501,2024/2025,1st Semester,STC 112,General Chemistry,3,53,11,26,37,F,0.0
P/ND/23/61582,Science Lab Tech,ND1,Male,27,Ogun,Peter,Obasanjo,peter.obasanjo@yabatech.edu.ng,(307)643-2501,2024/2025,1st Semester,GLT 111,General Lab Techniques,4,37,9,21,30,F,0.0
P/HN/23/1632,Computer Science,HND1,Female,26,Yobe,Elizabeth,Ekwueme,elizabeth.ekwueme@yabatech.edu.ng,001-796-369-3375x20049,2024/2025,1st Semester,COM 112,Digital Electronics,3,100,24,57,81,A,4.0
P/HN/23/1632,Computer Science,HND1,Female,26,Yobe,Elizabeth,Ekwueme,elizabeth.ekwueme@yabatech.edu.ng,001-796-369-3375x20049,2024/2025,1st Semester,COM 101,Intro to Computing,4,93,23,55,78,A,4.0
P/HN/23/1632,Computer Science,HND1,Female,26,Yobe,Elizabeth,Ekwueme,elizabeth.ekwueme@yabatech.edu.ng,001-796-369-3375x20049,2024/2025,1st Semester,STA 111,Intro to Statistics,2,72,25,60,85,A,4.0
P/HN/23/1632,Computer Science,HND1,Female,26,Yobe,Elizabeth,Ekwueme,elizabeth.ekwueme@yabatech.edu.ng,001-796-369-3375x20049,2024/2025,1st Semester,GNS 101,Use of English,2,76,26,62,88,A,4.0
P/HN/23/1632,Computer Science,HND1,Female,26,Yobe,Elizabeth,Ekwueme,elizabeth.ekwueme@yabatech.edu.ng,001-796-369-3375x20049,2024/2025,1st Semester,MTH 111,Logic & Linear Algebra,2,79,23,54,77,A,4.0
P/ND/23/57762,Business Administration,ND2,Female,21,Osun,Mark,Uche,mark.uche@yabatech.edu.ng,001-940-502-4229,2024/2025,1st Semester,ECO 101,Intro to Economics,2,79,26,61,87,A,4.0
P/ND/23/57762,Business Administration,ND2,Female,21,Osun,Mark,Uche,mark.uche@yabatech.edu.ng,001-940-502-4229,2024/2025,1st Semester,BAM 101,Intro to Business Admin,3,100,25,60,85,A,4.0
P/ND/23/57762,Business Administration,ND2,Female,21,Osun,Mark,Uche,mark.uche@yabatech.edu.ng,001-940-502-4229,2024/2025,1st Semester,ACC 111,Intro to Accounting,3,81,23,55,78,A,4.0
P/ND/23/10710,Mass Communication,ND2,Female,18,Kogi,Simon,Ogunleye,simon.ogunleye@yabatech.edu.ng,470.965.3505,2024/2025,1st Semester,MAC 107,Intro to Broadcasting,3,73,13,31,44,E,2.0
P/ND/23/10710,Mass Communication,ND2,Female,18,Kogi,Simon,Ogunleye,simon.ogunleye@yabatech.edu.ng,470.965.3505,2024/2025,1st Semester,GNS 101,Use of English,2,49,11,26,37,F,0.0
P/ND/23/10710,Mass Communication,ND2,Female,18,Kogi,Simon,Ogunleye,simon.ogunleye@yabatech.edu.ng,470.965.3505,2024/2025,1st Semester,MAC 115,News Writing,3,26,9,22,31,F,0.0
P/ND/23/10710,Mass Communication,ND2,Female,18,Kogi,Simon,Ogunleye,simon.ogunleye@yabatech.edu.ng,470.965.3505,2024/2025,1st Semester,MAC 101,Intro to Mass Comm,3,50,12,28,40,E,2.0
P/ND/23/10710,Mass Communication,ND2,Female,18,Kogi,Simon,Ogunleye,simon.ogunleye@yabatech.edu.ng,470.965.3505,2024/2025,1st Semester,GNS 127,Citizenship Education,2,63,11,26,37,F,0.0
P/ND/23/37787,Civil Engineering,ND1,Male,27,Sokoto,Nathaniel,Okonkwo,nathaniel.okonkwo@yabatech.edu.ng,6043869562,2024/2025,1st Semester,CEC 101,Engineering Drawing,3,69,16,37,53,CD,2.5
P/ND/23/37787,Civil Engineering,ND1,Male,27,Sokoto,Nathaniel,Okonkwo,nathaniel.okonkwo@yabatech.edu.ng,6043869562,2024/2025,1st Semester,CEC 110,Fluid Mechanics,4,30,11,25,36,F,0.0
P/ND/23/37787,Civil Engineering,ND1,Male,27,Sokoto,Nathaniel,Okonkwo,nathaniel.okonkwo@yabatech.edu.ng,6043869562,2024/2025,1st Semester,MEC 101,Workshop Technology,2,8,7,17,24,F,0.0
F/HN/23/55833,Civil Engineering,HND1,Female,27,Sokoto,Sarah,Balogun,sarah.balogun@yabatech.edu.ng,(658)669-2061,2024/2025,1st Semester,MEC 101,Workshop Technology,2,41,4,9,13,F,0.0
F/HN/23/55833,Civil Engineering,HND1,Female,27,Sokoto,Sarah,Balogun,sarah.balogun@yabatech.edu.ng,(658)669-2061,2024/2025,1st Semester,CEC 101,Engineering Drawing,3,52,12,29,41,E,2.0
F/HN/23/55833,Civil Engineering,HND1,Female,27,Sokoto,Sarah,Balogun,sarah.balogun@yabatech.edu.ng,(658)669-2061,2024/2025,1st Semester,CEC 110,Fluid Mechanics,4,47,5,13,18,F,0.0
F/ND/23/62964,Civil Engineering,ND1,Female,26,Abia,Philip,Akinwale,philip.akinwale@yabatech.edu.ng,001-965-847-8900x1336,2024/2025,1st Semester,MEC 101,Workshop Technology,2,58,14,34,48,D,2.25
F/ND/23/62964,Civil Engineering,ND1,Female,26,Abia,Philip,Akinwale,philip.akinwale@yabatech.edu.ng,001-965-847-8900x1336,2024/2025,1st Semester,CEC 101,Engineering Drawing,3,39,10,25,35,F,0.0
F/ND/23/62964,Civil Engineering,ND1,Female,26,Abia,Philip,Akinwale,philip.akinwale@yabatech.edu.ng,001-965-847-8900x1336,2024/2025,1st Semester,CEC 110,Fluid Mechanics,4,63,18,43,61,BC,3.0
F/HN/23/44529,Civil Engineering,HND1,Female,26,Sokoto,Philip,Adeyemi,philip.adeyemi@yabatech.edu.ng,001-282-221-3928x468,2024/2025,1st Semester,CEC 101,Engineering Drawing,3,43,6,15,21,F,0.0
F/HN/23/44529,Civil Engineering,HND1,Female,26,Sokoto,Philip,Adeyemi,philip.adeyemi@yabatech.edu.ng,001-282-221-3928x468,2024/2025,1st Semester,CEC 110,Fluid Mechanics,4,69,14,34,48,D,2.25
F/HN/23/44529,Civil Engineering,HND1,Female,26,Sokoto,Philip,Adeyemi,philip.adeyemi@yabatech.edu.ng,001-282-221-3928x468,2024/2025,1st Semester,MEC 101,Workshop Technology,2,57,11,27,38,F,0.0
P/HN/23/97893,Electrical Engineering,HND2,Female,21,Lagos,Gabriel,Obasanjo,gabriel.obasanjo@yabatech.edu.ng,(492)908-9309,2024/2025,1st Semester,EEC 115,Electrical Graphics,2,4,8,19,27,F,0.0
P/HN/23/97893,Electrical Engineering,HND2,Female,21,Lagos,Gabriel,Obasanjo,gabriel.obasanjo@yabatech.edu.ng,(492)908-9309,2024/2025,1st Semester,MTH 111,Logic & Linear Algebra,2,67,9,21,30,F,0.0
P/HN/23/97893,Electrical Engineering,HND2,Female,21,Lagos,Gabriel,Obasanjo,gabriel.obasanjo@yabatech.edu.ng,(492)908-9309,2024/2025,1st Semester,MEC 112,Mechanical Workshop,2,48,10,24,34,F,0.0
P/HN/23/97893,Electrical Engineering,HND2,Female,21,Lagos,Gabriel,Obasanjo,gabriel.obasanjo@yabatech.edu.ng,(492)908-9309,2024/2025,1st Semester,GNS 101,Use of English,2,0,8,19,27,F,0.0
P/HN/23/97893,Electrical Engineering,HND2,Female,21,Lagos,Gabriel,Obasanjo,gabriel.obasanjo@yabatech.edu.ng,(492)908-9309,2024/2025,1st Semester,EEC 111,Electrical Science,3,94,13,32,45,D,2.25
F/ND/23/20568,Science Lab Tech,ND1,Female,27,Adamawa,Victoria,Akinwale,victoria.akinwale@yabatech.edu.ng,518.811.9697x2611,2024/2025,1st Semester,GNS 101,Use of English,2,81,11,26,37,F,0.0
F/ND/23/20568,Science Lab Tech,ND1,Female,27,Adamawa,Victoria,Akinwale,victoria.akinwale@yabatech.edu.ng,518.811.9697x2611,2024/2025,1st Semester,GLT 111,General Lab Techniques,4,43,11,27,38,F,0.0
F/ND/23/20568,Science Lab Tech,ND1,Female,27,Adamawa,Victoria,Akinwale,victoria.akinwale@yabatech.edu.ng,518.811.9697x2611,2024/2025,1st Semester,STB 111,General Biology,3,66,12,30,42,E,2.0
F/ND/23/20568,Science Lab Tech,ND1,Female,27,Adamawa,Victoria,Akinwale,victoria.akinwale@yabatech.edu.ng,518.811.9697x2611,2024/2025,1st Semester,MTH 111,Logic & Linear Algebra,2,50,10,25,35,F,0.0
F/ND/23/20568,Science Lab Tech,ND1,Female,27,Adamawa,Victoria,Akinwale,victoria.akinwale@yabatech.edu.ng,518.811.9697x2611,2024/2025,1st Semester,STC 112,General Chemistry,3,69,15,37,52,CD,2.5
F/ND/23/12045,Science Lab Tech,ND1,Female,17,Anambra,Hope,Obasanjo,hope.obasanjo@yabatech.edu.ng,(820)710-3269x88499,2024/2025,1st Semester,GLT 111,General Lab Techniques,4,84,19,45,64,BC,3.0
F/ND/23/12045,Science Lab Tech,ND1,Female,17,Anambra,Hope,Obasanjo,hope.obasanjo@yabatech.edu.ng,(820)710-3269x88499,2024/2025,1st Semester,STC 112,General Chemistry,3,100,19,45,64,BC,3.0
F/ND/23/12045,Science Lab Tech,ND1,Female,17,Anambra,Hope,Obasanjo,hope.obasanjo@yabatech.edu.ng,(820)710-3269x88499,2024/2025,1st Semester,GNS 101,Use of English,2,90,21,50,71,AB,3.5
F/ND/23/12045,Science Lab Tech,ND1,Female,17,Anambra,Hope,Obasanjo,hope.obasanjo@yabatech.edu.ng,(820)710-3269x88499,2024/2025,1st Semester,STB 111,General Biology,3,61,19,45,64,BC,3.0
F/ND/23/12045,Science Lab Tech,ND1,Female,17,Anambra,Hope,Obasanjo,hope.obasanjo@yabatech.edu.ng,(820)710-3269x88499,2024/2025,1st Semester,MTH 111,Logic & Linear Algebra,2,86,21,50,71,AB,3.5
F/ND/23/4044,Mass Communication,ND2,Male,19,Oyo,Blessing,Nnamani,blessing.nnamani@yabatech.edu.ng,001-971-824-6768x84833,2024/2025,1st Semester,MAC 115,News Writing,3,45,10,24,34,F,0.0
F/ND/23/4044,Mass Communication,ND2,Male,19,Oyo,Blessing,Nnamani,blessing.nnamani@yabatech.edu.ng,001-971-824-6768x84833,2024/2025,1st Semester,MAC 107,Intro to Broadcasting,3,73,15,35,50,CD,2.5
F/ND/23/4044,Mass Communication,ND2,Male,19,Oyo,Blessing,Nnamani,blessing.nnamani@yabatech.edu.ng,001-971-824-6768x84833,2024/2025,1st Semester,GNS 101,Use of English,2,49,6,15,21,F,0.0
F/ND/23/4044,Mass Communication,ND2,Male,19,Oyo,Blessing,Nnamani,blessing.nnamani@yabatech.edu.ng,001-971-824-6768x84833,2024/2025,1st Semester,MAC 101,Intro to Mass Comm,3,64,14,33,47,D,2.25
F/ND/23/4044,Mass Communication,ND2,Male,19,Oyo,Blessing,Nnamani,blessing.nnamani@yabatech.edu.ng,001-971-824-6768x84833,2024/2025,1st Semester,GNS 127,Citizenship Education,2,59,13,32,45,D,2.25
F/ND/23/97887,Civil Engineering,ND2,Male,26,Kebbi,Peace,Abiola,peace.abiola@yabatech.edu.ng,+1-577-656-8111x303,2024/2025,1st Semester,MEC 101,Workshop Technology,2,85,30,70,100,A,4.0
F/ND/23/97887,Civil Engineering,ND2,Male,26,Kebbi,Peace,Abiola,peace.abiola@yabatech.edu.ng,+1-577-656-8111x303,2024/2025,1st Semester,CEC 110,Fluid Mechanics,4,85,30,70,100,A,4.0
F/ND/23/97887,Civil Engineering,ND2,Male,26,Kebbi,Peace,Abiola,peace.abiola@yabatech.edu.ng,+1-577-656-8111x303,2024/2025,1st Semester,CEC 101,Engineering Drawing,3,68,30,70,100,A,4.0
P/ND/23/89821,Computer Science,ND2,Male,17,Adamawa,Joseph,Adeyemi,joseph.adeyemi@yabatech.edu.ng,936-363-6273x3327,2024/2025,1st Semester,COM 101,Intro to Computing,4,66,10,24,34,F,0.0
P/ND/23/89821,Computer Science,ND2,Male,17,Adamawa,Joseph,Adeyemi,joseph.adeyemi@yabatech.edu.ng,936-363-6273x3327,2024/2025,1st Semester,COM 112,Digital Electronics,3,71,8,19,27,F,0.0
P/ND/23/89821,Computer Science,ND2,Male,17,Adamawa,Joseph,Adeyemi,joseph.adeyemi@yabatech.edu.ng,936-363-6273x3327,2024/2025,1st Semester,STA 111,Intro to Statistics,2,84,10,24,34,F,0.0
P/ND/23/89821,Computer Science,ND2,Male,17,Adamawa,Joseph,Adeyemi,joseph.adeyemi@yabatech.edu.ng,936-363-6273x3327,2024/2025,1st Semester,COM 113,Intro to Programming,4,74,11,27,38,F,0.0
P/ND/23/89821,Computer Science,ND2,Male,17,Adamawa,Joseph,Adeyemi,joseph.adeyemi@yabatech.edu.ng,936-363-6273x3327,2024/2025,1st Semester,GNS 101,Use of English,2,75,9,21,30,F,0.0
P/ND/23/89821,Computer Science,ND2,Male,17,Adamawa,Joseph,Adeyemi,joseph.adeyemi@yabatech.edu.ng,936-363-6273x3327,2024/2025,1st Semester,MTH 111,Logic & Linear Algebra,2,42,4,10,14,F,0.0
F/HN/23/64017,Civil Engineering,HND1,Female,24,Ondo,Samuel,Ibrahim,samuel.ibrahim@yabatech.edu.ng,876-425-3544x1113,2024/2025,1st Semester,MEC 101,Workshop Technology,2,87,24,56,80,A,4.0
F/HN/23/64017,Civil Engineering,HND1,Female,24,Ondo,Samuel,Ibrahim,samuel.ibrahim@yabatech.edu.ng,876-425-3544x1113,2024/2025,1st Semester,CEC 110,Fluid Mechanics,4,74,22,51,73,AB,3.5
F/HN/23/64017,Civil Engineering,HND1,Female,24,Ondo,Samuel,Ibrahim,samuel.ibrahim@yabatech.edu.ng,876-425-3544x1113,2024/2025,1st Semester,CEC 101,Engineering Drawing,3,66,25,60,85,A,4.0
F/HN/23/69388,Business Administration,HND2,Female,20,Lagos,Grace,Eze,grace.eze@yabatech.edu.ng,859-899-8501,2024/2025,1st Semester,ECO 101,Intro to Economics,2,100,24,56,80,A,4.0
F/HN/23/69388,Business Administration,HND2,Female,20,Lagos,Grace,Eze,grace.eze@yabatech.edu.ng,859-899-8501,2024/2025,1st Semester,BAM 101,Intro to Business Admin,3,69,26,61,87,A,4.0
F/HN/23/69388,Business Administration,HND2,Female,20,Lagos,Grace,Eze,grace.eze@yabatech.edu.ng,859-899-8501,2024/2025,1st Semester,ACC 111,Intro to Accounting,3,75,23,55,78,A,4.0
P/ND/23/80387,Civil Engineering,ND2,Female,18,Zamfara,Juliet,Oshodi,juliet.oshodi@yabatech.edu.ng,(219)470-2690x437,2024/2025,1st Semester,MEC 101,Workshop Technology,2,97,28,67,95,A,4.0
P/ND/23/80387,Civil Engineering,ND2,Female,18,Zamfara,Juliet,Oshodi,juliet.oshodi@yabatech.edu.ng,(219)470-2690x437,2024/2025,1st Semester,CEC 110,Fluid Mechanics,4,74,29,68,97,A,4.0
P/ND/23/80387,Civil Engineering,ND2,Female,18,Zamfara,Juliet,Oshodi,juliet.oshodi@yabatech.edu.ng,(219)470-2690x437,2024/2025,1st Semester,CEC 101,Engineering Drawing,3,75,29,68,97,A,4.0
F/HN/23/51428,Electrical Engineering,HND1,Male,17,Imo,Paul,Nnamani,paul.nnamani@yabatech.edu.ng,211.996.7341,2024/2025,1st Semester,GNS 101,Use of English,2,75,25,60,85,A,4.0
F/HN/23/51428,Electrical Engineering,HND1,Male,17,Imo,Paul,Nnamani,paul.nnamani@yabatech.edu.ng,211.996.7341,2024/2025,1st Semester,EEC 115,Electrical Graphics,2,95,30,70,100,A,4.0
F/HN/23/51428,Electrical Engineering,HND1,Male,17,Imo,Paul,Nnamani,paul.nnamani@yabatech.edu.ng,211.996.7341,2024/2025,1st Semester,MTH 111,Logic & Linear Algebra,2,76,27,63,90,A,4.0
F/HN/23/51428,Electrical Engineering,HND1,Male,17,Imo,Paul,Nnamani,paul.nnamani@yabatech.edu.ng,211.996.7341,2024/2025,1st Semester,EEC 111,Electrical Science,3,62,30,70,100,A,4.0
F/HN/23/51428,Electrical Engineering,HND1,Male,17,Imo,Paul,Nnamani,paul.nnamani@yabatech.edu.ng,211.996.7341,2024/2025,1st Semester,MEC 112,Mechanical Workshop,2,82,26,62,88,A,4.0
F/ND/23/495,Electrical Engineering,ND1,Male,27,Yobe,Joy,Okonkwo,joy.okonkwo@yabatech.edu.ng,+1-962-323-0998x2121,2024/2025,1st Semester,EEC 111,Electrical Science,3,65,25,59,84,A,4.0
F/ND/23/495,Electrical Engineering,ND1,Male,27,Yobe,Joy,Okonkwo,joy.okonkwo@yabatech.edu.ng,+1-962-323-0998x2121,2024/2025,1st Semester,EEC 115,Electrical Graphics,2,52,22,53,75,A,4.0
F/ND/23/495,Electrical Engineering,ND1,Male,27,Yobe,Joy,Okonkwo,joy.okonkwo@yabatech.edu.ng,+1-962-323-0998x2121,2024/2025,1st Semester,MEC 112,Mechanical Workshop,2,86,21,51,72,AB,3.5
F/ND/23/495,Electrical Engineering,ND1,Male,27,Yobe,Joy,Okonkwo,joy.okonkwo@yabatech.edu.ng,+1-962-323-0998x2121,2024/2025,1st Semester,GNS 101,Use of English,2,92,25,59,84,A,4.0
F/ND/23/495,Electrical Engineering,ND1,Male,27,Yobe,Joy,Okonkwo,joy.okonkwo@yabatech.edu.ng,+1-962-323-0998x2121,2024/2025,1st Semester,MTH 111,Logic & Linear Algebra,2,77,25,58,83,A,4.0
F/ND/23/2850,Electrical Engineering,ND2,Female,21,Imo,Simon,Oyekan,simon.oyekan@yabatech.edu.ng,966.873.1716x3150,2024/2025,1st Semester,MEC 112,Mechanical Workshop,2,83,25,58,83,A,4.0
F/ND/23/2850,Electrical Engineering,ND2,Female,21,Imo,Simon,Oyekan,simon.oyekan@yabatech.edu.ng,966.873.1716x3150,2024/2025,1st Semester,GNS 101,Use of English,2,100,27,63,90,A,4.0
F/ND/23/2850,Electrical Engineering,ND2,Female,21,Imo,Simon,Oyekan,simon.oyekan@yabatech.edu.ng,966.873.1716x3150,2024/2025,1st Semester,EEC 111,Electrical Science,3,80,25,58,83,A,4.0
F/ND/23/2850,Electrical Engineering,ND2,Female,21,Imo,Simon,Oyekan,simon.oyekan@yabatech.edu.ng,966.873.1716x3150,2024/2025,1st Semester,MTH 111,Logic & Linear Algebra,2,100,29,68,97,A,4.0
F/ND/23/2850,Electrical Engineering,ND2,Female,21,Imo,Simon,Oyekan,simon.oyekan@yabatech.edu.ng,966.873.1716x3150,2024/2025,1st Semester,EEC 115,Electrical Graphics,2,63,28,65,93,A,4.0
F/HN/23/69672,Computer Science,HND2,Female,21,Lagos,Simon,Uche,simon.uche@yabatech.edu.ng,001-964-721-6484,2024/2025,1st Semester,COM 112,Digital Electronics,3,78,22,53,75,A,4.0
F/HN/23/69672,Computer Science,HND2,Female,21,Lagos,Simon,Uche,simon.uche@yabatech.edu.ng,001-964-721-6484,2024/2025,1st Semester,STA 111,Intro to Statistics,2,81,23,54,77,A,4.0
F/HN/23/69672,Computer Science,HND2,Female,21,Lagos,Simon,Uche,simon.uche@yabatech.edu.ng,001-964-721-6484,2024/2025,1st Semester,COM 101,Intro to Computing,4,85,20,46,66,B,3.25
F/HN/23/69672,Computer Science,HND2,Female,21,Lagos,Simon,Uche,simon.uche@yabatech.edu.ng,001-964-721-6484,2024/2025,1st Semester,MTH 111,Logic & Linear Algebra,2,97,22,53,75,A,4.0
F/HN/23/69672,Computer Science,HND2,Female,21,Lagos,Simon,Uche,simon.uche@yabatech.edu.ng,001-964-721-6484,2024/2025,1st Semester,COM 113,Intro to Programming,4,92,20,46,66,B,3.25
F/HN/23/69672,Computer Science,HND2,Female,21,Lagos,Simon,Uche,simon.uche@yabatech.edu.ng,001-964-721-6484,2024/2025,1st Semester,GNS 101,Use of English,2,92,21,49,70,AB,3.5
P/HN/23/19989,Science Lab Tech,HND2,Female,20,Osun,Michael,Obi,michael.obi@yabatech.edu.ng,703-819-2636x6660,2024/2025,1st Semester,GLT 111,General Lab Techniques,4,57,18,44,62,BC,3.0
P/HN/23/19989,Science Lab Tech,HND2,Female,20,Osun,Michael,Obi,michael.obi@yabatech.edu.ng,703-819-2636x6660,2024/2025,1st Semester,MTH 111,Logic & Linear Algebra,2,61,14,34,48,D,2.25
P/HN/23/19989,Science Lab Tech,HND2,Female,20,Osun,Michael,Obi,michael.obi@yabatech.edu.ng,703-819-2636x6660,2024/2025,1st Semester,STB 111,General Biology,3,30,13,31,44,E,2.0
P/HN/23/19989,Science Lab Tech,HND2,Female,20,Osun,Michael,Obi,michael.obi@yabatech.edu.ng,703-819-2636x6660,2024/2025,1st Semester,STC 112,General Chemistry,3,73,16,39,55,C,2.75
P/HN/23/19989,Science Lab Tech,HND2,Female,20,Osun,Michael,Obi,michael.obi@yabatech.edu.ng,703-819-2636x6660,2024/2025,1st Semester,GNS 101,Use of English,2,48,14,33,47,D,2.25
P/ND/23/66961,Computer Science,ND2,Male,26,Kebbi,Victoria,Adeyemi,victoria.adeyemi@yabatech.edu.ng,8625427595,2024/2025,1st Semester,GNS 101,Use of English,2,57,9,22,31,F,0.0
P/ND/23/66961,Computer Science,ND2,Male,26,Kebbi,Victoria,Adeyemi,victoria.adeyemi@yabatech.edu.ng,8625427595,2024/2025,1st Semester,MTH 111,Logic & Linear Algebra,2,55,8,19,27,F,0.0
P/ND/23/66961,Computer Science,ND2,Male,26,Kebbi,Victoria,Adeyemi,victoria.adeyemi@yabatech.edu.ng,8625427595,2024/2025,1st Semester,COM 113,Intro to Programming,4,54,9,22,31,F,0.0
P/ND/23/66961,Computer Science,ND2,Male,26,Kebbi,Victoria,Adeyemi,victoria.adeyemi@yabatech.edu.ng,8625427595,2024/2025,1st Semester,STA 111,Intro to Statistics,2,59,10,24,34,F,0.0
P/ND/23/66961,Computer Science,ND2,Male,26,Kebbi,Victoria,Adeyemi,victoria.adeyemi@yabatech.edu.ng,8625427595,2024/2025,1st Semester,COM 112,Digital Electronics,3,64,8,20,28,F,0.0
P/ND/23/66961,Computer Science,ND2,Male,26,Kebbi,Victoria,Adeyemi,victoria.adeyemi@yabatech.edu.ng,8625427595,2024/2025,1st Semester,COM 101,Intro to Computing,4,44,11,26,37,F,0.0
P/HN/23/70942,Electrical Engineering,HND2,Female,23,Kaduna,David,Ekwueme,david.ekwueme@yabatech.edu.ng,841.237.0620x68412,2024/2025,1st Semester,GNS 101,Use of English,2,67,24,56,80,A,4.0
P/HN/23/70942,Electrical Engineering,HND2,Female,23,Kaduna,David,Ekwueme,david.ekwueme@yabatech.edu.ng,841.237.0620x68412,2024/2025,1st Semester,EEC 111,Electrical Science,3,83,24,56,80,A,4.0
P/HN/23/70942,Electrical Engineering,HND2,Female,23,Kaduna,David,Ekwueme,david.ekwueme@yabatech.edu.ng,841.237.0620x68412,2024/2025,1st Semester,MEC 112,Mechanical Workshop,2,50,25,60,85,A,4.0
P/HN/23/70942,Electrical Engineering,HND2,Female,23,Kaduna,David,Ekwueme,david.ekwueme@yabatech.edu.ng,841.237.0620x68412,2024/2025,1st Semester,EEC 115,Electrical Graphics,2,87,22,53,75,A,4.0
P/HN/23/70942,Electrical Engineering,HND2,Female,23,Kaduna,David,Ekwueme,david.ekwueme@yabatech.edu.ng,841.237.0620x68412,2024/2025,1st Semester,MTH 111,Logic & Linear Algebra,2,100,26,62,88,A,4.0
F/ND/23/28304,Business Administration,ND2,Male,19,Anambra,James,Adeyemi,james.adeyemi@yabatech.edu.ng,256.890.6880x4795,2024/2025,1st Semester,ACC 111,Intro to Accounting,3,31,6,14,20,F,0.0
F/ND/23/28304,Business Administration,ND2,Male,19,Anambra,James,Adeyemi,james.adeyemi@yabatech.edu.ng,256.890.6880x4795,2024/2025,1st Semester,BAM 101,Intro to Business Admin,3,59,12,28,40,E,2.0
F/ND/23/28304,Business Administration,ND2,Male,19,Anambra,James,Adeyemi,james.adeyemi@yabatech.edu.ng,256.890.6880x4795,2024/2025,1st Semester,ECO 101,Intro to Economics,2,39,10,25,35,F,0.0
P/HN/23/82872,Science Lab Tech,HND1,Female,16,Edo,Joseph,Ekwueme,joseph.ekwueme@yabatech.edu.ng,666.499.5398x445,2024/2025,1st Semester,MTH 111,Logic & Linear Algebra,2,57,18,42,60,BC,3.0
P/HN/23/82872,Science Lab Tech,HND1,Female,16,Edo,Joseph,Ekwueme,joseph.ekwueme@yabatech.edu.ng,666.499.5398x445,2024/2025,1st Semester,STB 111,General Biology,3,47,11,27,38,F,0.0
P/HN/23/82872,Science Lab Tech,HND1,Female,16,Edo,Joseph,Ekwueme,joseph.ekwueme@yabatech.edu.ng,666.499.5398x445,2024/2025,1st Semester,STC 112,General Chemistry,3,39,12,28,40,E,2.0
P/HN/23/82872,Science Lab Tech,HND1,Female,16,Edo,Joseph,Ekwueme,joseph.ekwueme@yabatech.edu.ng,666.499.5398x445,2024/2025,1st Semester,GLT 111,General Lab Techniques,4,73,16,39,55,C,2.75
P/HN/23/82872,Science Lab Tech,HND1,Female,16,Edo,Joseph,Ekwueme,joseph.ekwueme@yabatech.edu.ng,666.499.5398x445,2024/2025,1st Semester,GNS 101,Use of English,2,57,17,41,58,C,2.75
P/HN/23/78216,Electrical Engineering,HND1,Male,18,Jigawa,Simon,Balogun,simon.balogun@yabatech.edu.ng,(681)506-4488,2024/2025,1st Semester,MEC 112,Mechanical Workshop,2,69,27,63,90,A,4.0
P/HN/23/78216,Electrical Engineering,HND1,Male,18,Jigawa,Simon,Balogun,simon.balogun@yabatech.edu.ng,(681)506-4488,2024/2025,1st Semester,GNS 101,Use of English,2,56,28,67,95,A,4.0
P/HN/23/78216,Electrical Engineering,HND1,Male,18,Jigawa,Simon,Balogun,simon.balogun@yabatech.edu.ng,(681)506-4488,2024/2025,1st Semester,EEC 115,Electrical Graphics,2,62,30,70,100,A,4.0
P/HN/23/78216,Electrical Engineering,HND1,Male,18,Jigawa,Simon,Balogun,simon.balogun@yabatech.edu.ng,(681)506-4488,2024/2025,1st Semester,MTH 111,Logic & Linear Algebra,2,100,30,70,100,A,4.0
P/HN/23/78216,Electrical Engineering,HND1,Male,18,Jigawa,Simon,Balogun,simon.balogun@yabatech.edu.ng,(681)506-4488,2024/2025,1st Semester,EEC 111,Electrical Science,3,71,28,66,94,A,4.0
F/HN/23/9499,Science Lab Tech,HND2,Male,18,Anambra,Paul,Ogunleye,paul.ogunleye@yabatech.edu.ng,9245319330,2024/2025,1st Semester,STC 112,General Chemistry,3,43,4,10,14,F,0.0
F/HN/23/9499,Science Lab Tech,HND2,Male,18,Anambra,Paul,Ogunleye,paul.ogunleye@yabatech.edu.ng,9245319330,2024/2025,1st Semester,GNS 101,Use of English,2,60,8,18,26,F,0.0
F/HN/23/9499,Science Lab Tech,HND2,Male,18,Anambra,Paul,Ogunleye,paul.ogunleye@yabatech.edu.ng,9245319330,2024/2025,1st Semester,STB 111,General Biology,3,49,3,8,11,F,0.0
F/HN/23/9499,Science Lab Tech,HND2,Male,18,Anambra,Paul,Ogunleye,paul.ogunleye@yabatech.edu.ng,9245319330,2024/2025,1st Semester,MTH 111,Logic & Linear Algebra,2,56,9,21,30,F,0.0
F/HN/23/9499,Science Lab Tech,HND2,Male,18,Anambra,Paul,Ogunleye,paul.ogunleye@yabatech.edu.ng,9245319330,2024/2025,1st Semester,GLT 111,General Lab Techniques,4,67,11,27,38,F,0.0
F/HN/23/87333,Mass Communication,HND1,Female,30,Yobe,Sarah,Oshodi,sarah.oshodi@yabatech.edu.ng,251.778.8867,2024/2025,1st Semester,MAC 107,Intro to Broadcasting,3,40,3,8,11,F,0.0
F/HN/23/87333,Mass Communication,HND1,Female,30,Yobe,Sarah,Oshodi,sarah.oshodi@yabatech.edu.ng,251.778.8867,2024/2025,1st Semester,MAC 101,Intro to Mass Comm,3,86,11,25,36,F,0.0
F/HN/23/87333,Mass Communication,HND1,Female,30,Yobe,Sarah,Oshodi,sarah.oshodi@yabatech.edu.ng,251.778.8867,2024/2025,1st Semester,GNS 127,Citizenship Education,2,31,8,20,28,F,0.0
F/HN/23/87333,Mass Communication,HND1,Female,30,Yobe,Sarah,Oshodi,sarah.oshodi@yabatech.edu.ng,251.778.8867,2024/2025,1st Semester,MAC 115,News Writing,3,50,8,20,28,F,0.0
F/HN/23/87333,Mass Communication,HND1,Female,30,Yobe,Sarah,Oshodi,sarah.oshodi@yabatech.edu.ng,251.778.8867,2024/2025,1st Semester,GNS 101,Use of English,2,33,7,18,25,F,0.0
F/HN/23/76784,Electrical Engineering,HND1,Male,16,Cross River,Charity,Olawale,charity.olawale@yabatech.edu.ng,(310)799-3236x379,2024/2025,1st Semester,GNS 101,Use of English,2,86,20,46,66,B,3.25
F/HN/23/76784,Electrical Engineering,HND1,Male,16,Cross River,Charity,Olawale,charity.olawale@yabatech.edu.ng,(310)799-3236x379,2024/2025,1st Semester,MTH 111,Logic & Linear Algebra,2,76,18,44,62,BC,3.0
F/HN/23/76784,Electrical Engineering,HND1,Male,16,Cross River,Charity,Olawale,charity.olawale@yabatech.edu.ng,(310)799-3236x379,2024/2025,1st Semester,MEC 112,Mechanical Workshop,2,91,19,45,64,BC,3.0
F/HN/23/76784,Electrical Engineering,HND1,Male,16,Cross River,Charity,Olawale,charity.olawale@yabatech.edu.ng,(310)799-3236x379,2024/2025,1st Semester,EEC 111,Electrical Science,3,83,20,48,68,B,3.25
F/HN/23/76784,Electrical Engineering,HND1,Male,16,Cross River,Charity,Olawale,charity.olawale@yabatech.edu.ng,(310)799-3236x379,2024/2025,1st Semester,EEC 115,Electrical Graphics,2,98,18,42,60,BC,3.0
F/ND/23/90761,Civil Engineering,ND2,Female,20,Rivers,John,Ekwueme,john.ekwueme@yabatech.edu.ng,(673)861-5265x54577,2024/2025,1st Semester,CEC 101,Engineering Drawing,3,67,22,53,75,A,4.0
F/ND/23/90761,Civil Engineering,ND2,Female,20,Rivers,John,Ekwueme,john.ekwueme@yabatech.edu.ng,(673)861-5265x54577,2024/2025,1st Semester,MEC 101,Workshop Technology,2,62,22,52,74,AB,3.5
F/ND/23/90761,Civil Engineering,ND2,Female,20,Rivers,John,Ekwueme,john.ekwueme@yabatech.edu.ng,(673)861-5265x54577,2024/2025,1st Semester,CEC 110,Fluid Mechanics,4,100,24,57,81,A,4.0
P/ND/23/20641,Mass Communication,ND2,Female,21,Rivers,Michael,Chukwu,michael.chukwu@yabatech.edu.ng,920.458.2737x7552,2024/2025,1st Semester,GNS 101,Use of English,2,91,21,50,71,AB,3.5
P/ND/23/20641,Mass Communication,ND2,Female,21,Rivers,Michael,Chukwu,michael.chukwu@yabatech.edu.ng,920.458.2737x7552,2024/2025,1st Semester,MAC 115,News Writing,3,98,24,57,81,A,4.0
P/ND/23/20641,Mass Communication,ND2,Female,21,Rivers,Michael,Chukwu,michael.chukwu@yabatech.edu.ng,920.458.2737x7552,2024/2025,1st Semester,MAC 107,Intro to Broadcasting,3,76,20,46,66,B,3.25
P/ND/23/20641,Mass Communication,ND2,Female,21,Rivers,Michael,Chukwu,michael.chukwu@yabatech.edu.ng,920.458.2737x7552,2024/2025,1st Semester,GNS 127,Citizenship Education,2,76,25,58,83,A,4.0
P/ND/23/20641,Mass Communication,ND2,Female,21,Rivers,Michael,Chukwu,michael.chukwu@yabatech.edu.ng,920.458.2737x7552,2024/2025,1st Semester,MAC 101,Intro to Mass Comm,3,57,21,50,71,AB,3.5
F/ND/23/8978,Civil Engineering,ND2,Female,21,Kebbi,Esther,Ekwueme,esther.ekwueme@yabatech.edu.ng,001-264-967-1226x240,2024/2025,1st Semester,CEC 101,Engineering Drawing,3,47,6,14,20,F,0.0
F/ND/23/8978,Civil Engineering,ND2,Female,21,Kebbi,Esther,Ekwueme,esther.ekwueme@yabatech.edu.ng,001-264-967-1226x240,2024/2025,1st Semester,CEC 110,Fluid Mechanics,4,34,5,13,18,F,0.0
F/ND/23/8978,Civil Engineering,ND2,Female,21,Kebbi,Esther,Ekwueme,esther.ekwueme@yabatech.edu.ng,001-264-967-1226x240,2024/2025,1st Semester,MEC 101,Workshop Technology,2,54,11,27,38,F,0.0
P/HN/23/29059,Science Lab Tech,HND2,Male,16,Kwara,Joseph,Oshodi,joseph.oshodi@yabatech.edu.ng,001-331-359-1006x69948,2024/2025,1st Semester,GNS 101,Use of English,2,58,13,31,44,E,2.0
P/HN/23/29059,Science Lab Tech,HND2,Male,16,Kwara,Joseph,Oshodi,joseph.oshodi@yabatech.edu.ng,001-331-359-1006x69948,2024/2025,1st Semester,STC 112,General Chemistry,3,50,13,30,43,E,2.0
P/HN/23/29059,Science Lab Tech,HND2,Male,16,Kwara,Joseph,Oshodi,joseph.oshodi@yabatech.edu.ng,001-331-359-1006x69948,2024/2025,1st Semester,STB 111,General Biology,3,82,10,24,34,F,0.0
P/HN/23/29059,Science Lab Tech,HND2,Male,16,Kwara,Joseph,Oshodi,joseph.oshodi@yabatech.edu.ng,001-331-359-1006x69948,2024/2025,1st Semester,MTH 111,Logic & Linear Algebra,2,48,3,8,11,F,0.0
P/HN/23/29059,Science Lab Tech,HND2,Male,16,Kwara,Joseph,Oshodi,joseph.oshodi@yabatech.edu.ng,001-331-359-1006x69948,2024/2025,1st Semester,GLT 111,General Lab Techniques,4,41,5,12,17,F,0.0
F/ND/23/25488,Electrical Engineering,ND1,Male,28,Oyo,Elizabeth,Obasanjo,elizabeth.obasanjo@yabatech.edu.ng,2448200148,2024/2025,1st Semester,MEC 112,Mechanical Workshop,2,56,11,27,38,F,0.0
F/ND/23/25488,Electrical Engineering,ND1,Male,28,Oyo,Elizabeth,Obasanjo,elizabeth.obasanjo@yabatech.edu.ng,2448200148,2024/2025,1st Semester,EEC 111,Electrical Science,3,48,5,12,17,F,0.0
F/ND/23/25488,Electrical Engineering,ND1,Male,28,Oyo,Elizabeth,Obasanjo,elizabeth.obasanjo@yabatech.edu.ng,2448200148,2024/2025,1st Semester,GNS 101,Use of English,2,66,12,30,42,E,2.0
F/ND/23/25488,Electrical Engineering,ND1,Male,28,Oyo,Elizabeth,Obasanjo,elizabeth.obasanjo@yabatech.edu.ng,2448200148,2024/2025,1st Semester,EEC 115,Electrical Graphics,2,69,10,23,33,F,0.0
F/ND/23/25488,Electrical Engineering,ND1,Male,28,Oyo,Elizabeth,Obasanjo,elizabeth.obasanjo@yabatech.edu.ng,2448200148,2024/2025,1st Semester,MTH 111,Logic & Linear Algebra,2,43,7,18,25,F,0.0
F/HN/23/36484,Business Administration,HND1,Male,29,Oyo,John,Oyekan,john.oyekan@yabatech.edu.ng,001-435-386-3915x21664,2024/2025,1st Semester,BAM 101,Intro to Business Admin,3,66,8,19,27,F,0.0
F/HN/23/36484,Business Administration,HND1,Male,29,Oyo,John,Oyekan,john.oyekan@yabatech.edu.ng,001-435-386-3915x21664,2024/2025,1st Semester,ACC 111,Intro to Accounting,3,52,12,28,40,E,2.0
F/HN/23/36484,Business Administration,HND1,Male,29,Oyo,John,Oyekan,john.oyekan@yabatech.edu.ng,001-435-386-3915x21664,2024/2025,1st Semester,ECO 101,Intro to Economics,2,48,8,19,27,F,0.0
P/HN/23/39271,Mass Communication,HND1,Male,26,Anambra,Samuel,Adetokunbo,samuel.adetokunbo@yabatech.edu.ng,609-337-1088,2024/2025,1st Semester,MAC 115,News Writing,3,74,16,39,55,C,2.75
P/HN/23/39271,Mass Communication,HND1,Male,26,Anambra,Samuel,Adetokunbo,samuel.adetokunbo@yabatech.edu.ng,609-337-1088,2024/2025,1st Semester,MAC 101,Intro to Mass Comm,3,74,16,38,54,CD,2.5
P/HN/23/39271,Mass Communication,HND1,Male,26,Anambra,Samuel,Adetokunbo,samuel.adetokunbo@yabatech.edu.ng,609-337-1088,2024/2025,1st Semester,MAC 107,Intro to Broadcasting,3,72,21,49,70,AB,3.5
P/HN/23/39271,Mass Communication,HND1,Male,26,Anambra,Samuel,Adetokunbo,samuel.adetokunbo@yabatech.edu.ng,609-337-1088,2024/2025,1st Semester,GNS 101,Use of English,2,74,19,45,64,BC,3.0
P/HN/23/39271,Mass Communication,HND1,Male,26,Anambra,Samuel,Adetokunbo,samuel.adetokunbo@yabatech.edu.ng,609-337-1088,2024/2025,1st Semester,GNS 127,Citizenship Education,2,61,17,40,57,C,2.75
P/HN/23/52155,Civil Engineering,HND1,Female,30,Enugu,Sarah,Ogunleye,sarah.ogunleye@yabatech.edu.ng,761-710-7558x081,2024/2025,1st Semester,MEC 101,Workshop Technology,2,36,9,21,30,F,0.0
P/HN/23/52155,Civil Engineering,HND1,Female,30,Enugu,Sarah,Ogunleye,sarah.ogunleye@yabatech.edu.ng,761-710-7558x081,2024/2025,1st Semester,CEC 110,Fluid Mechanics,4,76,17,41,58,C,2.75
P/HN/23/52155,Civil Engineering,HND1,Female,30,Enugu,Sarah,Ogunleye,sarah.ogunleye@yabatech.edu.ng,761-710-7558x081,2024/2025,1st Semester,CEC 101,Engineering Drawing,3,18,8,19,27,F,0.0
P/HN/23/40245,Science Lab Tech,HND2,Female,29,Kano,Comfort,Ekwueme,comfort.ekwueme@yabatech.edu.ng,(561)887-3795,2024/2025,1st Semester,MTH 111,Logic & Linear Algebra,2,56,11,26,37,F,0.0
P/HN/23/40245,Science Lab Tech,HND2,Female,29,Kano,Comfort,Ekwueme,comfort.ekwueme@yabatech.edu.ng,(561)887-3795,2024/2025,1st Semester,STC 112,General Chemistry,3,63,12,30,42,E,2.0
P/HN/23/40245,Science Lab Tech,HND2,Female,29,Kano,Comfort,Ekwueme,comfort.ekwueme@yabatech.edu.ng,(561)887-3795,2024/2025,1st Semester,STB 111,General Biology,3,29,6,15,21,F,0.0
P/HN/23/40245,Science Lab Tech,HND2,Female,29,Kano,Comfort,Ekwueme,comfort.ekwueme@yabatech.edu.ng,(561)887-3795,2024/2025,1st Semester,GNS 101,Use of English,2,60,14,33,47,D,2.25
P/HN/23/40245,Science Lab Tech,HND2,Female,29,Kano,Comfort,Ekwueme,comfort.ekwueme@yabatech.edu.ng,(561)887-3795,2024/2025,1st Semester,GLT 111,General Lab Techniques,4,36,10,24,34,F,0.0
P/HN/23/81177,Electrical Engineering,HND2,Female,24,Adamawa,Victoria,Okafor,victoria.okafor@yabatech.edu.ng,+1-694-278-9514,2024/2025,1st Semester,EEC 115,Electrical Graphics,2,100,25,59,84,A,4.0
P/HN/23/81177,Electrical Engineering,HND2,Female,24,Adamawa,Victoria,Okafor,victoria.okafor@yabatech.edu.ng,+1-694-278-9514,2024/2025,1st Semester,MTH 111,Logic & Linear Algebra,2,73,23,54,77,A,4.0
P/HN/23/81177,Electrical Engineering,HND2,Female,24,Adamawa,Victoria,Okafor,victoria.okafor@yabatech.edu.ng,+1-694-278-9514,2024/2025,1st Semester,MEC 112,Mechanical Workshop,2,87,26,61,87,A,4.0
P/HN/23/81177,Electrical Engineering,HND2,Female,24,Adamawa,Victoria,Okafor,victoria.okafor@yabatech.edu.ng,+1-694-278-9514,2024/2025,1st Semester,GNS 101,Use of English,2,44,21,49,70,AB,3.5
P/HN/23/81177,Electrical Engineering,HND2,Female,24,Adamawa,Victoria,Okafor,victoria.okafor@yabatech.edu.ng,+1-694-278-9514,2024/2025,1st Semester,EEC 111,Electrical Science,3,66,26,61,87,A,4.0
P/ND/23/13800,Mass Communication,ND2,Female,18,Taraba,Simon,Oshodi,simon.oshodi@yabatech.edu.ng,001-866-596-6426x79829,2024/2025,1st Semester,MAC 101,Intro to Mass Comm,3,47,10,24,34,F,0.0
P/ND/23/13800,Mass Communication,ND2,Female,18,Taraba,Simon,Oshodi,simon.oshodi@yabatech.edu.ng,001-866-596-6426x79829,2024/2025,1st Semester,MAC 115,News Writing,3,26,8,18,26,F,0.0
P/ND/23/13800,Mass Communication,ND2,Female,18,Taraba,Simon,Oshodi,simon.oshodi@yabatech.edu.ng,001-866-596-6426x79829,2024/2025,1st Semester,MAC 107,Intro to Broadcasting,3,46,13,30,43,E,2.0
P/ND/23/13800,Mass Communication,ND2,Female,18,Taraba,Simon,Oshodi,simon.oshodi@yabatech.edu.ng,001-866-596-6426x79829,2024/2025,1st Semester,GNS 101,Use of English,2,44,7,17,24,F,0.0
P/ND/23/13800,Mass Communication,ND2,Female,18,Taraba,Simon,Oshodi,simon.oshodi@yabatech.edu.ng,001-866-596-6426x79829,2024/2025,1st Semester,GNS 127,Citizenship Education,2,45,8,20,28,F,0.0
F/HN/23/19588,Business Administration,HND2,Male,23,Delta,Hope,Uche,hope.uche@yabatech.edu.ng,(812)685-4455x80885,2024/2025,1st Semester,ACC 111,Intro to Accounting,3,84,25,60,85,A,4.0
F/HN/23/19588,Business Administration,HND2,Male,23,Delta,Hope,Uche,hope.uche@yabatech.edu.ng,(812)685-4455x80885,2024/2025,1st Semester,ECO 101,Intro to Economics,2,84,24,56,80,A,4.0
F/HN/23/19588,Business Administration,HND2,Male,23,Delta,Hope,Uche,hope.uche@yabatech.edu.ng,(812)685-4455x80885,2024/2025,1st Semester,BAM 101,Intro to Business Admin,3,57,22,52,74,AB,3.5
F/ND/23/89235,Science Lab Tech,ND1,Male,24,Cross River,Esther,Oshodi,esther.oshodi@yabatech.edu.ng,001-522-606-9272x54937,2024/2025,1st Semester,GNS 101,Use of English,2,42,1,3,4,F,0.0
F/ND/23/89235,Science Lab Tech,ND1,Male,24,Cross River,Esther,Oshodi,esther.oshodi@yabatech.edu.ng,001-522-606-9272x54937,2024/2025,1st Semester,MTH 111,Logic & Linear Algebra,2,54,9,22,31,F,0.0
F/ND/23/89235,Science Lab Tech,ND1,Male,24,Cross River,Esther,Oshodi,esther.oshodi@yabatech.edu.ng,001-522-606-9272x54937,2024/2025,1st Semester,GLT 111,General Lab Techniques,4,57,8,18,26,F,0.0
F/ND/23/89235,Science Lab Tech,ND1,Male,24,Cross River,Esther,Oshodi,esther.oshodi@yabatech.edu.ng,001-522-606-9272x54937,2024/2025,1st Semester,STC 112,General Chemistry,3,48,4,9,13,F,0.0
F/ND/23/89235,Science Lab Tech,ND1,Male,24,Cross River,Esther,Oshodi,esther.oshodi@yabatech.edu.ng,001-522-606-9272x54937,2024/2025,1st Semester,STB 111,General Biology,3,64,11,26,37,F,0.0
P/ND/23/64912,Business Administration,ND1,Female,21,Sokoto,Mark,Nnamani,mark.nnamani@yabatech.edu.ng,+1-204-777-4258x9347,2024/2025,1st Semester,BAM 101,Intro to Business Admin,3,85,25,58,83,A,4.0
P/ND/23/64912,Business Administration,ND1,Female,21,Sokoto,Mark,Nnamani,mark.nnamani@yabatech.edu.ng,+1-204-777-4258x9347,2024/2025,1st Semester,ACC 111,Intro to Accounting,3,79,26,62,88,A,4.0
P/ND/23/64912,Business Administration,ND1,Female,21,Sokoto,Mark,Nnamani,mark.nnamani@yabatech.edu.ng,+1-204-777-4258x9347,2024/2025,1st Semester,ECO 101,Intro to Economics,2,86,29,67,96,A,4.0
P/ND/23/38932,Mass Communication,ND1,Male,18,Adamawa,Angela,Ekwueme,angela.ekwueme@yabatech.edu.ng,697-556-3789,2024/2025,1st Semester,MAC 107,Intro to Broadcasting,3,47,7,17,24,F,0.0
P/ND/23/38932,Mass Communication,ND1,Male,18,Adamawa,Angela,Ekwueme,angela.ekwueme@yabatech.edu.ng,697-556-3789,2024/2025,1st Semester,MAC 101,Intro to Mass Comm,3,47,7,18,25,F,0.0
P/ND/23/38932,Mass Communication,ND1,Male,18,Adamawa,Angela,Ekwueme,angela.ekwueme@yabatech.edu.ng,697-556-3789,2024/2025,1st Semester,MAC 115,News Writing,3,92,12,29,41,E,2.0
P/ND/23/38932,Mass Communication,ND1,Male,18,Adamawa,Angela,Ekwueme,angela.ekwueme@yabatech.edu.ng,697-556-3789,2024/2025,1st Semester,GNS 127,Citizenship Education,2,62,8,19,27,F,0.0
P/ND/23/38932,Mass Communication,ND1,Male,18,Adamawa,Angela,Ekwueme,angela.ekwueme@yabatech.edu.ng,697-556-3789,2024/2025,1st Semester,GNS 101,Use of English,2,56,10,25,35,F,0.0
P/HN/23/8236,Computer Science,HND1,Female,24,Benue,Hope,Chukwu,hope.chukwu@yabatech.edu.ng,508-451-5598x63619,2024/2025,1st Semester,STA 111,Intro to Statistics,2,51,16,38,54,CD,2.5
P/HN/23/8236,Computer Science,HND1,Female,24,Benue,Hope,Chukwu,hope.chukwu@yabatech.edu.ng,508-451-5598x63619,2024/2025,1st Semester,COM 112,Digital Electronics,3,64,17,40,57,C,2.75
P/HN/23/8236,Computer Science,HND1,Female,24,Benue,Hope,Chukwu,hope.chukwu@yabatech.edu.ng,508-451-5598x63619,2024/2025,1st Semester,COM 113,Intro to Programming,4,39,10,25,35,F,0.0
P/HN/23/8236,Computer Science,HND1,Female,24,Benue,Hope,Chukwu,hope.chukwu@yabatech.edu.ng,508-451-5598x63619,2024/2025,1st Semester,GNS 101,Use of English,2,37,15,35,50,CD,2.5
P/HN/23/8236,Computer Science,HND1,Female,24,Benue,Hope,Chukwu,hope.chukwu@yabatech.edu.ng,508-451-5598x63619,2024/2025,1st Semester,COM 101,Intro to Computing,4,42,11,27,38,F,0.0
P/HN/23/8236,Computer Science,HND1,Female,24,Benue,Hope,Chukwu,hope.chukwu@yabatech.edu.ng,508-451-5598x63619,2024/2025,1st Semester,MTH 111,Logic & Linear Algebra,2,59,18,43,61,BC,3.0
F/ND/23/69440,Computer Science,ND2,Male,28,Cross River,Sarah,Ojo,sarah.ojo@yabatech.edu.ng,+1-883-381-6545x77511,2024/2025,1st Semester,MTH 111,Logic & Linear Algebra,2,93,27,63,90,A,4.0
F/ND/23/69440,Computer Science,ND2,Male,28,Cross River,Sarah,Ojo,sarah.ojo@yabatech.edu.ng,+1-883-381-6545x77511,2024/2025,1st Semester,COM 113,Intro to Programming,4,100,30,70,100,A,4.0
F/ND/23/69440,Computer Science,ND2,Male,28,Cross River,Sarah,Ojo,sarah.ojo@yabatech.edu.ng,+1-883-381-6545x77511,2024/2025,1st Semester,COM 112,Digital Electronics,3,63,28,67,95,A,4.0
F/ND/23/69440,Computer Science,ND2,Male,28,Cross River,Sarah,Ojo,sarah.ojo@yabatech.edu.ng,+1-883-381-6545x77511,2024/2025,1st Semester,GNS 101,Use of English,2,85,27,64,91,A,4.0
F/ND/23/69440,Computer Science,ND2,Male,28,Cross River,Sarah,Ojo,sarah.ojo@yabatech.edu.ng,+1-883-381-6545x77511,2024/2025,1st Semester,STA 111,Intro to Statistics,2,99,28,65,93,A,4.0
F/ND/23/69440,Computer Science,ND2,Male,28,Cross River,Sarah,Ojo,sarah.ojo@yabatech.edu.ng,+1-883-381-6545x77511,2024/2025,1st Semester,COM 101,Intro to Computing,4,35,24,57,81,A,4.0
P/HN/23/83355,Science Lab Tech,HND1,Male,17,Bauchi,Simon,Balogun,simon.balogun@yabatech.edu.ng,001-211-233-5474x2086,2024/2025,1st Semester,STC 112,General Chemistry,3,30,9,23,32,F,0.0
P/HN/23/83355,Science Lab Tech,HND1,Male,17,Bauchi,Simon,Balogun,simon.balogun@yabatech.edu.ng,001-211-233-5474x2086,2024/2025,1st Semester,STB 111,General Biology,3,61,14,34,48,D,2.25
P/HN/23/83355,Science Lab Tech,HND1,Male,17,Bauchi,Simon,Balogun,simon.balogun@yabatech.edu.ng,001-211-233-5474x2086,2024/2025,1st Semester,GLT 111,General Lab Techniques,4,73,17,39,56,C,2.75
P/HN/23/83355,Science Lab Tech,HND1,Male,17,Bauchi,Simon,Balogun,simon.balogun@yabatech.edu.ng,001-211-233-5474x2086,2024/2025,1st Semester,MTH 111,Logic & Linear Algebra,2,75,16,39,55,C,2.75
P/HN/23/83355,Science Lab Tech,HND1,Male,17,Bauchi,Simon,Balogun,simon.balogun@yabatech.edu.ng,001-211-233-5474x2086,2024/2025,1st Semester,GNS 101,Use of English,2,46,14,34,48,D,2.25
P/HN/23/58373,Computer Science,HND2,Male,29,Kogi,Gabriel,Eze,gabriel.eze@yabatech.edu.ng,(426)944-4299x19056,2024/2025,1st Semester,MTH 111,Logic & Linear Algebra,2,42,10,25,35,F,0.0
P/HN/23/58373,Computer Science,HND2,Male,29,Kogi,Gabriel,Eze,gabriel.eze@yabatech.edu.ng,(426)944-4299x19056,2024/2025,1st Semester,COM 112,Digital Electronics,3,33,9,21,30,F,0.0
P/HN/23/58373,Computer Science,HND2,Male,29,Kogi,Gabriel,Eze,gabriel.eze@yabatech.edu.ng,(426)944-4299x19056,2024/2025,1st Semester,GNS 101,Use of English,2,55,16,38,54,CD,2.5
P/HN/23/58373,Computer Science,HND2,Male,29,Kogi,Gabriel,Eze,gabriel.eze@yabatech.edu.ng,(426)944-4299x19056,2024/2025,1st Semester,COM 113,Intro to Programming,4,49,16,38,54,CD,2.5
P/HN/23/58373,Computer Science,HND2,Male,29,Kogi,Gabriel,Eze,gabriel.eze@yabatech.edu.ng,(426)944-4299x19056,2024/2025,1st Semester,COM 101,Intro to Computing,4,53,18,42,60,BC,3.0
F/HN/23/77271,Science Lab Tech,HND2,Male,22,Bauchi,Hope,Balogun,hope.balogun@yabatech.edu.ng,+1-200-268-5133,2024/2025,1st Semester,GNS 101,Use of English,2,85,20,48,68,B,3.25
F/HN/23/77271,Science Lab Tech,HND2,Male,22,Bauchi,Hope,Balogun,hope.balogun@yabatech.edu.ng,+1-200-268-5133,2024/2025,1st Semester,GLT 111,General Lab Techniques,4,83,23,55,78,A,4.0
F/HN/23/77271,Science Lab Tech,HND2,Male,22,Bauchi,Hope,Balogun,hope.balogun@yabatech.edu.ng,+1-200-268-5133,2024/2025,1st Semester,MTH 111,Logic & Linear Algebra,2,86,23,55,78,A,4.0
F/HN/23/77271,Science Lab Tech,HND2,Male,22,Bauchi,Hope,Balogun,hope.balogun@yabatech.edu.ng,+1-200-268-5133,2024/2025,1st Semester,STC 112,General Chemistry,3,84,23,53,76,A,4.0
F/HN/23/77271,Science Lab Tech,HND2,Male,22,Bauchi,Hope,Balogun,hope.balogun@yabatech.edu.ng,+1-200-268-5133,2024/2025,1st Semester,STB 111,General Biology,3,92,23,53,76,A,4.0
P/HN/23/68001,Business Administration,HND2,Male,17,Kebbi,Daniel,Ojo,daniel.ojo@yabatech.edu.ng,+1-759-619-8565x769,2024/2025,1st Semester,ACC 111,Intro to Accounting,3,78,21,49,70,AB,3.5
P/HN/23/68001,Business Administration,HND2,Male,17,Kebbi,Daniel,Ojo,daniel.ojo@yabatech.edu.ng,+1-759-619-8565x769,2024/2025,1st Semester,BAM 101,Intro to Business Admin,3,83,19,44,63,BC,3.0
P/HN/23/68001,Business Administration,HND2,Male,17,Kebbi,Daniel,Ojo,daniel.ojo@yabatech.edu.ng,+1-759-619-8565x769,2024/2025,1st Semester,ECO 101,Intro to Economics,2,100,19,45,64,BC,3.0
F/ND/23/25724,Electrical Engineering,ND2,Male,29,Ogun,Esther,Ekwueme,esther.ekwueme@yabatech.edu.ng,532-473-1428,2024/2025,1st Semester,MEC 112,Mechanical Workshop,2,90,27,63,90,A,4.0
F/ND/23/25724,Electrical Engineering,ND2,Male,29,Ogun,Esther,Ekwueme,esther.ekwueme@yabatech.edu.ng,532-473-1428,2024/2025,1st Semester,GNS 101,Use of English,2,93,28,66,94,A,4.0
F/ND/23/25724,Electrical Engineering,ND2,Male,29,Ogun,Esther,Ekwueme,esther.ekwueme@yabatech.edu.ng,532-473-1428,2024/2025,1st Semester,MTH 111,Logic & Linear Algebra,2,86,30,70,100,A,4.0
F/ND/23/25724,Electrical Engineering,ND2,Male,29,Ogun,Esther,Ekwueme,esther.ekwueme@yabatech.edu.ng,532-473-1428,2024/2025,1st Semester,EEC 115,Electrical Graphics,2,92,28,66,94,A,4.0
F/ND/23/25724,Electrical Engineering,ND2,Male,29,Ogun,Esther,Ekwueme,esther.ekwueme@yabatech.edu.ng,532-473-1428,2024/2025,1st Semester,EEC 111,Electrical Science,3,66,27,64,91,A,4.0
P/ND/23/8763,Computer Science,ND1,Female,28,Kwara,Daniel,Balogun,daniel.balogun@yabatech.edu.ng,803.936.5524x0834,2024/2025,1st Semester,MTH 111,Logic & Linear Algebra,2,35,10,23,33,F,0.0
P/ND/23/8763,Computer Science,ND1,Female,28,Kwara,Daniel,Balogun,daniel.balogun@yabatech.edu.ng,803.936.5524x0834,2024/2025,1st Semester,STA 111,Intro to Statistics,2,68,14,33,47,D,2.25
P/ND/23/8763,Computer Science,ND1,Female,28,Kwara,Daniel,Balogun,daniel.balogun@yabatech.edu.ng,803.936.5524x0834,2024/2025,1st Semester,GNS 101,Use of English,2,54,10,23,33,F,0.0
P/ND/23/8763,Computer Science,ND1,Female,28,Kwara,Daniel,Balogun,daniel.balogun@yabatech.edu.ng,803.936.5524x0834,2024/2025,1st Semester,COM 112,Digital Electronics,3,30,9,21,30,F,0.0
P/ND/23/8763,Computer Science,ND1,Female,28,Kwara,Daniel,Balogun,daniel.balogun@yabatech.edu.ng,803.936.5524x0834,2024/2025,1st Semester,COM 101,Intro to Computing,4,63,12,29,41,E,2.0
P/ND/23/8763,Computer Science,ND1,Female,28,Kwara,Daniel,Balogun,daniel.balogun@yabatech.edu.ng,803.936.5524x0834,2024/2025,1st Semester,COM 113,Intro to Programming,4,67,9,22,31,F,0.0
P/HN/23/35557,Science Lab Tech,HND2,Male,29,Nasarawa,Patience,Akinwale,patience.akinwale@yabatech.edu.ng,+1-398-624-6220,2024/2025,1st Semester,MTH 111,Logic & Linear Algebra,2,37,4,11,15,F,0.0
P/HN/23/35557,Science Lab Tech,HND2,Male,29,Nasarawa,Patience,Akinwale,patience.akinwale@yabatech.edu.ng,+1-398-624-6220,2024/2025,1st Semester,STB 111,General Biology,3,34,5,12,17,F,0.0
P/HN/23/35557,Science Lab Tech,HND2,Male,29,Nasarawa,Patience,Akinwale,patience.akinwale@yabatech.edu.ng,+1-398-624-6220,2024/2025,1st Semester,STC 112,General Chemistry,3,41,9,21,30,F,0.0
P/HN/23/35557,Science Lab Tech,HND2,Male,29,Nasarawa,Patience,Akinwale,patience.akinwale@yabatech.edu.ng,+1-398-624-6220,2024/2025,1st Semester,GNS 101,Use of English,2,25,5,13,18,F,0.0
P/HN/23/35557,Science Lab Tech,HND2,Male,29,Nasarawa,Patience,Akinwale,patience.akinwale@yabatech.edu.ng,+1-398-624-6220,2024/2025,1st Semester,GLT 111,General Lab Techniques,4,52,13,32,45,D,2.25
F/HN/23/62592,Computer Science,HND1,Female,20,Kwara,Gabriel,Eze,gabriel.eze@yabatech.edu.ng,001-692-413-1929,2024/2025,1st Semester,STA 111,Intro to Statistics,2,89,19,46,65,B,3.25
F/HN/23/62592,Computer Science,HND1,Female,20,Kwara,Gabriel,Eze,gabriel.eze@yabatech.edu.ng,001-692-413-1929,2024/2025,1st Semester,MTH 111,Logic & Linear Algebra,2,68,21,49,70,AB,3.5
F/HN/23/62592,Computer Science,HND1,Female,20,Kwara,Gabriel,Eze,gabriel.eze@yabatech.edu.ng,001-692-413-1929,2024/2025,1st Semester,GNS 101,Use of English,2,95,19,45,64,BC,3.0
F/HN/23/62592,Computer Science,HND1,Female,20,Kwara,Gabriel,Eze,gabriel.eze@yabatech.edu.ng,001-692-413-1929,2024/2025,1st Semester,COM 113,Intro to Programming,4,87,20,47,67,B,3.25
F/HN/23/62592,Computer Science,HND1,Female,20,Kwara,Gabriel,Eze,gabriel.eze@yabatech.edu.ng,001-692-413-1929,2024/2025,1st Semester,COM 112,Digital Electronics,3,86,19,46,65,B,3.25
P/ND/23/6104,Science Lab Tech,ND2,Female,20,Yobe,Nathaniel,Akinwale,nathaniel.akinwale@yabatech.edu.ng,(890)552-3226x26058,2024/2025,1st Semester,STB 111,General Biology,3,99,25,58,83,A,4.0
P/ND/23/6104,Science Lab Tech,ND2,Female,20,Yobe,Nathaniel,Akinwale,nathaniel.akinwale@yabatech.edu.ng,(890)552-3226x26058,2024/2025,1st Semester,GLT 111,General Lab Techniques,4,95,24,56,80,A,4.0
P/ND/23/6104,Science Lab Tech,ND2,Female,20,Yobe,Nathaniel,Akinwale,nathaniel.akinwale@yabatech.edu.ng,(890)552-3226x26058,2024/2025,1st Semester,GNS 101,Use of English,2,93,24,57,81,A,4.0
P/ND/23/6104,Science Lab Tech,ND2,Female,20,Yobe,Nathaniel,Akinwale,nathaniel.akinwale@yabatech.edu.ng,(890)552-3226x26058,2024/2025,1st Semester,MTH 111,Logic & Linear Algebra,2,89,19,45,64,BC,3.0
P/ND/23/6104,Science Lab Tech,ND2,Female,20,Yobe,Nathaniel,Akinwale,nathaniel.akinwale@yabatech.edu.ng,(890)552-3226x26058,2024/2025,1st Semester,STC 112,General Chemistry,3,65,21,49,70,AB,3.5
F/HN/23/45376,Science Lab Tech,HND2,Female,19,Bayelsa,Ruth,Adetokunbo,ruth.adetokunbo@yabatech.edu.ng,975-568-3395x9018,2024/2025,1st Semester,GNS 101,Use of English,2,54,29,68,97,A,4.0
F/HN/23/45376,Science Lab Tech,HND2,Female,19,Bayelsa,Ruth,Adetokunbo,ruth.adetokunbo@yabatech.edu.ng,975-568-3395x9018,2024/2025,1st Semester,GLT 111,General Lab Techniques,4,83,28,66,94,A,4.0
F/HN/23/45376,Science Lab Tech,HND2,Female,19,Bayelsa,Ruth,Adetokunbo,ruth.adetokunbo@yabatech.edu.ng,975-568-3395x9018,2024/2025,1st Semester,MTH 111,Logic & Linear Algebra,2,62,28,66,94,A,4.0
F/HN/23/45376,Science Lab Tech,HND2,Female,19,Bayelsa,Ruth,Adetokunbo,ruth.adetokunbo@yabatech.edu.ng,975-568-3395x9018,2024/2025,1st Semester,STC 112,General Chemistry,3,68,29,69,98,A,4.0
F/HN/23/45376,Science Lab Tech,HND2,Female,19,Bayelsa,Ruth,Adetokunbo,ruth.adetokunbo@yabatech.edu.ng,975-568-3395x9018,2024/2025,1st Semester,STB 111,General Biology,3,100,28,65,93,A,4.0
F/HN/23/76082,Computer Science,HND2,Male,16,Abia,Paul,Balogun,paul.balogun@yabatech.edu.ng,001-477-642-0605x98640,2024/2025,1st Semester,COM 112,Digital Electronics,3,68,22,53,75,A,4.0
F/HN/23/76082,Computer Science,HND2,Male,16,Abia,Paul,Balogun,paul.balogun@yabatech.edu.ng,001-477-642-0605x98640,2024/2025,1st Semester,COM 113,Intro to Programming,4,69,28,65,93,A,4.0
F/HN/23/76082,Computer Science,HND2,Male,16,Abia,Paul,Balogun,paul.balogun@yabatech.edu.ng,001-477-642-0605x98640,2024/2025,1st Semester,MTH 111,Logic & Linear Algebra,2,47,22,52,74,AB,3.5
F/HN/23/76082,Computer Science,HND2,Male,16,Abia,Paul,Balogun,paul.balogun@yabatech.edu.ng,001-477-642-0605x98640,2024/2025,1st Semester,COM 101,Intro to Computing,4,95,26,61,87,A,4.0
F/HN/23/76082,Computer Science,HND2,Male,16,Abia,Paul,Balogun,paul.balogun@yabatech.edu.ng,001-477-642-0605x98640,2024/2025,1st Semester,GNS 101,Use of English,2,94,26,61,87,A,4.0
F/HN/23/76082,Computer Science,HND2,Male,16,Abia,Paul,Balogun,paul.balogun@yabatech.edu.ng,001-477-642-0605x98640,2024/2025,1st Semester,STA 111,Intro to Statistics,2,69,24,57,81,A,4.0
P/ND/23/61240,Computer Science,ND2,Male,29,Jigawa,Andrew,Adeyemi,andrew.adeyemi@yabatech.edu.ng,740-403-8637x585,2024/2025,1st Semester,COM 112,Digital Electronics,3,60,28,67,95,A,4.0
P/ND/23/61240,Computer Science,ND2,Male,29,Jigawa,Andrew,Adeyemi,andrew.adeyemi@yabatech.edu.ng,740-403-8637x585,2024/2025,1st Semester,COM 113,Intro to Programming,4,88,24,57,81,A,4.0
P/ND/23/61240,Computer Science,ND2,Male,29,Jigawa,Andrew,Adeyemi,andrew.adeyemi@yabatech.edu.ng,740-403-8637x585,2024/2025,1st Semester,COM 101,Intro to Computing,4,100,24,56,80,A,4.0
P/ND/23/61240,Computer Science,ND2,Male,29,Jigawa,Andrew,Adeyemi,andrew.adeyemi@yabatech.edu.ng,740-403-8637x585,2024/2025,1st Semester,MTH 111,Logic & Linear Algebra,2,84,28,67,95,A,4.0
P/ND/23/61240,Computer Science,ND2,Male,29,Jigawa,Andrew,Adeyemi,andrew.adeyemi@yabatech.edu.ng,740-403-8637x585,2024/2025,1st Semester,STA 111,Intro to Statistics,2,61,24,57,81,A,4.0
F/HN/23/11590,Electrical Engineering,HND1,Male,26,Gombe,Victoria,Ibrahim,victoria.ibrahim@yabatech.edu.ng,001-269-270-6628,2024/2025,1st Semester,MTH 111,Logic & Linear Algebra,2,66,12,29,41,E,2.0
F/HN/23/11590,Electrical Engineering,HND1,Male,26,Gombe,Victoria,Ibrahim,victoria.ibrahim@yabatech.edu.ng,001-269-270-6628,2024/2025,1st Semester,MEC 112,Mechanical Workshop,2,69,18,42,60,BC,3.0
F/HN/23/11590,Electrical Engineering,HND1,Male,26,Gombe,Victoria,Ibrahim,victoria.ibrahim@yabatech.edu.ng,001-269-270-6628,2024/2025,1st Semester,GNS 101,Use of English,2,41,14,33,47,D,2.25
F/HN/23/11590,Electrical Engineering,HND1,Male,26,Gombe,Victoria,Ibrahim,victoria.ibrahim@yabatech.edu.ng,001-269-270-6628,2024/2025,1st Semester,EEC 115,Electrical Graphics,2,76,13,30,43,E,2.0
F/HN/23/11590,Electrical Engineering,HND1,Male,26,Gombe,Victoria,Ibrahim,victoria.ibrahim@yabatech.edu.ng,001-269-270-6628,2024/2025,1st Semester,EEC 111,Electrical Science,3,72,13,30,43,E,2.0
F/HN/23/98313,Science Lab Tech,HND1,Female,17,Kano,Samuel,Adeyemi,samuel.adeyemi@yabatech.edu.ng,342-364-6468x676,2024/2025,1st Semester,STC 112,General Chemistry,3,65,22,52,74,AB,3.5
F/HN/23/98313,Science Lab Tech,HND1,Female,17,Kano,Samuel,Adeyemi,samuel.adeyemi@yabatech.edu.ng,342-364-6468x676,2024/2025,1st Semester,GNS 101,Use of English,2,88,16,39,55,C,2.75
F/HN/23/98313,Science Lab Tech,HND1,Female,17,Kano,Samuel,Adeyemi,samuel.adeyemi@yabatech.edu.ng,342-364-6468x676,2024/2025,1st Semester,STB 111,General Biology,3,83,19,45,64,BC,3.0
F/HN/23/98313,Science Lab Tech,HND1,Female,17,Kano,Samuel,Adeyemi,samuel.adeyemi@yabatech.edu.ng,342-364-6468x676,2024/2025,1st Semester,GLT 111,General Lab Techniques,4,95,22,52,74,AB,3.5
F/HN/23/98313,Science Lab Tech,HND1,Female,17,Kano,Samuel,Adeyemi,samuel.adeyemi@yabatech.edu.ng,342-364-6468x676,2024/2025,1st Semester,MTH 111,Logic & Linear Algebra,2,100,17,41,58,C,2.75
F/ND/23/48716,Mass Communication,ND1,Male,17,Niger,Nathaniel,Ojo,nathaniel.ojo@yabatech.edu.ng,862-605-9876x33124,2024/2025,1st Semester,MAC 107,Intro to Broadcasting,3,65,28,66,94,A,4.0
F/ND/23/48716,Mass Communication,ND1,Male,17,Niger,Nathaniel,Ojo,nathaniel.ojo@yabatech.edu.ng,862-605-9876x33124,2024/2025,1st Semester,MAC 101,Intro to Mass Comm,3,65,30,70,100,A,4.0
F/ND/23/48716,Mass Communication,ND1,Male,17,Niger,Nathaniel,Ojo,nathaniel.ojo@yabatech.edu.ng,862-605-9876x33124,2024/2025,1st Semester,GNS 127,Citizenship Education,2,68,30,70,100,A,4.0
F/ND/23/48716,Mass Communication,ND1,Male,17,Niger,Nathaniel,Ojo,nathaniel.ojo@yabatech.edu.ng,862-605-9876x33124,2024/2025,1st Semester,MAC 115,News Writing,3,80,30,70,100,A,4.0
F/ND/23/48716,Mass Communication,ND1,Male,17,Niger,Nathaniel,Ojo,nathaniel.ojo@yabatech.edu.ng,862-605-9876x33124,2024/2025,1st Semester,GNS 101,Use of English,2,69,27,64,91,A,4.0
F/ND/23/3513,Science Lab Tech,ND1,Female,19,Kaduna,David,Oshodi,david.oshodi@yabatech.edu.ng,(312)759-3410,2024/2025,1st Semester,MTH 111,Logic & Linear Algebra,2,68,23,55,78,A,4.0
F/ND/23/3513,Science Lab Tech,ND1,Female,19,Kaduna,David,Oshodi,david.oshodi@yabatech.edu.ng,(312)759-3410,2024/2025,1st Semester,GLT 111,General Lab Techniques,4,95,25,59,84,A,4.0
F/ND/23/3513,Science Lab Tech,ND1,Female,19,Kaduna,David,Oshodi,david.oshodi@yabatech.edu.ng,(312)759-3410,2024/2025,1st Semester,STC 112,General Chemistry,3,79,26,60,86,A,4.0
F/ND/23/3513,Science Lab Tech,ND1,Female,19,Kaduna,David,Oshodi,david.oshodi@yabatech.edu.ng,(312)759-3410,2024/2025,1st Semester,STB 111,General Biology,3,62,24,58,82,A,4.0
F/ND/23/3513,Science Lab Tech,ND1,Female,19,Kaduna,David,Oshodi,david.oshodi@yabatech.edu.ng,(312)759-3410,2024/2025,1st Semester,GNS 101,Use of English,2,90,23,53,76,A,4.0
F/HN/23/93861,Civil Engineering,HND1,Female,25,Kwara,Peace,Eze,peace.eze@yabatech.edu.ng,684.626.6940x34309,2024/2025,1st Semester,MEC 101,Workshop Technology,2,44,8,20,28,F,0.0
F/HN/23/93861,Civil Engineering,HND1,Female,25,Kwara,Peace,Eze,peace.eze@yabatech.edu.ng,684.626.6940x34309,2024/2025,1st Semester,CEC 110,Fluid Mechanics,4,40,6,15,21,F,0.0
F/HN/23/93861,Civil Engineering,HND1,Female,25,Kwara,Peace,Eze,peace.eze@yabatech.edu.ng,684.626.6940x34309,2024/2025,1st Semester,CEC 101,Engineering Drawing,3,43,4,10,14,F,0.0
P/HN/23/61750,Electrical Engineering,HND2,Male,21,Kano,Benjamin,Nnamani,benjamin.nnamani@yabatech.edu.ng,707-670-2412x5462,2024/2025,1st Semester,GNS 101,Use of English,2,55,20,47,67,B,3.25
P/HN/23/61750,Electrical Engineering,HND2,Male,21,Kano,Benjamin,Nnamani,benjamin.nnamani@yabatech.edu.ng,707-670-2412x5462,2024/2025,1st Semester,MEC 112,Mechanical Workshop,2,61,18,43,61,BC,3.0
P/HN/23/61750,Electrical Engineering,HND2,Male,21,Kano,Benjamin,Nnamani,benjamin.nnamani@yabatech.edu.ng,707-670-2412x5462,2024/2025,1st Semester,MTH 111,Logic & Linear Algebra,2,74,18,43,61,BC,3.0
P/HN/23/61750,Electrical Engineering,HND2,Male,21,Kano,Benjamin,Nnamani,benjamin.nnamani@yabatech.edu.ng,707-670-2412x5462,2024/2025,1st Semester,EEC 111,Electrical Science,3,84,19,45,64,BC,3.0
P/HN/23/61750,Electrical Engineering,HND2,Male,21,Kano,Benjamin,Nnamani,benjamin.nnamani@yabatech.edu.ng,707-670-2412x5462,2024/2025,1st Semester,EEC 115,Electrical Graphics,2,83,16,37,53,CD,2.5
F/HN/23/44683,Science Lab Tech,HND1,Female,28,Nasarawa,Faith,Akinwale,faith.akinwale@yabatech.edu.ng,001-605-662-0371x62342,2024/2025,1st Semester,STB 111,General Biology,3,36,5,12,17,F,0.0
F/HN/23/44683,Science Lab Tech,HND1,Female,28,Nasarawa,Faith,Akinwale,faith.akinwale@yabatech.edu.ng,001-605-662-0371x62342,2024/2025,1st Semester,MTH 111,Logic & Linear Algebra,2,61,10,24,34,F,0.0
F/HN/23/44683,Science Lab Tech,HND1,Female,28,Nasarawa,Faith,Akinwale,faith.akinwale@yabatech.edu.ng,001-605-662-0371x62342,2024/2025,1st Semester,GLT 111,General Lab Techniques,4,54,13,31,44,E,2.0
F/HN/23/44683,Science Lab Tech,HND1,Female,28,Nasarawa,Faith,Akinwale,faith.akinwale@yabatech.edu.ng,001-605-662-0371x62342,2024/2025,1st Semester,STC 112,General Chemistry,3,53,14,33,47,D,2.25
F/HN/23/44683,Science Lab Tech,HND1,Female,28,Nasarawa,Faith,Akinwale,faith.akinwale@yabatech.edu.ng,001-605-662-0371x62342,2024/2025,1st Semester,GNS 101,Use of English,2,68,9,21,30,F,0.0
P/HN/23/52461,Business Administration,HND2,Female,29,Nasarawa,Peter,Ogunleye,peter.ogunleye@yabatech.edu.ng,705.550.1898x7407,2024/2025,1st Semester,ACC 111,Intro to Accounting,3,65,11,25,36,F,0.0
P/HN/23/52461,Business Administration,HND2,Female,29,Nasarawa,Peter,Ogunleye,peter.ogunleye@yabatech.edu.ng,705.550.1898x7407,2024/2025,1st Semester,ECO 101,Intro to Economics,2,49,10,25,35,F,0.0
P/HN/23/52461,Business Administration,HND2,Female,29,Nasarawa,Peter,Ogunleye,peter.ogunleye@yabatech.edu.ng,705.550.1898x7407,2024/2025,1st Semester,BAM 101,Intro to Business Admin,3,33,6,15,21,F,0.0
F/HN/23/55929,Computer Science,HND1,Male,30,Bauchi,Ruth,Obasanjo,ruth.obasanjo@yabatech.edu.ng,563-725-7422,2024/2025,1st Semester,COM 101,Intro to Computing,4,38,13,30,43,E,2.0
F/HN/23/55929,Computer Science,HND1,Male,30,Bauchi,Ruth,Obasanjo,ruth.obasanjo@yabatech.edu.ng,563-725-7422,2024/2025,1st Semester,GNS 101,Use of English,2,57,14,34,48,D,2.25
F/HN/23/55929,Computer Science,HND1,Male,30,Bauchi,Ruth,Obasanjo,ruth.obasanjo@yabatech.edu.ng,563-725-7422,2024/2025,1st Semester,STA 111,Intro to Statistics,2,36,9,23,32,F,0.0
F/HN/23/55929,Computer Science,HND1,Male,30,Bauchi,Ruth,Obasanjo,ruth.obasanjo@yabatech.edu.ng,563-725-7422,2024/2025,1st Semester,COM 113,Intro to Programming,4,50,17,39,56,C,2.75
F/HN/23/55929,Computer Science,HND1,Male,30,Bauchi,Ruth,Obasanjo,ruth.obasanjo@yabatech.edu.ng,563-725-7422,2024/2025,1st Semester,MTH 111,Logic & Linear Algebra,2,34,9,23,32,F,0.0
F/HN/23/55929,Computer Science,HND1,Male,30,Bauchi,Ruth,Obasanjo,ruth.obasanjo@yabatech.edu.ng,563-725-7422,2024/2025,1st Semester,COM 112,Digital Electronics,3,38,11,25,36,F,0.0
F/ND/23/36474,Civil Engineering,ND1,Female,16,Gombe,Samuel,Obasanjo,samuel.obasanjo@yabatech.edu.ng,(412)244-8926x284,2024/2025,1st Semester,CEC 101,Engineering Drawing,3,40,7,16,23,F,0.0
F/ND/23/36474,Civil Engineering,ND1,Female,16,Gombe,Samuel,Obasanjo,samuel.obasanjo@yabatech.edu.ng,(412)244-8926x284,2024/2025,1st Semester,MEC 101,Workshop Technology,2,54,10,24,34,F,0.0
F/ND/23/36474,Civil Engineering,ND1,Female,16,Gombe,Samuel,Obasanjo,samuel.obasanjo@yabatech.edu.ng,(412)244-8926x284,2024/2025,1st Semester,CEC 110,Fluid Mechanics,4,58,12,28,40,E,2.0
F/ND/23/10185,Computer Science,ND1,Female,17,Rivers,Agnes,Ojo,agnes.ojo@yabatech.edu.ng,807.618.5126x1174,2024/2025,1st Semester,COM 112,Digital Electronics,3,97,26,62,88,A,4.0
F/ND/23/10185,Computer Science,ND1,Female,17,Rivers,Agnes,Ojo,agnes.ojo@yabatech.edu.ng,807.618.5126x1174,2024/2025,1st Semester,STA 111,Intro to Statistics,2,70,27,63,90,A,4.0
F/ND/23/10185,Computer Science,ND1,Female,17,Rivers,Agnes,Ojo,agnes.ojo@yabatech.edu.ng,807.618.5126x1174,2024/2025,1st Semester,MTH 111,Logic & Linear Algebra,2,76,30,70,100,A,4.0
F/ND/23/10185,Computer Science,ND1,Female,17,Rivers,Agnes,Ojo,agnes.ojo@yabatech.edu.ng,807.618.5126x1174,2024/2025,1st Semester,COM 113,Intro to Programming,4,87,29,69,98,A,4.0
F/ND/23/10185,Computer Science,ND1,Female,17,Rivers,Agnes,Ojo,agnes.ojo@yabatech.edu.ng,807.618.5126x1174,2024/2025,1st Semester,COM 101,Intro to Computing,4,65,30,70,100,A,4.0
P/ND/23/48911,Business Administration,ND2,Female,20,Nasarawa,Victoria,Eze,victoria.eze@yabatech.edu.ng,(268)399-1086x45278,2024/2025,1st Semester,BAM 101,Intro to Business Admin,3,63,24,58,82,A,4.0
P/ND/23/48911,Business Administration,ND2,Female,20,Nasarawa,Victoria,Eze,victoria.eze@yabatech.edu.ng,(268)399-1086x45278,2024/2025,1st Semester,ECO 101,Intro to Economics,2,76,24,56,80,A,4.0
P/ND/23/48911,Business Administration,ND2,Female,20,Nasarawa,Victoria,Eze,victoria.eze@yabatech.edu.ng,(268)399-1086x45278,2024/2025,1st Semester,ACC 111,Intro to Accounting,3,66,28,65,93,A,4.0
F/ND/23/28637,Civil Engineering,ND2,Male,23,Rivers,Deborah,Okonkwo,deborah.okonkwo@yabatech.edu.ng,001-211-943-0202x2660,2024/2025,1st Semester,CEC 110,Fluid Mechanics,4,36,10,24,34,F,0.0
F/ND/23/28637,Civil Engineering,ND2,Male,23,Rivers,Deborah,Okonkwo,deborah.okonkwo@yabatech.edu.ng,001-211-943-0202x2660,2024/2025,1st Semester,MEC 101,Workshop Technology,2,51,15,35,50,CD,2.5
F/ND/23/28637,Civil Engineering,ND2,Male,23,Rivers,Deborah,Okonkwo,deborah.okonkwo@yabatech.edu.ng,001-211-943-0202x2660,2024/2025,1st Semester,CEC 101,Engineering Drawing,3,65,13,30,43,E,2.0
F/HN/23/76541,Civil Engineering,HND2,Male,30,Delta,Sarah,Olawale,sarah.olawale@yabatech.edu.ng,227-405-3829x817,2024/2025,1st Semester,CEC 110,Fluid Mechanics,4,30,10,24,34,F,0.0
F/HN/23/76541,Civil Engineering,HND2,Male,30,Delta,Sarah,Olawale,sarah.olawale@yabatech.edu.ng,227-405-3829x817,2024/2025,1st Semester,MEC 101,Workshop Technology,2,64,13,31,44,E,2.0
F/HN/23/76541,Civil Engineering,HND2,Male,30,Delta,Sarah,Olawale,sarah.olawale@yabatech.edu.ng,227-405-3829x817,2024/2025,1st Semester,CEC 101,Engineering Drawing,3,56,15,37,52,CD,2.5
P/ND/23/19035,Civil Engineering,ND1,Male,30,Enugu,Comfort,Chukwu,comfort.chukwu@yabatech.edu.ng,001-893-372-5750,2024/2025,1st Semester,CEC 101,Engineering Drawing,3,78,26,61,87,A,4.0
P/ND/23/19035,Civil Engineering,ND1,Male,30,Enugu,Comfort,Chukwu,comfort.chukwu@yabatech.edu.ng,001-893-372-5750,2024/2025,1st Semester,CEC 110,Fluid Mechanics,4,96,25,60,85,A,4.0
P/ND/23/19035,Civil Engineering,ND1,Male,30,Enugu,Comfort,Chukwu,comfort.chukwu@yabatech.edu.ng,001-893-372-5750,2024/2025,1st Semester,MEC 101,Workshop Technology,2,75,26,62,88,A,4.0
F/HN/23/96730,Computer Science,HND1,Female,18,Sokoto,Faith,Uche,faith.uche@yabatech.edu.ng,+1-614-439-8696x7911,2024/2025,1st Semester,COM 101,Intro to Computing,4,86,22,52,74,AB,3.5
F/HN/23/96730,Computer Science,HND1,Female,18,Sokoto,Faith,Uche,faith.uche@yabatech.edu.ng,+1-614-439-8696x7911,2024/2025,1st Semester,MTH 111,Logic & Linear Algebra,2,54,18,42,60,BC,3.0
F/HN/23/96730,Computer Science,HND1,Female,18,Sokoto,Faith,Uche,faith.uche@yabatech.edu.ng,+1-614-439-8696x7911,2024/2025,1st Semester,COM 112,Digital Electronics,3,100,19,44,63,BC,3.0
F/HN/23/96730,Computer Science,HND1,Female,18,Sokoto,Faith,Uche,faith.uche@yabatech.edu.ng,+1-614-439-8696x7911,2024/2025,1st Semester,COM 113,Intro to Programming,4,83,18,44,62,BC,3.0
F/HN/23/96730,Computer Science,HND1,Female,18,Sokoto,Faith,Uche,faith.uche@yabatech.edu.ng,+1-614-439-8696x7911,2024/2025,1st Semester,STA 111,Intro to Statistics,2,88,21,49,70,AB,3.5
F/HN/23/96730,Computer Science,HND1,Female,18,Sokoto,Faith,Uche,faith.uche@yabatech.edu.ng,+1-614-439-8696x7911,2024/2025,1st Semester,GNS 101,Use of English,2,65,17,40,57,C,2.75
F/ND/23/80683,Civil Engineering,ND1,Male,19,Anambra,David,Oyekan,david.oyekan@yabatech.edu.ng,494-432-0764x93431,2024/2025,1st Semester,MEC 101,Workshop Technology,2,38,2,5,7,F,0.0
F/ND/23/80683,Civil Engineering,ND1,Male,19,Anambra,David,Oyekan,david.oyekan@yabatech.edu.ng,494-432-0764x93431,2024/2025,1st Semester,CEC 110,Fluid Mechanics,4,58,12,29,41,E,2.0
F/ND/23/80683,Civil Engineering,ND1,Male,19,Anambra,David,Oyekan,david.oyekan@yabatech.edu.ng,494-432-0764x93431,2024/2025,1st Semester,CEC 101,Engineering Drawing,3,56,10,25,35,F,0.0
F/HN/23/86089,Electrical Engineering,HND2,Male,27,Kebbi,Andrew,Chukwu,andrew.chukwu@yabatech.edu.ng,499.725.8975x09662,2024/2025,1st Semester,EEC 111,Electrical Science,3,79,21,49,70,AB,3.5
F/HN/23/86089,Electrical Engineering,HND2,Male,27,Kebbi,Andrew,Chukwu,andrew.chukwu@yabatech.edu.ng,499.725.8975x09662,2024/2025,1st Semester,MEC 112,Mechanical Workshop,2,73,22,51,73,AB,3.5
F/HN/23/86089,Electrical Engineering,HND2,Male,27,Kebbi,Andrew,Chukwu,andrew.chukwu@yabatech.edu.ng,499.725.8975x09662,2024/2025,1st Semester,MTH 111,Logic & Linear Algebra,2,67,18,43,61,BC,3.0
F/HN/23/86089,Electrical Engineering,HND2,Male,27,Kebbi,Andrew,Chukwu,andrew.chukwu@yabatech.edu.ng,499.725.8975x09662,2024/2025,1st Semester,GNS 101,Use of English,2,81,17,41,58,C,2.75
F/HN/23/86089,Electrical Engineering,HND2,Male,27,Kebbi,Andrew,Chukwu,andrew.chukwu@yabatech.edu.ng,499.725.8975x09662,2024/2025,1st Semester,EEC 115,Electrical Graphics,2,77,17,41,58,C,2.75
F/HN/23/64907,Mass Communication,HND2,Male,26,Bayelsa,Cornelius,Ibrahim,cornelius.ibrahim@yabatech.edu.ng,2348218749,2024/2025,1st Semester,MAC 115,News Writing,3,55,20,48,68,B,3.25
F/HN/23/64907,Mass Communication,HND2,Male,26,Bayelsa,Cornelius,Ibrahim,cornelius.ibrahim@yabatech.edu.ng,2348218749,2024/2025,1st Semester,GNS 101,Use of English,2,39,9,23,32,F,0.0
F/HN/23/64907,Mass Communication,HND2,Male,26,Bayelsa,Cornelius,Ibrahim,cornelius.ibrahim@yabatech.edu.ng,2348218749,2024/2025,1st Semester,MAC 101,Intro to Mass Comm,3,63,17,39,56,C,2.75
F/HN/23/64907,Mass Communication,HND2,Male,26,Bayelsa,Cornelius,Ibrahim,cornelius.ibrahim@yabatech.edu.ng,2348218749,2024/2025,1st Semester,GNS 127,Citizenship Education,2,45,9,21,30,F,0.0
F/HN/23/64907,Mass Communication,HND2,Male,26,Bayelsa,Cornelius,Ibrahim,cornelius.ibrahim@yabatech.edu.ng,2348218749,2024/2025,1st Semester,MAC 107,Intro to Broadcasting,3,50,17,41,58,C,2.75
F/ND/23/88340,Science Lab Tech,ND2,Male,17,Kwara,Peter,Okonkwo,peter.okonkwo@yabatech.edu.ng,+1-237-730-6651x559,2024/2025,1st Semester,GNS 101,Use of English,2,74,27,63,90,A,4.0
F/ND/23/88340,Science Lab Tech,ND2,Male,17,Kwara,Peter,Okonkwo,peter.okonkwo@yabatech.edu.ng,+1-237-730-6651x559,2024/2025,1st Semester,GLT 111,General Lab Techniques,4,70,22,53,75,A,4.0
F/ND/23/88340,Science Lab Tech,ND2,Male,17,Kwara,Peter,Okonkwo,peter.okonkwo@yabatech.edu.ng,+1-237-730-6651x559,2024/2025,1st Semester,MTH 111,Logic & Linear Algebra,2,85,25,60,85,A,4.0
F/ND/23/88340,Science Lab Tech,ND2,Male,17,Kwara,Peter,Okonkwo,peter.okonkwo@yabatech.edu.ng,+1-237-730-6651x559,2024/2025,1st Semester,STC 112,General Chemistry,3,68,27,64,91,A,4.0
F/ND/23/88340,Science Lab Tech,ND2,Male,17,Kwara,Peter,Okonkwo,peter.okonkwo@yabatech.edu.ng,+1-237-730-6651x559,2024/2025,1st Semester,STB 111,General Biology,3,84,28,66,94,A,4.0
F/ND/23/20045,Electrical Engineering,ND1,Female,18,Taraba,Gloria,Adetokunbo,gloria.adetokunbo@yabatech.edu.ng,604.309.0173x0662,2024/2025,1st Semester,MEC 112,Mechanical Workshop,2,50,27,63,90,A,4.0
F/ND/23/20045,Electrical Engineering,ND1,Female,18,Taraba,Gloria,Adetokunbo,gloria.adetokunbo@yabatech.edu.ng,604.309.0173x0662,2024/2025,1st Semester,MTH 111,Logic & Linear Algebra,2,81,27,64,91,A,4.0
F/ND/23/20045,Electrical Engineering,ND1,Female,18,Taraba,Gloria,Adetokunbo,gloria.adetokunbo@yabatech.edu.ng,604.309.0173x0662,2024/2025,1st Semester,EEC 115,Electrical Graphics,2,86,29,69,98,A,4.0
F/ND/23/20045,Electrical Engineering,ND1,Female,18,Taraba,Gloria,Adetokunbo,gloria.adetokunbo@yabatech.edu.ng,604.309.0173x0662,2024/2025,1st Semester,GNS 101,Use of English,2,89,29,69,98,A,4.0
F/ND/23/20045,Electrical Engineering,ND1,Female,18,Taraba,Gloria,Adetokunbo,gloria.adetokunbo@yabatech.edu.ng,604.309.0173x0662,2024/2025,1st Semester,EEC 111,Electrical Science,3,87,29,67,96,A,4.0
P/ND/23/94921,Electrical Engineering,ND2,Female,30,Niger,Michael,Uche,michael.uche@yabatech.edu.ng,+1-451-409-2664,2024/2025,1st Semester,MEC 112,Mechanical Workshop,2,53,18,42,60,BC,3.0
P/ND/23/94921,Electrical Engineering,ND2,Female,30,Niger,Michael,Uche,michael.uche@yabatech.edu.ng,+1-451-409-2664,2024/2025,1st Semester,GNS 101,Use of English,2,43,15,35,50,CD,2.5
P/ND/23/94921,Electrical Engineering,ND2,Female,30,Niger,Michael,Uche,michael.uche@yabatech.edu.ng,+1-451-409-2664,2024/2025,1st Semester,EEC 115,Electrical Graphics,2,40,12,29,41,E,2.0
P/ND/23/94921,Electrical Engineering,ND2,Female,30,Niger,Michael,Uche,michael.uche@yabatech.edu.ng,+1-451-409-2664,2024/2025,1st Semester,MTH 111,Logic & Linear Algebra,2,88,15,35,50,CD,2.5
P/ND/23/94921,Electrical Engineering,ND2,Female,30,Niger,Michael,Uche,michael.uche@yabatech.edu.ng,+1-451-409-2664,2024/2025,1st Semester,EEC 111,Electrical Science,3,41,11,26,37,F,0.0
P/ND/23/28025,Business Administration,ND2,Female,20,Kano,Emmanuel,Chukwu,emmanuel.chukwu@yabatech.edu.ng,992-365-8854x2373,2024/2025,1st Semester,ACC 111,Intro to Accounting,3,81,25,59,84,A,4.0
P/ND/23/28025,Business Administration,ND2,Female,20,Kano,Emmanuel,Chukwu,emmanuel.chukwu@yabatech.edu.ng,992-365-8854x2373,2024/2025,1st Semester,BAM 101,Intro to Business Admin,3,83,27,63,90,A,4.0
P/ND/23/28025,Business Administration,ND2,Female,20,Kano,Emmanuel,Chukwu,emmanuel.chukwu@yabatech.edu.ng,992-365-8854x2373,2024/2025,1st Semester,ECO 101,Intro to Economics,2,73,25,59,84,A,4.0
F/HN/23/98275,Computer Science,HND2,Female,16,Jigawa,Joshua,Okafor,joshua.okafor@yabatech.edu.ng,811-808-7098x6912,2024/2025,1st Semester,GNS 101,Use of English,2,59,14,33,47,D,2.25
F/HN/23/98275,Computer Science,HND2,Female,16,Jigawa,Joshua,Okafor,joshua.okafor@yabatech.edu.ng,811-808-7098x6912,2024/2025,1st Semester,STA 111,Intro to Statistics,2,49,5,12,17,F,0.0
F/HN/23/98275,Computer Science,HND2,Female,16,Jigawa,Joshua,Okafor,joshua.okafor@yabatech.edu.ng,811-808-7098x6912,2024/2025,1st Semester,COM 113,Intro to Programming,4,53,12,28,40,E,2.0
F/HN/23/98275,Computer Science,HND2,Female,16,Jigawa,Joshua,Okafor,joshua.okafor@yabatech.edu.ng,811-808-7098x6912,2024/2025,1st Semester,COM 101,Intro to Computing,4,66,10,25,35,F,0.0
F/HN/23/98275,Computer Science,HND2,Female,16,Jigawa,Joshua,Okafor,joshua.okafor@yabatech.edu.ng,811-808-7098x6912,2024/2025,1st Semester,MTH 111,Logic & Linear Algebra,2,58,12,29,41,E,2.0
F/HN/23/98275,Computer Science,HND2,Female,16,Jigawa,Joshua,Okafor,joshua.okafor@yabatech.edu.ng,811-808-7098x6912,2024/2025,1st Semester,COM 112,Digital Electronics,3,30,9,21,30,F,0.0
F/HN/23/23032,Mass Communication,HND1,Female,25,Yobe,Deborah,Ogunleye,deborah.ogunleye@yabatech.edu.ng,+1-931-250-8666x21808,2024/2025,1st Semester,MAC 107,Intro to Broadcasting,3,92,22,53,75,A,4.0
F/HN/23/23032,Mass Communication,HND1,Female,25,Yobe,Deborah,Ogunleye,deborah.ogunleye@yabatech.edu.ng,+1-931-250-8666x21808,2024/2025,1st Semester,MAC 115,News Writing,3,94,22,53,75,A,4.0
F/HN/23/23032,Mass Communication,HND1,Female,25,Yobe,Deborah,Ogunleye,deborah.ogunleye@yabatech.edu.ng,+1-931-250-8666x21808,2024/2025,1st Semester,GNS 101,Use of English,2,96,26,61,87,A,4.0
F/HN/23/23032,Mass Communication,HND1,Female,25,Yobe,Deborah,Ogunleye,deborah.ogunleye@yabatech.edu.ng,+1-931-250-8666x21808,2024/2025,1st Semester,MAC 101,Intro to Mass Comm,3,89,24,57,81,A,4.0
F/HN/23/23032,Mass Communication,HND1,Female,25,Yobe,Deborah,Ogunleye,deborah.ogunleye@yabatech.edu.ng,+1-931-250-8666x21808,2024/2025,1st Semester,GNS 127,Citizenship Education,2,66,24,56,80,A,4.0
P/ND/23/8077,Computer Science,ND2,Female,24,Ondo,Benjamin,Abiola,benjamin.abiola@yabatech.edu.ng,5058441174,2024/2025,1st Semester,MTH 111,Logic & Linear Algebra,2,75,19,46,65,B,3.25
P/ND/23/8077,Computer Science,ND2,Female,24,Ondo,Benjamin,Abiola,benjamin.abiola@yabatech.edu.ng,5058441174,2024/2025,1st Semester,STA 111,Intro to Statistics,2,87,18,43,61,BC,3.0
P/ND/23/8077,Computer Science,ND2,Female,24,Ondo,Benjamin,Abiola,benjamin.abiola@yabatech.edu.ng,5058441174,2024/2025,1st Semester,GNS 101,Use of English,2,84,17,41,58,C,2.75
P/ND/23/8077,Computer Science,ND2,Female,24,Ondo,Benjamin,Abiola,benjamin.abiola@yabatech.edu.ng,5058441174,2024/2025,1st Semester,COM 113,Intro to Programming,4,67,21,50,71,AB,3.5
P/ND/23/8077,Computer Science,ND2,Female,24,Ondo,Benjamin,Abiola,benjamin.abiola@yabatech.edu.ng,5058441174,2024/2025,1st Semester,COM 101,Intro to Computing,4,72,20,48,68,B,3.25
P/ND/23/8077,Computer Science,ND2,Female,24,Ondo,Benjamin,Abiola,benjamin.abiola@yabatech.edu.ng,5058441174,2024/2025,1st Semester,COM 112,Digital Electronics,3,100,16,37,53,CD,2.5
F/ND/23/89588,Electrical Engineering,ND2,Female,23,Ekiti,Mary,Obasanjo,mary.obasanjo@yabatech.edu.ng,(513)727-6279x052,2024/2025,1st Semester,EEC 115,Electrical Graphics,2,61,21,49,70,AB,3.5
F/ND/23/89588,Electrical Engineering,ND2,Female,23,Ekiti,Mary,Obasanjo,mary.obasanjo@yabatech.edu.ng,(513)727-6279x052,2024/2025,1st Semester,GNS 101,Use of English,2,90,20,47,67,B,3.25
F/ND/23/89588,Electrical Engineering,ND2,Female,23,Ekiti,Mary,Obasanjo,mary.obasanjo@yabatech.edu.ng,(513)727-6279x052,2024/2025,1st Semester,EEC 111,Electrical Science,3,87,18,43,61,BC,3.0
F/ND/23/89588,Electrical Engineering,ND2,Female,23,Ekiti,Mary,Obasanjo,mary.obasanjo@yabatech.edu.ng,(513)727-6279x052,2024/2025,1st Semester,MTH 111,Logic & Linear Algebra,2,85,21,49,70,AB,3.5
F/ND/23/89588,Electrical Engineering,ND2,Female,23,Ekiti,Mary,Obasanjo,mary.obasanjo@yabatech.edu.ng,(513)727-6279x052,2024/2025,1st Semester,MEC 112,Mechanical Workshop,2,74,20,47,67,B,3.25
F/ND/23/92409,Civil Engineering,ND1,Male,24,Ebonyi,Elizabeth,Adeyemi,elizabeth.adeyemi@yabatech.edu.ng,(893)912-5006,2024/2025,1st Semester,CEC 110,Fluid Mechanics,4,57,10,24,34,F,0.0
F/ND/23/92409,Civil Engineering,ND1,Male,24,Ebonyi,Elizabeth,Adeyemi,elizabeth.adeyemi@yabatech.edu.ng,(893)912-5006,2024/2025,1st Semester,MEC 101,Workshop Technology,2,30,6,15,21,F,0.0
F/ND/23/92409,Civil Engineering,ND1,Male,24,Ebonyi,Elizabeth,Adeyemi,elizabeth.adeyemi@yabatech.edu.ng,(893)912-5006,2024/2025,1st Semester,CEC 101,Engineering Drawing,3,70,9,22,31,F,0.0
F/ND/23/80047,Business Administration,ND1,Male,17,Bayelsa,Patience,Eze,patience.eze@yabatech.edu.ng,729.390.1011,2024/2025,1st Semester,ACC 111,Intro to Accounting,3,50,9,21,30,F,0.0
F/ND/23/80047,Business Administration,ND1,Male,17,Bayelsa,Patience,Eze,patience.eze@yabatech.edu.ng,729.390.1011,2024/2025,1st Semester,BAM 101,Intro to Business Admin,3,14,3,7,10,F,0.0
F/ND/23/80047,Business Administration,ND1,Male,17,Bayelsa,Patience,Eze,patience.eze@yabatech.edu.ng,729.390.1011,2024/2025,1st Semester,ECO 101,Intro to Economics,2,74,8,20,28,F,0.0
P/HN/23/24040,Business Administration,HND2,Male,18,Ogun,Mary,Olawale,mary.olawale@yabatech.edu.ng,(884)419-3624x2967,2024/2025,1st Semester,BAM 101,Intro to Business Admin,3,37,5,11,16,F,0.0
P/HN/23/24040,Business Administration,HND2,Male,18,Ogun,Mary,Olawale,mary.olawale@yabatech.edu.ng,(884)419-3624x2967,2024/2025,1st Semester,ECO 101,Intro to Economics,2,51,14,33,47,D,2.25
P/HN/23/24040,Business Administration,HND2,Male,18,Ogun,Mary,Olawale,mary.olawale@yabatech.edu.ng,(884)419-3624x2967,2024/2025,1st Semester,ACC 111,Intro to Accounting,3,41,10,23,33,F,0.0
F/HN/23/69005,Electrical Engineering,HND2,Female,16,Kogi,Mark,Balogun,mark.balogun@yabatech.edu.ng,001-245-406-8391x60153,2024/2025,1st Semester,EEC 115,Electrical Graphics,2,88,18,44,62,BC,3.0
F/HN/23/69005,Electrical Engineering,HND2,Female,16,Kogi,Mark,Balogun,mark.balogun@yabatech.edu.ng,001-245-406-8391x60153,2024/2025,1st Semester,MEC 112,Mechanical Workshop,2,96,19,46,65,B,3.25
F/HN/23/69005,Electrical Engineering,HND2,Female,16,Kogi,Mark,Balogun,mark.balogun@yabatech.edu.ng,001-245-406-8391x60153,2024/2025,1st Semester,GNS 101,Use of English,2,76,17,41,58,C,2.75
F/HN/23/69005,Electrical Engineering,HND2,Female,16,Kogi,Mark,Balogun,mark.balogun@yabatech.edu.ng,001-245-406-8391x60153,2024/2025,1st Semester,EEC 111,Electrical Science,3,88,20,47,67,B,3.25
F/HN/23/69005,Electrical Engineering,HND2,Female,16,Kogi,Mark,Balogun,mark.balogun@yabatech.edu.ng,001-245-406-8391x60153,2024/2025,1st Semester,MTH 111,Logic & Linear Algebra,2,80,20,47,67,B,3.25
F/HN/23/16561,Science Lab Tech,HND1,Female,18,Abia,Juliet,Chukwu,juliet.chukwu@yabatech.edu.ng,494-619-0712,2024/2025,1st Semester,GNS 101,Use of English,2,76,17,41,58,C,2.75
F/HN/23/16561,Science Lab Tech,HND1,Female,18,Abia,Juliet,Chukwu,juliet.chukwu@yabatech.edu.ng,494-619-0712,2024/2025,1st Semester,STC 112,General Chemistry,3,61,16,39,55,C,2.75
F/HN/23/16561,Science Lab Tech,HND1,Female,18,Abia,Juliet,Chukwu,juliet.chukwu@yabatech.edu.ng,494-619-0712,2024/2025,1st Semester,GLT 111,General Lab Techniques,4,69,14,34,48,D,2.25
F/HN/23/16561,Science Lab Tech,HND1,Female,18,Abia,Juliet,Chukwu,juliet.chukwu@yabatech.edu.ng,494-619-0712,2024/2025,1st Semester,MTH 111,Logic & Linear Algebra,2,45,13,31,44,E,2.0
F/HN/23/16561,Science Lab Tech,HND1,Female,18,Abia,Juliet,Chukwu,juliet.chukwu@yabatech.edu.ng,494-619-0712,2024/2025,1st Semester,STB 111,General Biology,3,52,14,34,48,D,2.25
P/HN/23/21120,Civil Engineering,HND1,Female,17,Oyo,Sarah,Abiola,sarah.abiola@yabatech.edu.ng,288-562-8923x591,2024/2025,1st Semester,CEC 101,Engineering Drawing,3,31,5,11,16,F,0.0
P/HN/23/21120,Civil Engineering,HND1,Female,17,Oyo,Sarah,Abiola,sarah.abiola@yabatech.edu.ng,288-562-8923x591,2024/2025,1st Semester,MEC 101,Workshop Technology,2,24,5,12,17,F,0.0
P/HN/23/21120,Civil Engineering,HND1,Female,17,Oyo,Sarah,Abiola,sarah.abiola@yabatech.edu.ng,288-562-8923x591,2024/2025,1st Semester,CEC 110,Fluid Mechanics,4,53,8,18,26,F,0.0
F/HN/23/87163,Civil Engineering,HND2,Female,16,Jigawa,Blessing,Eze,blessing.eze@yabatech.edu.ng,859-968-0981x008,2024/2025,1st Semester,CEC 110,Fluid Mechanics,4,61,12,29,41,E,2.0
F/HN/23/87163,Civil Engineering,HND2,Female,16,Jigawa,Blessing,Eze,blessing.eze@yabatech.edu.ng,859-968-0981x008,2024/2025,1st Semester,MEC 101,Workshop Technology,2,43,8,19,27,F,0.0
F/HN/23/87163,Civil Engineering,HND2,Female,16,Jigawa,Blessing,Eze,blessing.eze@yabatech.edu.ng,859-968-0981x008,2024/2025,1st Semester,CEC 101,Engineering Drawing,3,69,10,23,33,F,0.0
P/HN/23/50744,Science Lab Tech,HND1,Female,26,Kogi,Agnes,Obasanjo,agnes.obasanjo@yabatech.edu.ng,404-606-5986x99990,2024/2025,1st Semester,GNS 101,Use of English,2,48,9,22,31,F,0.0
P/HN/23/50744,Science Lab Tech,HND1,Female,26,Kogi,Agnes,Obasanjo,agnes.obasanjo@yabatech.edu.ng,404-606-5986x99990,2024/2025,1st Semester,STC 112,General Chemistry,3,61,14,32,46,D,2.25
P/HN/23/50744,Science Lab Tech,HND1,Female,26,Kogi,Agnes,Obasanjo,agnes.obasanjo@yabatech.edu.ng,404-606-5986x99990,2024/2025,1st Semester,STB 111,General Biology,3,20,8,20,28,F,0.0
P/HN/23/50744,Science Lab Tech,HND1,Female,26,Kogi,Agnes,Obasanjo,agnes.obasanjo@yabatech.edu.ng,404-606-5986x99990,2024/2025,1st Semester,MTH 111,Logic & Linear Algebra,2,44,6,14,20,F,0.0
P/HN/23/50744,Science Lab Tech,HND1,Female,26,Kogi,Agnes,Obasanjo,agnes.obasanjo@yabatech.edu.ng,404-606-5986x99990,2024/2025,1st Semester,GLT 111,General Lab Techniques,4,48,11,26,37,F,0.0
P/ND/23/5619,Electrical Engineering,ND2,Male,24,Ondo,Grace,Olawale,grace.olawale@yabatech.edu.ng,(732)363-0587,2024/2025,1st Semester,EEC 115,Electrical Graphics,2,42,14,32,46,D,2.25
P/ND/23/5619,Electrical Engineering,ND2,Male,24,Ondo,Grace,Olawale,grace.olawale@yabatech.edu.ng,(732)363-0587,2024/2025,1st Semester,MTH 111,Logic & Linear Algebra,2,46,11,25,36,F,0.0
P/ND/23/5619,Electrical Engineering,ND2,Male,24,Ondo,Grace,Olawale,grace.olawale@yabatech.edu.ng,(732)363-0587,2024/2025,1st Semester,EEC 111,Electrical Science,3,45,14,32,46,D,2.25
P/ND/23/5619,Electrical Engineering,ND2,Male,24,Ondo,Grace,Olawale,grace.olawale@yabatech.edu.ng,(732)363-0587,2024/2025,1st Semester,MEC 112,Mechanical Workshop,2,50,13,31,44,E,2.0
P/ND/23/5619,Electrical Engineering,ND2,Male,24,Ondo,Grace,Olawale,grace.olawale@yabatech.edu.ng,(732)363-0587,2024/2025,1st Semester,GNS 101,Use of English,2,55,15,37,52,CD,2.5
F/HN/23/45172,Electrical Engineering,HND1,Male,20,Kano,Faith,Nnamani,faith.nnamani@yabatech.edu.ng,828-559-1975x846,2024/2025,1st Semester,GNS 101,Use of English,2,100,22,52,74,AB,3.5
F/HN/23/45172,Electrical Engineering,HND1,Male,20,Kano,Faith,Nnamani,faith.nnamani@yabatech.edu.ng,828-559-1975x846,2024/2025,1st Semester,MEC 112,Mechanical Workshop,2,47,13,31,44,E,2.0
F/HN/23/45172,Electrical Engineering,HND1,Male,20,Kano,Faith,Nnamani,faith.nnamani@yabatech.edu.ng,828-559-1975x846,2024/2025,1st Semester,EEC 111,Electrical Science,3,86,17,40,57,C,2.75
F/HN/23/45172,Electrical Engineering,HND1,Male,20,Kano,Faith,Nnamani,faith.nnamani@yabatech.edu.ng,828-559-1975x846,2024/2025,1st Semester,EEC 115,Electrical Graphics,2,95,19,44,63,BC,3.0
F/HN/23/45172,Electrical Engineering,HND1,Male,20,Kano,Faith,Nnamani,faith.nnamani@yabatech.edu.ng,828-559-1975x846,2024/2025,1st Semester,MTH 111,Logic & Linear Algebra,2,83,20,47,67,B,3.25
P/ND/23/18737,Computer Science,ND2,Male,30,Rivers,Angela,Ogunleye,angela.ogunleye@yabatech.edu.ng,001-849-571-1214,2024/2025,1st Semester,GNS 101,Use of English,2,69,16,38,54,CD,2.5
P/ND/23/18737,Computer Science,ND2,Male,30,Rivers,Angela,Ogunleye,angela.ogunleye@yabatech.edu.ng,001-849-571-1214,2024/2025,1st Semester,STA 111,Intro to Statistics,2,43,6,14,20,F,0.0
P/ND/23/18737,Computer Science,ND2,Male,30,Rivers,Angela,Ogunleye,angela.ogunleye@yabatech.edu.ng,001-849-571-1214,2024/2025,1st Semester,COM 101,Intro to Computing,4,42,7,18,25,F,0.0
P/ND/23/18737,Computer Science,ND2,Male,30,Rivers,Angela,Ogunleye,angela.ogunleye@yabatech.edu.ng,001-849-571-1214,2024/2025,1st Semester,COM 113,Intro to Programming,4,51,11,26,37,F,0.0
P/ND/23/18737,Computer Science,ND2,Male,30,Rivers,Angela,Ogunleye,angela.ogunleye@yabatech.edu.ng,001-849-571-1214,2024/2025,1st Semester,MTH 111,Logic & Linear Algebra,2,39,9,22,31,F,0.0
F/HN/23/34056,Electrical Engineering,HND1,Male,30,Rivers,Grace,Oshodi,grace.oshodi@yabatech.edu.ng,480-909-0448x149,2024/2025,1st Semester,GNS 101,Use of English,2,50,6,15,21,F,0.0
F/HN/23/34056,Electrical Engineering,HND1,Male,30,Rivers,Grace,Oshodi,grace.oshodi@yabatech.edu.ng,480-909-0448x149,2024/2025,1st Semester,MTH 111,Logic & Linear Algebra,2,38,2,6,8,F,0.0
F/HN/23/34056,Electrical Engineering,HND1,Male,30,Rivers,Grace,Oshodi,grace.oshodi@yabatech.edu.ng,480-909-0448x149,2024/2025,1st Semester,MEC 112,Mechanical Workshop,2,59,10,24,34,F,0.0
F/HN/23/34056,Electrical Engineering,HND1,Male,30,Rivers,Grace,Oshodi,grace.oshodi@yabatech.edu.ng,480-909-0448x149,2024/2025,1st Semester,EEC 115,Electrical Graphics,2,42,1,4,5,F,0.0
F/HN/23/34056,Electrical Engineering,HND1,Male,30,Rivers,Grace,Oshodi,grace.oshodi@yabatech.edu.ng,480-909-0448x149,2024/2025,1st Semester,EEC 111,Electrical Science,3,47,5,12,17,F,0.0
F/HN/23/89062,Science Lab Tech,HND1,Female,19,Gombe,Patience,Akinwale,patience.akinwale@yabatech.edu.ng,001-607-314-8320,2024/2025,1st Semester,STC 112,General Chemistry,3,57,8,19,27,F,0.0
F/HN/23/89062,Science Lab Tech,HND1,Female,19,Gombe,Patience,Akinwale,patience.akinwale@yabatech.edu.ng,001-607-314-8320,2024/2025,1st Semester,GNS 101,Use of English,2,41,5,12,17,F,0.0
F/HN/23/89062,Science Lab Tech,HND1,Female,19,Gombe,Patience,Akinwale,patience.akinwale@yabatech.edu.ng,001-607-314-8320,2024/2025,1st Semester,MTH 111,Logic & Linear Algebra,2,56,8,19,27,F,0.0
F/HN/23/89062,Science Lab Tech,HND1,Female,19,Gombe,Patience,Akinwale,patience.akinwale@yabatech.edu.ng,001-607-314-8320,2024/2025,1st Semester,STB 111,General Biology,3,56,10,25,35,F,0.0
F/HN/23/89062,Science Lab Tech,HND1,Female,19,Gombe,Patience,Akinwale,patience.akinwale@yabatech.edu.ng,001-607-314-8320,2024/2025,1st Semester,GLT 111,General Lab Techniques,4,37,5,13,18,F,0.0
F/HN/23/67049,Science Lab Tech,HND2,Female,26,Kano,Charity,Okafor,charity.okafor@yabatech.edu.ng,584-544-7542,2024/2025,1st Semester,GNS 101,Use of English,2,67,10,25,35,F,0.0
F/HN/23/67049,Science Lab Tech,HND2,Female,26,Kano,Charity,Okafor,charity.okafor@yabatech.edu.ng,584-544-7542,2024/2025,1st Semester,MTH 111,Logic & Linear Algebra,2,52,13,31,44,E,2.0
F/HN/23/67049,Science Lab Tech,HND2,Female,26,Kano,Charity,Okafor,charity.okafor@yabatech.edu.ng,584-544-7542,2024/2025,1st Semester,STB 111,General Biology,3,37,4,10,14,F,0.0
F/HN/23/67049,Science Lab Tech,HND2,Female,26,Kano,Charity,Okafor,charity.okafor@yabatech.edu.ng,584-544-7542,2024/2025,1st Semester,STC 112,General Chemistry,3,60,12,29,41,E,2.0
F/HN/23/67049,Science Lab Tech,HND2,Female,26,Kano,Charity,Okafor,charity.okafor@yabatech.edu.ng,584-544-7542,2024/2025,1st Semester,GLT 111,General Lab Techniques,4,41,9,21,30,F,0.0
P/HN/23/76959,Computer Science,HND1,Female,20,Kaduna,Joy,Nnamani,joy.nnamani@yabatech.edu.ng,825.400.6300x1305,2024/2025,1st Semester,GNS 101,Use of English,2,67,11,26,37,F,0.0
P/HN/23/76959,Computer Science,HND1,Female,20,Kaduna,Joy,Nnamani,joy.nnamani@yabatech.edu.ng,825.400.6300x1305,2024/2025,1st Semester,COM 113,Intro to Programming,4,66,10,24,34,F,0.0
P/HN/23/76959,Computer Science,HND1,Female,20,Kaduna,Joy,Nnamani,joy.nnamani@yabatech.edu.ng,825.400.6300x1305,2024/2025,1st Semester,COM 112,Digital Electronics,3,72,16,37,53,CD,2.5
P/HN/23/76959,Computer Science,HND1,Female,20,Kaduna,Joy,Nnamani,joy.nnamani@yabatech.edu.ng,825.400.6300x1305,2024/2025,1st Semester,MTH 111,Logic & Linear Algebra,2,46,11,26,37,F,0.0
P/HN/23/76959,Computer Science,HND1,Female,20,Kaduna,Joy,Nnamani,joy.nnamani@yabatech.edu.ng,825.400.6300x1305,2024/2025,1st Semester,COM 101,Intro to Computing,4,78,12,29,41,E,2.0
F/HN/23/7538,Mass Communication,HND2,Female,16,Kebbi,Grace,Obi,grace.obi@yabatech.edu.ng,488.780.0284x6643,2024/2025,1st Semester,GNS 127,Citizenship Education,2,83,24,56,80,A,4.0
F/HN/23/7538,Mass Communication,HND2,Female,16,Kebbi,Grace,Obi,grace.obi@yabatech.edu.ng,488.780.0284x6643,2024/2025,1st Semester,MAC 101,Intro to Mass Comm,3,82,27,64,91,A,4.0
F/HN/23/7538,Mass Communication,HND2,Female,16,Kebbi,Grace,Obi,grace.obi@yabatech.edu.ng,488.780.0284x6643,2024/2025,1st Semester,MAC 115,News Writing,3,94,29,67,96,A,4.0
F/HN/23/7538,Mass Communication,HND2,Female,16,Kebbi,Grace,Obi,grace.obi@yabatech.edu.ng,488.780.0284x6643,2024/2025,1st Semester,GNS 101,Use of English,2,92,29,67,96,A,4.0
F/HN/23/7538,Mass Communication,HND2,Female,16,Kebbi,Grace,Obi,grace.obi@yabatech.edu.ng,488.780.0284x6643,2024/2025,1st Semester,MAC 107,Intro to Broadcasting,3,84,27,63,90,A,4.0
F/HN/23/17994,Computer Science,HND1,Female,28,Ogun,Juliet,Okonkwo,juliet.okonkwo@yabatech.edu.ng,403-341-0798x415,2024/2025,1st Semester,MTH 111,Logic & Linear Algebra,2,72,17,40,57,C,2.75
F/HN/23/17994,Computer Science,HND1,Female,28,Ogun,Juliet,Okonkwo,juliet.okonkwo@yabatech.edu.ng,403-341-0798x415,2024/2025,1st Semester,COM 101,Intro to Computing,4,22,11,26,37,F,0.0
F/HN/23/17994,Computer Science,HND1,Female,28,Ogun,Juliet,Okonkwo,juliet.okonkwo@yabatech.edu.ng,403-341-0798x415,2024/2025,1st Semester,GNS 101,Use of English,2,45,11,27,38,F,0.0
F/HN/23/17994,Computer Science,HND1,Female,28,Ogun,Juliet,Okonkwo,juliet.okonkwo@yabatech.edu.ng,403-341-0798x415,2024/2025,1st Semester,COM 112,Digital Electronics,3,24,11,27,38,F,0.0
F/HN/23/17994,Computer Science,HND1,Female,28,Ogun,Juliet,Okonkwo,juliet.okonkwo@yabatech.edu.ng,403-341-0798x415,2024/2025,1st Semester,COM 113,Intro to Programming,4,49,11,26,37,F,0.0
F/HN/23/17994,Computer Science,HND1,Female,28,Ogun,Juliet,Okonkwo,juliet.okonkwo@yabatech.edu.ng,403-341-0798x415,2024/2025,1st Semester,STA 111,Intro to Statistics,2,15,9,22,31,F,0.0
P/ND/23/46944,Mass Communication,ND1,Male,21,Sokoto,Agnes,Obi,agnes.obi@yabatech.edu.ng,404-276-9044x50273,2024/2025,1st Semester,GNS 101,Use of English,2,63,9,22,31,F,0.0
P/ND/23/46944,Mass Communication,ND1,Male,21,Sokoto,Agnes,Obi,agnes.obi@yabatech.edu.ng,404-276-9044x50273,2024/2025,1st Semester,MAC 107,Intro to Broadcasting,3,63,9,21,30,F,0.0
P/ND/23/46944,Mass Communication,ND1,Male,21,Sokoto,Agnes,Obi,agnes.obi@yabatech.edu.ng,404-276-9044x50273,2024/2025,1st Semester,GNS 127,Citizenship Education,2,59,6,15,21,F,0.0
P/ND/23/46944,Mass Communication,ND1,Male,21,Sokoto,Agnes,Obi,agnes.obi@yabatech.edu.ng,404-276-9044x50273,2024/2025,1st Semester,MAC 115,News Writing,3,36,8,18,26,F,0.0
P/ND/23/46944,Mass Communication,ND1,Male,21,Sokoto,Agnes,Obi,agnes.obi@yabatech.edu.ng,404-276-9044x50273,2024/2025,1st Semester,MAC 101,Intro to Mass Comm,3,11,5,12,17,F,0.0
F/ND/23/40980,Business Administration,ND2,Female,25,Kaduna,Benjamin,Oyekan,benjamin.oyekan@yabatech.edu.ng,+1-628-721-0593x8765,2024/2025,1st Semester,BAM 101,Intro to Business Admin,3,58,14,33,47,D,2.25
F/ND/23/40980,Business Administration,ND2,Female,25,Kaduna,Benjamin,Oyekan,benjamin.oyekan@yabatech.edu.ng,+1-628-721-0593x8765,2024/2025,1st Semester,ACC 111,Intro to Accounting,3,51,16,38,54,CD,2.5
F/ND/23/40980,Business Administration,ND2,Female,25,Kaduna,Benjamin,Oyekan,benjamin.oyekan@yabatech.edu.ng,+1-628-721-0593x8765,2024/2025,1st Semester,ECO 101,Intro to Economics,2,38,9,21,30,F,0.0
F/ND/23/95178,Civil Engineering,ND2,Male,19,Anambra,Cornelius,Chukwu,cornelius.chukwu@yabatech.edu.ng,+1-266-876-0494x0719,2024/2025,1st Semester,MEC 101,Workshop Technology,2,100,20,46,66,B,3.25
F/ND/23/95178,Civil Engineering,ND2,Male,19,Anambra,Cornelius,Chukwu,cornelius.chukwu@yabatech.edu.ng,+1-266-876-0494x0719,2024/2025,1st Semester,CEC 110,Fluid Mechanics,4,86,22,51,73,AB,3.5
F/ND/23/95178,Civil Engineering,ND2,Male,19,Anambra,Cornelius,Chukwu,cornelius.chukwu@yabatech.edu.ng,+1-266-876-0494x0719,2024/2025,1st Semester,CEC 101,Engineering Drawing,3,82,23,53,76,A,4.0
P/ND/23/60990,Business Administration,ND1,Male,17,Kano,Gabriel,Eze,gabriel.eze@yabatech.edu.ng,206.897.5865x46923,2024/2025,1st Semester,ECO 101,Intro to Economics,2,79,18,43,61,BC,3.0
P/ND/23/60990,Business Administration,ND1,Male,17,Kano,Gabriel,Eze,gabriel.eze@yabatech.edu.ng,206.897.5865x46923,2024/2025,1st Semester,BAM 101,Intro to Business Admin,3,73,20,47,67,B,3.25
P/ND/23/60990,Business Administration,ND1,Male,17,Kano,Gabriel,Eze,gabriel.eze@yabatech.edu.ng,206.897.5865x46923,2024/2025,1st Semester,ACC 111,Intro to Accounting,3,92,17,40,57,C,2.75
F/HN/23/5438,Civil Engineering,HND2,Female,16,Nasarawa,Samuel,Adetokunbo,samuel.adetokunbo@yabatech.edu.ng,001-919-925-2001x403,2024/2025,1st Semester,CEC 110,Fluid Mechanics,4,40,21,50,71,AB,3.5
F/HN/23/5438,Civil Engineering,HND2,Female,16,Nasarawa,Samuel,Adetokunbo,samuel.adetokunbo@yabatech.edu.ng,001-919-925-2001x403,2024/2025,1st Semester,MEC 101,Workshop Technology,2,87,20,47,67,B,3.25
F/HN/23/5438,Civil Engineering,HND2,Female,16,Nasarawa,Samuel,Adetokunbo,samuel.adetokunbo@yabatech.edu.ng,001-919-925-2001x403,2024/2025,1st Semester,CEC 101,Engineering Drawing,3,71,19,46,65,B,3.25
F/ND/23/82901,Business Administration,ND1,Male,28,Nasarawa,Charity,Ekwueme,charity.ekwueme@yabatech.edu.ng,890.879.5906,2024/2025,1st Semester,BAM 101,Intro to Business Admin,3,89,17,41,58,C,2.75
F/ND/23/82901,Business Administration,ND1,Male,28,Nasarawa,Charity,Ekwueme,charity.ekwueme@yabatech.edu.ng,890.879.5906,2024/2025,1st Semester,ACC 111,Intro to Accounting,3,41,14,32,46,D,2.25
F/ND/23/82901,Business Administration,ND1,Male,28,Nasarawa,Charity,Ekwueme,charity.ekwueme@yabatech.edu.ng,890.879.5906,2024/2025,1st Semester,ECO 101,Intro to Economics,2,100,18,43,61,BC,3.0
F/HN/23/99270,Business Administration,HND2,Male,25,Bayelsa,Ruth,Akinwale,ruth.akinwale@yabatech.edu.ng,(512)935-0285,2024/2025,1st Semester,ACC 111,Intro to Accounting,3,86,21,51,72,AB,3.5
F/HN/23/99270,Business Administration,HND2,Male,25,Bayelsa,Ruth,Akinwale,ruth.akinwale@yabatech.edu.ng,(512)935-0285,2024/2025,1st Semester,ECO 101,Intro to Economics,2,69,22,53,75,A,4.0
F/HN/23/99270,Business Administration,HND2,Male,25,Bayelsa,Ruth,Akinwale,ruth.akinwale@yabatech.edu.ng,(512)935-0285,2024/2025,1st Semester,BAM 101,Intro to Business Admin,3,81,23,54,77,A,4.0
F/HN/23/47917,Science Lab Tech,HND2,Female,27,Imo,Mark,Oshodi,mark.oshodi@yabatech.edu.ng,001-214-421-9463x93544,2024/2025,1st Semester,MTH 111,Logic & Linear Algebra,2,100,21,49,70,AB,3.5
F/HN/23/47917,Science Lab Tech,HND2,Female,27,Imo,Mark,Oshodi,mark.oshodi@yabatech.edu.ng,001-214-421-9463x93544,2024/2025,1st Semester,STB 111,General Biology,3,69,19,44,63,BC,3.0
F/HN/23/47917,Science Lab Tech,HND2,Female,27,Imo,Mark,Oshodi,mark.oshodi@yabatech.edu.ng,001-214-421-9463x93544,2024/2025,1st Semester,STC 112,General Chemistry,3,81,17,40,57,C,2.75
F/HN/23/47917,Science Lab Tech,HND2,Female,27,Imo,Mark,Oshodi,mark.oshodi@yabatech.edu.ng,001-214-421-9463x93544,2024/2025,1st Semester,GNS 101,Use of English,2,54,16,38,54,CD,2.5
F/HN/23/47917,Science Lab Tech,HND2,Female,27,Imo,Mark,Oshodi,mark.oshodi@yabatech.edu.ng,001-214-421-9463x93544,2024/2025,1st Semester,GLT 111,General Lab Techniques,4,68,20,47,67,B,3.25
P/HN/23/56033,Science Lab Tech,HND2,Male,28,Kogi,Mark,Olawale,mark.olawale@yabatech.edu.ng,349.326.3847x64982,2024/2025,1st Semester,STB 111,General Biology,3,32,9,22,31,F,0.0
P/HN/23/56033,Science Lab Tech,HND2,Male,28,Kogi,Mark,Olawale,mark.olawale@yabatech.edu.ng,349.326.3847x64982,2024/2025,1st Semester,GNS 101,Use of English,2,30,9,22,31,F,0.0
P/HN/23/56033,Science Lab Tech,HND2,Male,28,Kogi,Mark,Olawale,mark.olawale@yabatech.edu.ng,349.326.3847x64982,2024/2025,1st Semester,STC 112,General Chemistry,3,58,18,42,60,BC,3.0
P/HN/23/56033,Science Lab Tech,HND2,Male,28,Kogi,Mark,Olawale,mark.olawale@yabatech.edu.ng,349.326.3847x64982,2024/2025,1st Semester,GLT 111,General Lab Techniques,4,58,17,41,58,C,2.75
P/HN/23/56033,Science Lab Tech,HND2,Male,28,Kogi,Mark,Olawale,mark.olawale@yabatech.edu.ng,349.326.3847x64982,2024/2025,1st Semester,MTH 111,Logic & Linear Algebra,2,49,8,20,28,F,0.0
F/ND/23/90324,Computer Science,ND2,Male,24,Ekiti,Blessing,Oyekan,blessing.oyekan@yabatech.edu.ng,350.740.1852x14349,2024/2025,1st Semester,COM 112,Digital Electronics,3,72,26,61,87,A,4.0
F/ND/23/90324,Computer Science,ND2,Male,24,Ekiti,Blessing,Oyekan,blessing.oyekan@yabatech.edu.ng,350.740.1852x14349,2024/2025,1st Semester,COM 113,Intro to Programming,4,65,28,66,94,A,4.0
F/ND/23/90324,Computer Science,ND2,Male,24,Ekiti,Blessing,Oyekan,blessing.oyekan@yabatech.edu.ng,350.740.1852x14349,2024/2025,1st Semester,MTH 111,Logic & Linear Algebra,2,100,30,70,100,A,4.0
F/ND/23/90324,Computer Science,ND2,Male,24,Ekiti,Blessing,Oyekan,blessing.oyekan@yabatech.edu.ng,350.740.1852x14349,2024/2025,1st Semester,STA 111,Intro to Statistics,2,74,25,59,84,A,4.0
F/ND/23/90324,Computer Science,ND2,Male,24,Ekiti,Blessing,Oyekan,blessing.oyekan@yabatech.edu.ng,350.740.1852x14349,2024/2025,1st Semester,COM 101,Intro to Computing,4,75,25,60,85,A,4.0
F/ND/23/90324,Computer Science,ND2,Male,24,Ekiti,Blessing,Oyekan,blessing.oyekan@yabatech.edu.ng,350.740.1852x14349,2024/2025,1st Semester,GNS 101,Use of English,2,79,29,68,97,A,4.0
P/HN/23/26746,Electrical Engineering,HND2,Female,28,Bayelsa,Peace,Okafor,peace.okafor@yabatech.edu.ng,001-714-730-9315x3089,2024/2025,1st Semester,GNS 101,Use of English,2,65,26,62,88,A,4.0
P/HN/23/26746,Electrical Engineering,HND2,Female,28,Bayelsa,Peace,Okafor,peace.okafor@yabatech.edu.ng,001-714-730-9315x3089,2024/2025,1st Semester,EEC 115,Electrical Graphics,2,67,22,51,73,AB,3.5
P/HN/23/26746,Electrical Engineering,HND2,Female,28,Bayelsa,Peace,Okafor,peace.okafor@yabatech.edu.ng,001-714-730-9315x3089,2024/2025,1st Semester,MTH 111,Logic & Linear Algebra,2,83,25,59,84,A,4.0
P/HN/23/26746,Electrical Engineering,HND2,Female,28,Bayelsa,Peace,Okafor,peace.okafor@yabatech.edu.ng,001-714-730-9315x3089,2024/2025,1st Semester,MEC 112,Mechanical Workshop,2,77,21,50,71,AB,3.5
P/HN/23/26746,Electrical Engineering,HND2,Female,28,Bayelsa,Peace,Okafor,peace.okafor@yabatech.edu.ng,001-714-730-9315x3089,2024/2025,1st Semester,EEC 111,Electrical Science,3,68,22,53,75,A,4.0
F/HN/23/92608,Mass Communication,HND2,Female,25,Ekiti,Grace,Ekwueme,grace.ekwueme@yabatech.edu.ng,485-962-5437,2024/2025,1st Semester,GNS 101,Use of English,2,84,26,62,88,A,4.0
F/HN/23/92608,Mass Communication,HND2,Female,25,Ekiti,Grace,Ekwueme,grace.ekwueme@yabatech.edu.ng,485-962-5437,2024/2025,1st Semester,MAC 107,Intro to Broadcasting,3,78,28,67,95,A,4.0
F/HN/23/92608,Mass Communication,HND2,Female,25,Ekiti,Grace,Ekwueme,grace.ekwueme@yabatech.edu.ng,485-962-5437,2024/2025,1st Semester,MAC 115,News Writing,3,60,30,70,100,A,4.0
F/HN/23/92608,Mass Communication,HND2,Female,25,Ekiti,Grace,Ekwueme,grace.ekwueme@yabatech.edu.ng,485-962-5437,2024/2025,1st Semester,GNS 127,Citizenship Education,2,77,27,64,91,A,4.0
F/HN/23/92608,Mass Communication,HND2,Female,25,Ekiti,Grace,Ekwueme,grace.ekwueme@yabatech.edu.ng,485-962-5437,2024/2025,1st Semester,MAC 101,Intro to Mass Comm,3,89,25,60,85,A,4.0
P/HN/23/26770,Mass Communication,HND1,Female,19,Cross River,Comfort,Akinwale,comfort.akinwale@yabatech.edu.ng,+1-297-242-4371x65536,2024/2025,1st Semester,MAC 107,Intro to Broadcasting,3,57,12,30,42,E,2.0
P/HN/23/26770,Mass Communication,HND1,Female,19,Cross River,Comfort,Akinwale,comfort.akinwale@yabatech.edu.ng,+1-297-242-4371x65536,2024/2025,1st Semester,MAC 101,Intro to Mass Comm,3,57,13,31,44,E,2.0
P/HN/23/26770,Mass Communication,HND1,Female,19,Cross River,Comfort,Akinwale,comfort.akinwale@yabatech.edu.ng,+1-297-242-4371x65536,2024/2025,1st Semester,GNS 127,Citizenship Education,2,77,12,28,40,E,2.0
P/HN/23/26770,Mass Communication,HND1,Female,19,Cross River,Comfort,Akinwale,comfort.akinwale@yabatech.edu.ng,+1-297-242-4371x65536,2024/2025,1st Semester,MAC 115,News Writing,3,46,11,27,38,F,0.0
P/HN/23/26770,Mass Communication,HND1,Female,19,Cross River,Comfort,Akinwale,comfort.akinwale@yabatech.edu.ng,+1-297-242-4371x65536,2024/2025,1st Semester,GNS 101,Use of English,2,47,10,25,35,F,0.0
F/ND/23/23513,Electrical Engineering,ND1,Female,20,Yobe,Comfort,Ogunleye,comfort.ogunleye@yabatech.edu.ng,311-965-6173x4238,2024/2025,1st Semester,MTH 111,Logic & Linear Algebra,2,93,21,51,72,AB,3.5
F/ND/23/23513,Electrical Engineering,ND1,Female,20,Yobe,Comfort,Ogunleye,comfort.ogunleye@yabatech.edu.ng,311-965-6173x4238,2024/2025,1st Semester,MEC 112,Mechanical Workshop,2,68,22,52,74,AB,3.5
F/ND/23/23513,Electrical Engineering,ND1,Female,20,Yobe,Comfort,Ogunleye,comfort.ogunleye@yabatech.edu.ng,311-965-6173x4238,2024/2025,1st Semester,EEC 115,Electrical Graphics,2,100,22,51,73,AB,3.5
F/ND/23/23513,Electrical Engineering,ND1,Female,20,Yobe,Comfort,Ogunleye,comfort.ogunleye@yabatech.edu.ng,311-965-6173x4238,2024/2025,1st Semester,GNS 101,Use of English,2,78,24,57,81,A,4.0
F/ND/23/23513,Electrical Engineering,ND1,Female,20,Yobe,Comfort,Ogunleye,comfort.ogunleye@yabatech.edu.ng,311-965-6173x4238,2024/2025,1st Semester,EEC 111,Electrical Science,3,88,23,54,77,A,4.0
F/ND/23/62866,Civil Engineering,ND1,Female,24,Niger,Paul,Adetokunbo,paul.adetokunbo@yabatech.edu.ng,824-440-3598,2024/2025,1st Semester,MEC 101,Workshop Technology,2,26,12,28,40,E,2.0
F/ND/23/62866,Civil Engineering,ND1,Female,24,Niger,Paul,Adetokunbo,paul.adetokunbo@yabatech.edu.ng,824-440-3598,2024/2025,1st Semester,CEC 110,Fluid Mechanics,4,74,14,34,48,D,2.25
F/ND/23/62866,Civil Engineering,ND1,Female,24,Niger,Paul,Adetokunbo,paul.adetokunbo@yabatech.edu.ng,824-440-3598,2024/2025,1st Semester,CEC 101,Engineering Drawing,3,39,8,19,27,F,0.0
F/ND/23/24109,Civil Engineering,ND1,Male,18,Plateau,Mark,Adetokunbo,mark.adetokunbo@yabatech.edu.ng,+1-874-935-7470x591,2024/2025,1st Semester,MEC 101,Workshop Technology,2,63,25,60,85,A,4.0
F/ND/23/24109,Civil Engineering,ND1,Male,18,Plateau,Mark,Adetokunbo,mark.adetokunbo@yabatech.edu.ng,+1-874-935-7470x591,2024/2025,1st Semester,CEC 101,Engineering Drawing,3,83,28,67,95,A,4.0
F/ND/23/24109,Civil Engineering,ND1,Male,18,Plateau,Mark,Adetokunbo,mark.adetokunbo@yabatech.edu.ng,+1-874-935-7470x591,2024/2025,1st Semester,CEC 110,Fluid Mechanics,4,77,24,58,82,A,4.0
P/ND/23/95751,Business Administration,ND2,Male,17,Ebonyi,Blessing,Abiola,blessing.abiola@yabatech.edu.ng,344-243-4590x5733,2024/2025,1st Semester,ECO 101,Intro to Economics,2,89,21,50,71,AB,3.5
P/ND/23/95751,Business Administration,ND2,Male,17,Ebonyi,Blessing,Abiola,blessing.abiola@yabatech.edu.ng,344-243-4590x5733,2024/2025,1st Semester,BAM 101,Intro to Business Admin,3,72,23,55,78,A,4.0
P/ND/23/95751,Business Administration,ND2,Male,17,Ebonyi,Blessing,Abiola,blessing.abiola@yabatech.edu.ng,344-243-4590x5733,2024/2025,1st Semester,ACC 111,Intro to Accounting,3,60,23,53,76,A,4.0
F/HN/23/76454,Science Lab Tech,HND1,Female,30,Kwara,Mark,Adetokunbo,mark.adetokunbo@yabatech.edu.ng,499-949-8020x6252,2024/2025,1st Semester,GNS 101,Use of English,2,67,25,60,85,A,4.0
F/HN/23/76454,Science Lab Tech,HND1,Female,30,Kwara,Mark,Adetokunbo,mark.adetokunbo@yabatech.edu.ng,499-949-8020x6252,2024/2025,1st Semester,GLT 111,General Lab Techniques,4,76,24,57,81,A,4.0
F/HN/23/76454,Science Lab Tech,HND1,Female,30,Kwara,Mark,Adetokunbo,mark.adetokunbo@yabatech.edu.ng,499-949-8020x6252,2024/2025,1st Semester,MTH 111,Logic & Linear Algebra,2,100,26,61,87,A,4.0
F/HN/23/76454,Science Lab Tech,HND1,Female,30,Kwara,Mark,Adetokunbo,mark.adetokunbo@yabatech.edu.ng,499-949-8020x6252,2024/2025,1st Semester,STC 112,General Chemistry,3,72,27,64,91,A,4.0
F/HN/23/76454,Science Lab Tech,HND1,Female,30,Kwara,Mark,Adetokunbo,mark.adetokunbo@yabatech.edu.ng,499-949-8020x6252,2024/2025,1st Semester,STB 111,General Biology,3,93,27,64,91,A,4.0
P/ND/23/52392,Computer Science,ND2,Female,26,Anambra,Andrew,Adetokunbo,andrew.adetokunbo@yabatech.edu.ng,001-286-560-1237x9293,2024/2025,1st Semester,STA 111,Intro to Statistics,2,47,9,21,30,F,0.0
P/ND/23/52392,Computer Science,ND2,Female,26,Anambra,Andrew,Adetokunbo,andrew.adetokunbo@yabatech.edu.ng,001-286-560-1237x9293,2024/2025,1st Semester,COM 113,Intro to Programming,4,48,14,33,47,D,2.25
P/ND/23/52392,Computer Science,ND2,Female,26,Anambra,Andrew,Adetokunbo,andrew.adetokunbo@yabatech.edu.ng,001-286-560-1237x9293,2024/2025,1st Semester,MTH 111,Logic & Linear Algebra,2,60,18,42,60,BC,3.0
P/ND/23/52392,Computer Science,ND2,Female,26,Anambra,Andrew,Adetokunbo,andrew.adetokunbo@yabatech.edu.ng,001-286-560-1237x9293,2024/2025,1st Semester,GNS 101,Use of English,2,51,16,38,54,CD,2.5
P/ND/23/52392,Computer Science,ND2,Female,26,Anambra,Andrew,Adetokunbo,andrew.adetokunbo@yabatech.edu.ng,001-286-560-1237x9293,2024/2025,1st Semester,COM 112,Digital Electronics,3,38,12,28,40,E,2.0
P/ND/23/52392,Computer Science,ND2,Female,26,Anambra,Andrew,Adetokunbo,andrew.adetokunbo@yabatech.edu.ng,001-286-560-1237x9293,2024/2025,1st Semester,COM 101,Intro to Computing,4,55,15,36,51,CD,2.5
F/HN/23/79949,Computer Science,HND1,Female,21,Oyo,Blessing,Balogun,blessing.balogun@yabatech.edu.ng,+1-225-757-4343x7935,2024/2025,1st Semester,COM 113,Intro to Programming,4,35,12,29,41,E,2.0
F/HN/23/79949,Computer Science,HND1,Female,21,Oyo,Blessing,Balogun,blessing.balogun@yabatech.edu.ng,+1-225-757-4343x7935,2024/2025,1st Semester,GNS 101,Use of English,2,40,9,22,31,F,0.0
F/HN/23/79949,Computer Science,HND1,Female,21,Oyo,Blessing,Balogun,blessing.balogun@yabatech.edu.ng,+1-225-757-4343x7935,2024/2025,1st Semester,STA 111,Intro to Statistics,2,67,16,37,53,CD,2.5
F/HN/23/79949,Computer Science,HND1,Female,21,Oyo,Blessing,Balogun,blessing.balogun@yabatech.edu.ng,+1-225-757-4343x7935,2024/2025,1st Semester,COM 112,Digital Electronics,3,69,15,36,51,CD,2.5
F/HN/23/79949,Computer Science,HND1,Female,21,Oyo,Blessing,Balogun,blessing.balogun@yabatech.edu.ng,+1-225-757-4343x7935,2024/2025,1st Semester,COM 101,Intro to Computing,4,62,17,41,58,C,2.75
F/HN/23/79949,Computer Science,HND1,Female,21,Oyo,Blessing,Balogun,blessing.balogun@yabatech.edu.ng,+1-225-757-4343x7935,2024/2025,1st Semester,MTH 111,Logic & Linear Algebra,2,54,14,33,47,D,2.25
P/ND/23/13523,Mass Communication,ND2,Male,29,Gombe,Andrew,Balogun,andrew.balogun@yabatech.edu.ng,679-502-5698x511,2024/2025,1st Semester,GNS 101,Use of English,2,51,12,28,40,E,2.0
P/ND/23/13523,Mass Communication,ND2,Male,29,Gombe,Andrew,Balogun,andrew.balogun@yabatech.edu.ng,679-502-5698x511,2024/2025,1st Semester,MAC 107,Intro to Broadcasting,3,52,16,39,55,C,2.75
P/ND/23/13523,Mass Communication,ND2,Male,29,Gombe,Andrew,Balogun,andrew.balogun@yabatech.edu.ng,679-502-5698x511,2024/2025,1st Semester,MAC 115,News Writing,3,50,12,30,42,E,2.0
P/ND/23/13523,Mass Communication,ND2,Male,29,Gombe,Andrew,Balogun,andrew.balogun@yabatech.edu.ng,679-502-5698x511,2024/2025,1st Semester,MAC 101,Intro to Mass Comm,3,23,8,20,28,F,0.0
P/ND/23/13523,Mass Communication,ND2,Male,29,Gombe,Andrew,Balogun,andrew.balogun@yabatech.edu.ng,679-502-5698x511,2024/2025,1st Semester,GNS 127,Citizenship Education,2,49,10,24,34,F,0.0
F/ND/23/44408,Computer Science,ND2,Male,20,Anambra,Nathaniel,Oshodi,nathaniel.oshodi@yabatech.edu.ng,+1-348-443-1794,2024/2025,1st Semester,STA 111,Intro to Statistics,2,95,26,62,88,A,4.0
F/ND/23/44408,Computer Science,ND2,Male,20,Anambra,Nathaniel,Oshodi,nathaniel.oshodi@yabatech.edu.ng,+1-348-443-1794,2024/2025,1st Semester,MTH 111,Logic & Linear Algebra,2,88,23,53,76,A,4.0
F/ND/23/44408,Computer Science,ND2,Male,20,Anambra,Nathaniel,Oshodi,nathaniel.oshodi@yabatech.edu.ng,+1-348-443-1794,2024/2025,1st Semester,COM 113,Intro to Programming,4,100,28,67,95,A,4.0
F/ND/23/44408,Computer Science,ND2,Male,20,Anambra,Nathaniel,Oshodi,nathaniel.oshodi@yabatech.edu.ng,+1-348-443-1794,2024/2025,1st Semester,COM 112,Digital Electronics,3,82,24,56,80,A,4.0
F/ND/23/44408,Computer Science,ND2,Male,20,Anambra,Nathaniel,Oshodi,nathaniel.oshodi@yabatech.edu.ng,+1-348-443-1794,2024/2025,1st Semester,GNS 101,Use of English,2,96,26,62,88,A,4.0
F/ND/23/44408,Computer Science,ND2,Male,20,Anambra,Nathaniel,Oshodi,nathaniel.oshodi@yabatech.edu.ng,+1-348-443-1794,2024/2025,1st Semester,COM 101,Intro to Computing,4,91,24,58,82,A,4.0
P/HN/23/12593,Business Administration,HND1,Female,24,Ogun,Sarah,Adetokunbo,sarah.adetokunbo@yabatech.edu.ng,649-385-6117x7587,2024/2025,1st Semester,BAM 101,Intro to Business Admin,3,69,15,37,52,CD,2.5
P/HN/23/12593,Business Administration,HND1,Female,24,Ogun,Sarah,Adetokunbo,sarah.adetokunbo@yabatech.edu.ng,649-385-6117x7587,2024/2025,1st Semester,ECO 101,Intro to Economics,2,46,10,23,33,F,0.0
P/HN/23/12593,Business Administration,HND1,Female,24,Ogun,Sarah,Adetokunbo,sarah.adetokunbo@yabatech.edu.ng,649-385-6117x7587,2024/2025,1st Semester,ACC 111,Intro to Accounting,3,82,17,40,57,C,2.75
F/HN/23/12212,Mass Communication,HND2,Female,22,Ogun,Cornelius,Akinwale,cornelius.akinwale@yabatech.edu.ng,001-436-423-9533x937,2024/2025,1st Semester,GNS 101,Use of English,2,100,30,70,100,A,4.0
F/HN/23/12212,Mass Communication,HND2,Female,22,Ogun,Cornelius,Akinwale,cornelius.akinwale@yabatech.edu.ng,001-436-423-9533x937,2024/2025,1st Semester,MAC 101,Intro to Mass Comm,3,82,30,70,100,A,4.0
F/HN/23/12212,Mass Communication,HND2,Female,22,Ogun,Cornelius,Akinwale,cornelius.akinwale@yabatech.edu.ng,001-436-423-9533x937,2024/2025,1st Semester,MAC 115,News Writing,3,63,30,70,100,A,4.0
F/HN/23/12212,Mass Communication,HND2,Female,22,Ogun,Cornelius,Akinwale,cornelius.akinwale@yabatech.edu.ng,001-436-423-9533x937,2024/2025,1st Semester,GNS 127,Citizenship Education,2,90,28,65,93,A,4.0
F/HN/23/12212,Mass Communication,HND2,Female,22,Ogun,Cornelius,Akinwale,cornelius.akinwale@yabatech.edu.ng,001-436-423-9533x937,2024/2025,1st Semester,MAC 107,Intro to Broadcasting,3,88,30,70,100,A,4.0
F/ND/23/78094,Computer Science,ND1,Male,29,Ebonyi,Michael,Olawale,michael.olawale@yabatech.edu.ng,(807)201-7575x976,2024/2025,1st Semester,COM 113,Intro to Programming,4,96,22,52,74,AB,3.5
F/ND/23/78094,Computer Science,ND1,Male,29,Ebonyi,Michael,Olawale,michael.olawale@yabatech.edu.ng,(807)201-7575x976,2024/2025,1st Semester,MTH 111,Logic & Linear Algebra,2,86,21,49,70,AB,3.5
F/ND/23/78094,Computer Science,ND1,Male,29,Ebonyi,Michael,Olawale,michael.olawale@yabatech.edu.ng,(807)201-7575x976,2024/2025,1st Semester,GNS 101,Use of English,2,78,18,43,61,BC,3.0
F/ND/23/78094,Computer Science,ND1,Male,29,Ebonyi,Michael,Olawale,michael.olawale@yabatech.edu.ng,(807)201-7575x976,2024/2025,1st Semester,COM 112,Digital Electronics,3,51,21,50,71,AB,3.5
F/ND/23/78094,Computer Science,ND1,Male,29,Ebonyi,Michael,Olawale,michael.olawale@yabatech.edu.ng,(807)201-7575x976,2024/2025,1st Semester,COM 101,Intro to Computing,4,72,18,43,61,BC,3.0
P/ND/23/31695,Mass Communication,ND2,Female,21,Imo,Samuel,Adetokunbo,samuel.adetokunbo@yabatech.edu.ng,(392)470-6303,2024/2025,1st Semester,MAC 107,Intro to Broadcasting,3,31,12,29,41,E,2.0
P/ND/23/31695,Mass Communication,ND2,Female,21,Imo,Samuel,Adetokunbo,samuel.adetokunbo@yabatech.edu.ng,(392)470-6303,2024/2025,1st Semester,MAC 101,Intro to Mass Comm,3,50,13,31,44,E,2.0
P/ND/23/31695,Mass Communication,ND2,Female,21,Imo,Samuel,Adetokunbo,samuel.adetokunbo@yabatech.edu.ng,(392)470-6303,2024/2025,1st Semester,GNS 127,Citizenship Education,2,41,10,24,34,F,0.0
P/ND/23/31695,Mass Communication,ND2,Female,21,Imo,Samuel,Adetokunbo,samuel.adetokunbo@yabatech.edu.ng,(392)470-6303,2024/2025,1st Semester,MAC 115,News Writing,3,12,8,19,27,F,0.0
P/ND/23/31695,Mass Communication,ND2,Female,21,Imo,Samuel,Adetokunbo,samuel.adetokunbo@yabatech.edu.ng,(392)470-6303,2024/2025,1st Semester,GNS 101,Use of English,2,65,17,40,57,C,2.75
P/HN/23/83475,Science Lab Tech,HND2,Male,22,Lagos,Daniel,Okafor,daniel.okafor@yabatech.edu.ng,5626061089,2024/2025,1st Semester,MTH 111,Logic & Linear Algebra,2,41,9,22,31,F,0.0
P/HN/23/83475,Science Lab Tech,HND2,Male,22,Lagos,Daniel,Okafor,daniel.okafor@yabatech.edu.ng,5626061089,2024/2025,1st Semester,GLT 111,General Lab Techniques,4,46,8,19,27,F,0.0
P/HN/23/83475,Science Lab Tech,HND2,Male,22,Lagos,Daniel,Okafor,daniel.okafor@yabatech.edu.ng,5626061089,2024/2025,1st Semester,GNS 101,Use of English,2,63,17,41,58,C,2.75
P/HN/23/83475,Science Lab Tech,HND2,Male,22,Lagos,Daniel,Okafor,daniel.okafor@yabatech.edu.ng,5626061089,2024/2025,1st Semester,STC 112,General Chemistry,3,45,9,22,31,F,0.0
P/HN/23/83475,Science Lab Tech,HND2,Male,22,Lagos,Daniel,Okafor,daniel.okafor@yabatech.edu.ng,5626061089,2024/2025,1st Semester,STB 111,General Biology,3,15,9,22,31,F,0.0
P/HN/23/44546,Business Administration,HND2,Male,22,Akwa Ibom,Michael,Oyekan,michael.oyekan@yabatech.edu.ng,+1-435-708-4883x51085,2024/2025,1st Semester,BAM 101,Intro to Business Admin,3,58,10,25,35,F,0.0
P/HN/23/44546,Business Administration,HND2,Male,22,Akwa Ibom,Michael,Oyekan,michael.oyekan@yabatech.edu.ng,+1-435-708-4883x51085,2024/2025,1st Semester,ACC 111,Intro to Accounting,3,43,8,20,28,F,0.0
P/HN/23/44546,Business Administration,HND2,Male,22,Akwa Ibom,Michael,Oyekan,michael.oyekan@yabatech.edu.ng,+1-435-708-4883x51085,2024/2025,1st Semester,ECO 101,Intro to Economics,2,32,3,8,11,F,0.0
P/ND/23/14498,Electrical Engineering,ND2,Male,26,Gombe,Daniel,Olawale,daniel.olawale@yabatech.edu.ng,001-542-422-2963x735,2024/2025,1st Semester,EEC 111,Electrical Science,3,32,10,23,33,F,0.0
P/ND/23/14498,Electrical Engineering,ND2,Male,26,Gombe,Daniel,Olawale,daniel.olawale@yabatech.edu.ng,001-542-422-2963x735,2024/2025,1st Semester,MEC 112,Mechanical Workshop,2,68,18,42,60,BC,3.0
P/ND/23/14498,Electrical Engineering,ND2,Male,26,Gombe,Daniel,Olawale,daniel.olawale@yabatech.edu.ng,001-542-422-2963x735,2024/2025,1st Semester,GNS 101,Use of English,2,43,15,35,50,CD,2.5
P/ND/23/14498,Electrical Engineering,ND2,Male,26,Gombe,Daniel,Olawale,daniel.olawale@yabatech.edu.ng,001-542-422-2963x735,2024/2025,1st Semester,MTH 111,Logic & Linear Algebra,2,42,10,23,33,F,0.0
P/ND/23/14498,Electrical Engineering,ND2,Male,26,Gombe,Daniel,Olawale,daniel.olawale@yabatech.edu.ng,001-542-422-2963x735,2024/2025,1st Semester,EEC 115,Electrical Graphics,2,47,10,24,34,F,0.0
P/HN/23/96644,Business Administration,HND2,Female,28,Bayelsa,John,Okafor,john.okafor@yabatech.edu.ng,(769)398-1305,2024/2025,1st Semester,BAM 101,Intro to Business Admin,3,61,16,37,53,CD,2.5
P/HN/23/96644,Business Administration,HND2,Female,28,Bayelsa,John,Okafor,john.okafor@yabatech.edu.ng,(769)398-1305,2024/2025,1st Semester,ECO 101,Intro to Economics,2,55,10,24,34,F,0.0
P/HN/23/96644,Business Administration,HND2,Female,28,Bayelsa,John,Okafor,john.okafor@yabatech.edu.ng,(769)398-1305,2024/2025,1st Semester,ACC 111,Intro to Accounting,3,57,13,31,44,E,2.0
P/ND/23/68633,Computer Science,ND1,Male,22,Bayelsa,Elizabeth,Chukwu,elizabeth.chukwu@yabatech.edu.ng,+1-308-655-2719x593,2024/2025,1st Semester,COM 113,Intro to Programming,4,46,13,30,43,E,2.0
P/ND/23/68633,Computer Science,ND1,Male,22,Bayelsa,Elizabeth,Chukwu,elizabeth.chukwu@yabatech.edu.ng,+1-308-655-2719x593,2024/2025,1st Semester,GNS 101,Use of English,2,36,14,33,47,D,2.25
P/ND/23/68633,Computer Science,ND1,Male,22,Bayelsa,Elizabeth,Chukwu,elizabeth.chukwu@yabatech.edu.ng,+1-308-655-2719x593,2024/2025,1st Semester,MTH 111,Logic & Linear Algebra,2,71,14,33,47,D,2.25
P/ND/23/68633,Computer Science,ND1,Male,22,Bayelsa,Elizabeth,Chukwu,elizabeth.chukwu@yabatech.edu.ng,+1-308-655-2719x593,2024/2025,1st Semester,STA 111,Intro to Statistics,2,30,14,34,48,D,2.25
P/ND/23/68633,Computer Science,ND1,Male,22,Bayelsa,Elizabeth,Chukwu,elizabeth.chukwu@yabatech.edu.ng,+1-308-655-2719x593,2024/2025,1st Semester,COM 112,Digital Electronics,3,43,12,30,42,E,2.0
P/HN/23/21793,Electrical Engineering,HND1,Male,26,Ondo,Juliet,Adetokunbo,juliet.adetokunbo@yabatech.edu.ng,001-232-598-1915x2860,2024/2025,1st Semester,MTH 111,Logic & Linear Algebra,2,22,10,23,33,F,0.0
P/HN/23/21793,Electrical Engineering,HND1,Male,26,Ondo,Juliet,Adetokunbo,juliet.adetokunbo@yabatech.edu.ng,001-232-598-1915x2860,2024/2025,1st Semester,MEC 112,Mechanical Workshop,2,74,11,26,37,F,0.0
P/HN/23/21793,Electrical Engineering,HND1,Male,26,Ondo,Juliet,Adetokunbo,juliet.adetokunbo@yabatech.edu.ng,001-232-598-1915x2860,2024/2025,1st Semester,GNS 101,Use of English,2,26,8,20,28,F,0.0
P/HN/23/21793,Electrical Engineering,HND1,Male,26,Ondo,Juliet,Adetokunbo,juliet.adetokunbo@yabatech.edu.ng,001-232-598-1915x2860,2024/2025,1st Semester,EEC 111,Electrical Science,3,60,9,22,31,F,0.0
P/HN/23/21793,Electrical Engineering,HND1,Male,26,Ondo,Juliet,Adetokunbo,juliet.adetokunbo@yabatech.edu.ng,001-232-598-1915x2860,2024/2025,1st Semester,EEC 115,Electrical Graphics,2,72,11,26,37,F,0.0
F/HN/23/55000,Electrical Engineering,HND1,Male,25,Kwara,James,Uche,james.uche@yabatech.edu.ng,001-533-458-3610x988,2024/2025,1st Semester,MEC 112,Mechanical Workshop,2,37,13,31,44,E,2.0
F/HN/23/55000,Electrical Engineering,HND1,Male,25,Kwara,James,Uche,james.uche@yabatech.edu.ng,001-533-458-3610x988,2024/2025,1st Semester,EEC 115,Electrical Graphics,2,32,11,25,36,F,0.0
F/HN/23/55000,Electrical Engineering,HND1,Male,25,Kwara,James,Uche,james.uche@yabatech.edu.ng,001-533-458-3610x988,2024/2025,1st Semester,GNS 101,Use of English,2,21,7,18,25,F,0.0
F/HN/23/55000,Electrical Engineering,HND1,Male,25,Kwara,James,Uche,james.uche@yabatech.edu.ng,001-533-458-3610x988,2024/2025,1st Semester,EEC 111,Electrical Science,3,21,12,29,41,E,2.0
F/HN/23/55000,Electrical Engineering,HND1,Male,25,Kwara,James,Uche,james.uche@yabatech.edu.ng,001-533-458-3610x988,2024/2025,1st Semester,MTH 111,Logic & Linear Algebra,2,41,13,31,44,E,2.0
F/ND/23/30868,Computer Science,ND1,Female,25,Abia,Mark,Ekwueme,mark.ekwueme@yabatech.edu.ng,001-479-753-2950x4567,2024/2025,1st Semester,COM 113,Intro to Programming,4,82,25,58,83,A,4.0
F/ND/23/30868,Computer Science,ND1,Female,25,Abia,Mark,Ekwueme,mark.ekwueme@yabatech.edu.ng,001-479-753-2950x4567,2024/2025,1st Semester,COM 101,Intro to Computing,4,76,21,50,71,AB,3.5
F/ND/23/30868,Computer Science,ND1,Female,25,Abia,Mark,Ekwueme,mark.ekwueme@yabatech.edu.ng,001-479-753-2950x4567,2024/2025,1st Semester,MTH 111,Logic & Linear Algebra,2,75,25,60,85,A,4.0
F/ND/23/30868,Computer Science,ND1,Female,25,Abia,Mark,Ekwueme,mark.ekwueme@yabatech.edu.ng,001-479-753-2950x4567,2024/2025,1st Semester,GNS 101,Use of English,2,74,26,62,88,A,4.0
F/ND/23/30868,Computer Science,ND1,Female,25,Abia,Mark,Ekwueme,mark.ekwueme@yabatech.edu.ng,001-479-753-2950x4567,2024/2025,1st Semester,COM 112,Digital Electronics,3,100,26,61,87,A,4.0
P/ND/23/92035,Civil Engineering,ND1,Female,30,Cross River,Samuel,Chukwu,samuel.chukwu@yabatech.edu.ng,238-606-0528x349,2024/2025,1st Semester,MEC 101,Workshop Technology,2,60,25,59,84,A,4.0
P/ND/23/92035,Civil Engineering,ND1,Female,30,Cross River,Samuel,Chukwu,samuel.chukwu@yabatech.edu.ng,238-606-0528x349,2024/2025,1st Semester,CEC 101,Engineering Drawing,3,91,25,59,84,A,4.0
P/ND/23/92035,Civil Engineering,ND1,Female,30,Cross River,Samuel,Chukwu,samuel.chukwu@yabatech.edu.ng,238-606-0528x349,2024/2025,1st Semester,CEC 110,Fluid Mechanics,4,88,26,61,87,A,4.0
F/HN/23/69301,Civil Engineering,HND1,Male,23,Oyo,Elizabeth,Adetokunbo,elizabeth.adetokunbo@yabatech.edu.ng,4622197187,2024/2025,1st Semester,MEC 101,Workshop Technology,2,73,17,41,58,C,2.75
F/HN/23/69301,Civil Engineering,HND1,Male,23,Oyo,Elizabeth,Adetokunbo,elizabeth.adetokunbo@yabatech.edu.ng,4622197187,2024/2025,1st Semester,CEC 110,Fluid Mechanics,4,49,7,17,24,F,0.0
F/HN/23/69301,Civil Engineering,HND1,Male,23,Oyo,Elizabeth,Adetokunbo,elizabeth.adetokunbo@yabatech.edu.ng,4622197187,2024/2025,1st Semester,CEC 101,Engineering Drawing,3,21,8,20,28,F,0.0
P/ND/23/14826,Mass Communication,ND1,Female,25,Kaduna,David,Oyekan,david.oyekan@yabatech.edu.ng,794-630-4934x206,2024/2025,1st Semester,MAC 101,Intro to Mass Comm,3,87,17,41,58,C,2.75
P/ND/23/14826,Mass Communication,ND1,Female,25,Kaduna,David,Oyekan,david.oyekan@yabatech.edu.ng,794-630-4934x206,2024/2025,1st Semester,MAC 107,Intro to Broadcasting,3,98,19,45,64,BC,3.0
P/ND/23/14826,Mass Communication,ND1,Female,25,Kaduna,David,Oyekan,david.oyekan@yabatech.edu.ng,794-630-4934x206,2024/2025,1st Semester,GNS 127,Citizenship Education,2,82,21,49,70,AB,3.5
P/ND/23/14826,Mass Communication,ND1,Female,25,Kaduna,David,Oyekan,david.oyekan@yabatech.edu.ng,794-630-4934x206,2024/2025,1st Semester,GNS 101,Use of English,2,69,22,51,73,AB,3.5
P/ND/23/14826,Mass Communication,ND1,Female,25,Kaduna,David,Oyekan,david.oyekan@yabatech.edu.ng,794-630-4934x206,2024/2025,1st Semester,MAC 115,News Writing,3,100,19,46,65,B,3.25
P/ND/23/73071,Mass Communication,ND2,Male,16,Plateau,Gloria,Akinwale,gloria.akinwale@yabatech.edu.ng,(401)393-9050x33772,2024/2025,1st Semester,GNS 101,Use of English,2,91,22,53,75,A,4.0
P/ND/23/73071,Mass Communication,ND2,Male,16,Plateau,Gloria,Akinwale,gloria.akinwale@yabatech.edu.ng,(401)393-9050x33772,2024/2025,1st Semester,MAC 115,News Writing,3,86,22,52,74,AB,3.5
P/ND/23/73071,Mass Communication,ND2,Male,16,Plateau,Gloria,Akinwale,gloria.akinwale@yabatech.edu.ng,(401)393-9050x33772,2024/2025,1st Semester,MAC 107,Intro to Broadcasting,3,69,22,52,74,AB,3.5
P/ND/23/73071,Mass Communication,ND2,Male,16,Plateau,Gloria,Akinwale,gloria.akinwale@yabatech.edu.ng,(401)393-9050x33772,2024/2025,1st Semester,GNS 127,Citizenship Education,2,91,25,58,83,A,4.0
P/ND/23/73071,Mass Communication,ND2,Male,16,Plateau,Gloria,Akinwale,gloria.akinwale@yabatech.edu.ng,(401)393-9050x33772,2024/2025,1st Semester,MAC 101,Intro to Mass Comm,3,78,23,54,77,A,4.0
P/HN/23/35315,Computer Science,HND2,Female,21,Ekiti,Joy,Obi,joy.obi@yabatech.edu.ng,001-646-841-9736x01181,2024/2025,1st Semester,COM 101,Intro to Computing,4,95,21,50,71,AB,3.5
P/HN/23/35315,Computer Science,HND2,Female,21,Ekiti,Joy,Obi,joy.obi@yabatech.edu.ng,001-646-841-9736x01181,2024/2025,1st Semester,GNS 101,Use of English,2,79,18,42,60,BC,3.0
P/HN/23/35315,Computer Science,HND2,Female,21,Ekiti,Joy,Obi,joy.obi@yabatech.edu.ng,001-646-841-9736x01181,2024/2025,1st Semester,MTH 111,Logic & Linear Algebra,2,86,20,47,67,B,3.25
P/HN/23/35315,Computer Science,HND2,Female,21,Ekiti,Joy,Obi,joy.obi@yabatech.edu.ng,001-646-841-9736x01181,2024/2025,1st Semester,STA 111,Intro to Statistics,2,100,20,47,67,B,3.25
P/HN/23/35315,Computer Science,HND2,Female,21,Ekiti,Joy,Obi,joy.obi@yabatech.edu.ng,001-646-841-9736x01181,2024/2025,1st Semester,COM 112,Digital Electronics,3,92,16,37,53,CD,2.5
F/ND/23/83259,Business Administration,ND2,Female,23,Jigawa,Peace,Adetokunbo,peace.adetokunbo@yabatech.edu.ng,746-438-9288x2545,2024/2025,1st Semester,ECO 101,Intro to Economics,2,26,2,6,8,F,0.0
F/ND/23/83259,Business Administration,ND2,Female,23,Jigawa,Peace,Adetokunbo,peace.adetokunbo@yabatech.edu.ng,746-438-9288x2545,2024/2025,1st Semester,BAM 101,Intro to Business Admin,3,37,4,9,13,F,0.0
F/ND/23/83259,Business Administration,ND2,Female,23,Jigawa,Peace,Adetokunbo,peace.adetokunbo@yabatech.edu.ng,746-438-9288x2545,2024/2025,1st Semester,ACC 111,Intro to Accounting,3,42,9,21,30,F,0.0
F/ND/23/5572,Mass Communication,ND1,Female,18,Taraba,Joshua,Chukwu,joshua.chukwu@yabatech.edu.ng,001-638-215-5520x189,2024/2025,1st Semester,MAC 101,Intro to Mass Comm,3,70,15,37,52,CD,2.5
F/ND/23/5572,Mass Communication,ND1,Female,18,Taraba,Joshua,Chukwu,joshua.chukwu@yabatech.edu.ng,001-638-215-5520x189,2024/2025,1st Semester,MAC 115,News Writing,3,81,20,47,67,B,3.25
F/ND/23/5572,Mass Communication,ND1,Female,18,Taraba,Joshua,Chukwu,joshua.chukwu@yabatech.edu.ng,001-638-215-5520x189,2024/2025,1st Semester,GNS 127,Citizenship Education,2,86,21,49,70,AB,3.5
F/ND/23/5572,Mass Communication,ND1,Female,18,Taraba,Joshua,Chukwu,joshua.chukwu@yabatech.edu.ng,001-638-215-5520x189,2024/2025,1st Semester,GNS 101,Use of English,2,64,19,46,65,B,3.25
F/ND/23/5572,Mass Communication,ND1,Female,18,Taraba,Joshua,Chukwu,joshua.chukwu@yabatech.edu.ng,001-638-215-5520x189,2024/2025,1st Semester,MAC 107,Intro to Broadcasting,3,77,18,42,60,BC,3.0
P/HN/23/83285,Mass Communication,HND1,Female,26,Sokoto,Esther,Abiola,esther.abiola@yabatech.edu.ng,+1-791-526-9558x754,2024/2025,1st Semester,MAC 107,Intro to Broadcasting,3,33,12,30,42,E,2.0
P/HN/23/83285,Mass Communication,HND1,Female,26,Sokoto,Esther,Abiola,esther.abiola@yabatech.edu.ng,+1-791-526-9558x754,2024/2025,1st Semester,MAC 101,Intro to Mass Comm,3,42,9,22,31,F,0.0
P/HN/23/83285,Mass Communication,HND1,Female,26,Sokoto,Esther,Abiola,esther.abiola@yabatech.edu.ng,+1-791-526-9558x754,2024/2025,1st Semester,MAC 115,News Writing,3,45,12,29,41,E,2.0
P/HN/23/83285,Mass Communication,HND1,Female,26,Sokoto,Esther,Abiola,esther.abiola@yabatech.edu.ng,+1-791-526-9558x754,2024/2025,1st Semester,GNS 101,Use of English,2,62,13,31,44,E,2.0
P/HN/23/83285,Mass Communication,HND1,Female,26,Sokoto,Esther,Abiola,esther.abiola@yabatech.edu.ng,+1-791-526-9558x754,2024/2025,1st Semester,GNS 127,Citizenship Education,2,88,13,31,44,E,2.0
F/HN/23/27986,Civil Engineering,HND1,Male,20,Abia,Gloria,Adeyemi,gloria.adeyemi@yabatech.edu.ng,215.744.9132x5881,2024/2025,1st Semester,CEC 110,Fluid Mechanics,4,88,24,56,80,A,4.0
F/HN/23/27986,Civil Engineering,HND1,Male,20,Abia,Gloria,Adeyemi,gloria.adeyemi@yabatech.edu.ng,215.744.9132x5881,2024/2025,1st Semester,CEC 101,Engineering Drawing,3,80,25,59,84,A,4.0
F/HN/23/27986,Civil Engineering,HND1,Male,20,Abia,Gloria,Adeyemi,gloria.adeyemi@yabatech.edu.ng,215.744.9132x5881,2024/2025,1st Semester,MEC 101,Workshop Technology,2,76,24,57,81,A,4.0
F/ND/23/83609,Electrical Engineering,ND1,Male,26,Osun,Peter,Olawale,peter.olawale@yabatech.edu.ng,774-600-8649x95265,2024/2025,1st Semester,MEC 112,Mechanical Workshop,2,58,10,24,34,F,0.0
F/ND/23/83609,Electrical Engineering,ND1,Male,26,Osun,Peter,Olawale,peter.olawale@yabatech.edu.ng,774-600-8649x95265,2024/2025,1st Semester,EEC 115,Electrical Graphics,2,36,4,11,15,F,0.0
F/ND/23/83609,Electrical Engineering,ND1,Male,26,Osun,Peter,Olawale,peter.olawale@yabatech.edu.ng,774-600-8649x95265,2024/2025,1st Semester,EEC 111,Electrical Science,3,25,6,14,20,F,0.0
F/ND/23/83609,Electrical Engineering,ND1,Male,26,Osun,Peter,Olawale,peter.olawale@yabatech.edu.ng,774-600-8649x95265,2024/2025,1st Semester,GNS 101,Use of English,2,35,5,12,17,F,0.0
F/ND/23/83609,Electrical Engineering,ND1,Male,26,Osun,Peter,Olawale,peter.olawale@yabatech.edu.ng,774-600-8649x95265,2024/2025,1st Semester,MTH 111,Logic & Linear Algebra,2,81,8,20,28,F,0.0
F/HN/23/96169,Civil Engineering,HND2,Female,21,Ebonyi,Gloria,Ekwueme,gloria.ekwueme@yabatech.edu.ng,(751)780-7129x8838,2024/2025,1st Semester,CEC 101,Engineering Drawing,3,70,20,46,66,B,3.25
F/HN/23/96169,Civil Engineering,HND2,Female,21,Ebonyi,Gloria,Ekwueme,gloria.ekwueme@yabatech.edu.ng,(751)780-7129x8838,2024/2025,1st Semester,MEC 101,Workshop Technology,2,90,25,60,85,A,4.0
F/HN/23/96169,Civil Engineering,HND2,Female,21,Ebonyi,Gloria,Ekwueme,gloria.ekwueme@yabatech.edu.ng,(751)780-7129x8838,2024/2025,1st Semester,CEC 110,Fluid Mechanics,4,67,20,48,68,B,3.25
P/ND/23/76676,Civil Engineering,ND2,Male,19,Oyo,Elizabeth,Eze,elizabeth.eze@yabatech.edu.ng,678-608-2218x70007,2024/2025,1st Semester,CEC 101,Engineering Drawing,3,41,12,29,41,E,2.0
P/ND/23/76676,Civil Engineering,ND2,Male,19,Oyo,Elizabeth,Eze,elizabeth.eze@yabatech.edu.ng,678-608-2218x70007,2024/2025,1st Semester,CEC 110,Fluid Mechanics,4,39,8,18,26,F,0.0
P/ND/23/76676,Civil Engineering,ND2,Male,19,Oyo,Elizabeth,Eze,elizabeth.eze@yabatech.edu.ng,678-608-2218x70007,2024/2025,1st Semester,MEC 101,Workshop Technology,2,55,14,34,48,D,2.25
F/HN/23/1274,Computer Science,HND1,Female,18,Sokoto,Sarah,Abiola,sarah.abiola@yabatech.edu.ng,9863415926,2024/2025,1st Semester,MTH 111,Logic & Linear Algebra,2,71,20,47,67,B,3.25
F/HN/23/1274,Computer Science,HND1,Female,18,Sokoto,Sarah,Abiola,sarah.abiola@yabatech.edu.ng,9863415926,2024/2025,1st Semester,COM 101,Intro to Computing,4,67,21,50,71,AB,3.5
F/HN/23/1274,Computer Science,HND1,Female,18,Sokoto,Sarah,Abiola,sarah.abiola@yabatech.edu.ng,9863415926,2024/2025,1st Semester,COM 112,Digital Electronics,3,71,23,55,78,A,4.0
F/HN/23/1274,Computer Science,HND1,Female,18,Sokoto,Sarah,Abiola,sarah.abiola@yabatech.edu.ng,9863415926,2024/2025,1st Semester,STA 111,Intro to Statistics,2,97,24,57,81,A,4.0
F/HN/23/1274,Computer Science,HND1,Female,18,Sokoto,Sarah,Abiola,sarah.abiola@yabatech.edu.ng,9863415926,2024/2025,1st Semester,GNS 101,Use of English,2,100,23,55,78,A,4.0
P/ND/23/83169,Electrical Engineering,ND1,Female,20,Anambra,Sarah,Akinwale,sarah.akinwale@yabatech.edu.ng,415-793-6604x88056,2024/2025,1st Semester,GNS 101,Use of English,2,81,19,45,64,BC,3.0
P/ND/23/83169,Electrical Engineering,ND1,Female,20,Anambra,Sarah,Akinwale,sarah.akinwale@yabatech.edu.ng,415-793-6604x88056,2024/2025,1st Semester,MEC 112,Mechanical Workshop,2,89,23,55,78,A,4.0
P/ND/23/83169,Electrical Engineering,ND1,Female,20,Anambra,Sarah,Akinwale,sarah.akinwale@yabatech.edu.ng,415-793-6604x88056,2024/2025,1st Semester,EEC 111,Electrical Science,3,38,16,37,53,CD,2.5
P/ND/23/83169,Electrical Engineering,ND1,Female,20,Anambra,Sarah,Akinwale,sarah.akinwale@yabatech.edu.ng,415-793-6604x88056,2024/2025,1st Semester,MTH 111,Logic & Linear Algebra,2,81,24,56,80,A,4.0
P/ND/23/83169,Electrical Engineering,ND1,Female,20,Anambra,Sarah,Akinwale,sarah.akinwale@yabatech.edu.ng,415-793-6604x88056,2024/2025,1st Semester,EEC 115,Electrical Graphics,2,80,21,49,70,AB,3.5
F/HN/23/24681,Science Lab Tech,HND2,Female,23,Kogi,Agnes,Akinwale,agnes.akinwale@yabatech.edu.ng,001-341-537-0654,2024/2025,1st Semester,GNS 101,Use of English,2,29,1,3,4,F,0.0
F/HN/23/24681,Science Lab Tech,HND2,Female,23,Kogi,Agnes,Akinwale,agnes.akinwale@yabatech.edu.ng,001-341-537-0654,2024/2025,1st Semester,MTH 111,Logic & Linear Algebra,2,60,9,21,30,F,0.0
F/HN/23/24681,Science Lab Tech,HND2,Female,23,Kogi,Agnes,Akinwale,agnes.akinwale@yabatech.edu.ng,001-341-537-0654,2024/2025,1st Semester,STB 111,General Biology,3,56,6,15,21,F,0.0
F/HN/23/24681,Science Lab Tech,HND2,Female,23,Kogi,Agnes,Akinwale,agnes.akinwale@yabatech.edu.ng,001-341-537-0654,2024/2025,1st Semester,STC 112,General Chemistry,3,62,11,25,36,F,0.0
F/HN/23/24681,Science Lab Tech,HND2,Female,23,Kogi,Agnes,Akinwale,agnes.akinwale@yabatech.edu.ng,001-341-537-0654,2024/2025,1st Semester,GLT 111,General Lab Techniques,4,40,9,21,30,F,0.0
F/ND/23/3609,Mass Communication,ND1,Female,18,Kaduna,Mark,Adetokunbo,mark.adetokunbo@yabatech.edu.ng,972.427.9535,2024/2025,1st Semester,MAC 115,News Writing,3,99,21,50,71,AB,3.5
F/ND/23/3609,Mass Communication,ND1,Female,18,Kaduna,Mark,Adetokunbo,mark.adetokunbo@yabatech.edu.ng,972.427.9535,2024/2025,1st Semester,GNS 127,Citizenship Education,2,75,22,51,73,AB,3.5
F/ND/23/3609,Mass Communication,ND1,Female,18,Kaduna,Mark,Adetokunbo,mark.adetokunbo@yabatech.edu.ng,972.427.9535,2024/2025,1st Semester,MAC 107,Intro to Broadcasting,3,69,22,52,74,AB,3.5
F/ND/23/3609,Mass Communication,ND1,Female,18,Kaduna,Mark,Adetokunbo,mark.adetokunbo@yabatech.edu.ng,972.427.9535,2024/2025,1st Semester,GNS 101,Use of English,2,74,20,47,67,B,3.25
F/ND/23/3609,Mass Communication,ND1,Female,18,Kaduna,Mark,Adetokunbo,mark.adetokunbo@yabatech.edu.ng,972.427.9535,2024/2025,1st Semester,MAC 101,Intro to Mass Comm,3,81,17,40,57,C,2.75
F/ND/23/70592,Science Lab Tech,ND1,Female,21,Kwara,Mary,Obasanjo,mary.obasanjo@yabatech.edu.ng,001-374-433-0241x306,2024/2025,1st Semester,STC 112,General Chemistry,3,76,20,47,67,B,3.25
F/ND/23/70592,Science Lab Tech,ND1,Female,21,Kwara,Mary,Obasanjo,mary.obasanjo@yabatech.edu.ng,001-374-433-0241x306,2024/2025,1st Semester,MTH 111,Logic & Linear Algebra,2,44,13,30,43,E,2.0
F/ND/23/70592,Science Lab Tech,ND1,Female,21,Kwara,Mary,Obasanjo,mary.obasanjo@yabatech.edu.ng,001-374-433-0241x306,2024/2025,1st Semester,GNS 101,Use of English,2,36,13,32,45,D,2.25
F/ND/23/70592,Science Lab Tech,ND1,Female,21,Kwara,Mary,Obasanjo,mary.obasanjo@yabatech.edu.ng,001-374-433-0241x306,2024/2025,1st Semester,STB 111,General Biology,3,37,12,29,41,E,2.0
F/ND/23/70592,Science Lab Tech,ND1,Female,21,Kwara,Mary,Obasanjo,mary.obasanjo@yabatech.edu.ng,001-374-433-0241x306,2024/2025,1st Semester,GLT 111,General Lab Techniques,4,24,14,34,48,D,2.25
F/ND/23/24009,Civil Engineering,ND2,Female,25,Sokoto,Ruth,Abiola,ruth.abiola@yabatech.edu.ng,8853926626,2024/2025,1st Semester,CEC 110,Fluid Mechanics,4,84,26,62,88,A,4.0
F/ND/23/24009,Civil Engineering,ND2,Female,25,Sokoto,Ruth,Abiola,ruth.abiola@yabatech.edu.ng,8853926626,2024/2025,1st Semester,CEC 101,Engineering Drawing,3,95,26,61,87,A,4.0
F/ND/23/24009,Civil Engineering,ND2,Female,25,Sokoto,Ruth,Abiola,ruth.abiola@yabatech.edu.ng,8853926626,2024/2025,1st Semester,MEC 101,Workshop Technology,2,81,27,64,91,A,4.0
F/HN/23/89607,Mass Communication,HND2,Female,19,Gombe,Daniel,Akinwale,daniel.akinwale@yabatech.edu.ng,927-829-1082x688,2024/2025,1st Semester,MAC 115,News Writing,3,31,3,9,12,F,0.0
F/HN/23/89607,Mass Communication,HND2,Female,19,Gombe,Daniel,Akinwale,daniel.akinwale@yabatech.edu.ng,927-829-1082x688,2024/2025,1st Semester,MAC 101,Intro to Mass Comm,3,38,4,11,15,F,0.0
F/HN/23/89607,Mass Communication,HND2,Female,19,Gombe,Daniel,Akinwale,daniel.akinwale@yabatech.edu.ng,927-829-1082x688,2024/2025,1st Semester,GNS 101,Use of English,2,52,9,21,30,F,0.0
F/HN/23/89607,Mass Communication,HND2,Female,19,Gombe,Daniel,Akinwale,daniel.akinwale@yabatech.edu.ng,927-829-1082x688,2024/2025,1st Semester,MAC 107,Intro to Broadcasting,3,48,4,11,15,F,0.0
F/HN/23/89607,Mass Communication,HND2,Female,19,Gombe,Daniel,Akinwale,daniel.akinwale@yabatech.edu.ng,927-829-1082x688,2024/2025,1st Semester,GNS 127,Citizenship Education,2,53,10,25,35,F,0.0
P/ND/23/52638,Science Lab Tech,ND2,Female,22,Oyo,Samuel,Balogun,samuel.balogun@yabatech.edu.ng,2334389088,2024/2025,1st Semester,GNS 101,Use of English,2,72,22,52,74,AB,3.5
P/ND/23/52638,Science Lab Tech,ND2,Female,22,Oyo,Samuel,Balogun,samuel.balogun@yabatech.edu.ng,2334389088,2024/2025,1st Semester,MTH 111,Logic & Linear Algebra,2,76,24,56,80,A,4.0
P/ND/23/52638,Science Lab Tech,ND2,Female,22,Oyo,Samuel,Balogun,samuel.balogun@yabatech.edu.ng,2334389088,2024/2025,1st Semester,STB 111,General Biology,3,92,19,46,65,B,3.25
P/ND/23/52638,Science Lab Tech,ND2,Female,22,Oyo,Samuel,Balogun,samuel.balogun@yabatech.edu.ng,2334389088,2024/2025,1st Semester,GLT 111,General Lab Techniques,4,91,25,59,84,A,4.0
P/ND/23/52638,Science Lab Tech,ND2,Female,22,Oyo,Samuel,Balogun,samuel.balogun@yabatech.edu.ng,2334389088,2024/2025,1st Semester,STC 112,General Chemistry,3,96,23,54,77,A,4.0
F/HN/23/49013,Business Administration,HND2,Female,28,Kogi,Joseph,Okonkwo,joseph.okonkwo@yabatech.edu.ng,+1-667-594-6813x73762,2024/2025,1st Semester,BAM 101,Intro to Business Admin,3,53,18,43,61,BC,3.0
F/HN/23/49013,Business Administration,HND2,Female,28,Kogi,Joseph,Okonkwo,joseph.okonkwo@yabatech.edu.ng,+1-667-594-6813x73762,2024/2025,1st Semester,ACC 111,Intro to Accounting,3,100,18,43,61,BC,3.0
F/HN/23/49013,Business Administration,HND2,Female,28,Kogi,Joseph,Okonkwo,joseph.okonkwo@yabatech.edu.ng,+1-667-594-6813x73762,2024/2025,1st Semester,ECO 101,Intro to Economics,2,71,18,43,61,BC,3.0
F/HN/23/48372,Business Administration,HND1,Male,28,Sokoto,Elizabeth,Adeyemi,elizabeth.adeyemi@yabatech.edu.ng,(369)532-9149x94001,2024/2025,1st Semester,BAM 101,Intro to Business Admin,3,86,20,47,67,B,3.25
F/HN/23/48372,Business Administration,HND1,Male,28,Sokoto,Elizabeth,Adeyemi,elizabeth.adeyemi@yabatech.edu.ng,(369)532-9149x94001,2024/2025,1st Semester,ACC 111,Intro to Accounting,3,82,23,54,77,A,4.0
F/HN/23/48372,Business Administration,HND1,Male,28,Sokoto,Elizabeth,Adeyemi,elizabeth.adeyemi@yabatech.edu.ng,(369)532-9149x94001,2024/2025,1st Semester,ECO 101,Intro to Economics,2,59,23,54,77,A,4.0
P/HN/23/73304,Mass Communication,HND2,Male,23,Bauchi,Benjamin,Okonkwo,benjamin.okonkwo@yabatech.edu.ng,596-958-2059x274,2024/2025,1st Semester,MAC 115,News Writing,3,36,10,23,33,F,0.0
P/HN/23/73304,Mass Communication,HND2,Male,23,Bauchi,Benjamin,Okonkwo,benjamin.okonkwo@yabatech.edu.ng,596-958-2059x274,2024/2025,1st Semester,MAC 107,Intro to Broadcasting,3,47,7,17,24,F,0.0
P/HN/23/73304,Mass Communication,HND2,Male,23,Bauchi,Benjamin,Okonkwo,benjamin.okonkwo@yabatech.edu.ng,596-958-2059x274,2024/2025,1st Semester,GNS 127,Citizenship Education,2,62,18,42,60,BC,3.0
P/HN/23/73304,Mass Communication,HND2,Male,23,Bauchi,Benjamin,Okonkwo,benjamin.okonkwo@yabatech.edu.ng,596-958-2059x274,2024/2025,1st Semester,GNS 101,Use of English,2,41,11,25,36,F,0.0
P/HN/23/73304,Mass Communication,HND2,Male,23,Bauchi,Benjamin,Okonkwo,benjamin.okonkwo@yabatech.edu.ng,596-958-2059x274,2024/2025,1st Semester,MAC 101,Intro to Mass Comm,3,31,13,32,45,D,2.25
F/ND/23/89889,Science Lab Tech,ND1,Female,21,Imo,James,Ojo,james.ojo@yabatech.edu.ng,001-552-644-9321x291,2024/2025,1st Semester,STB 111,General Biology,3,61,10,25,35,F,0.0
F/ND/23/89889,Science Lab Tech,ND1,Female,21,Imo,James,Ojo,james.ojo@yabatech.edu.ng,001-552-644-9321x291,2024/2025,1st Semester,MTH 111,Logic & Linear Algebra,2,26,7,18,25,F,0.0
F/ND/23/89889,Science Lab Tech,ND1,Female,21,Imo,James,Ojo,james.ojo@yabatech.edu.ng,001-552-644-9321x291,2024/2025,1st Semester,GLT 111,General Lab Techniques,4,56,13,32,45,D,2.25
F/ND/23/89889,Science Lab Tech,ND1,Female,21,Imo,James,Ojo,james.ojo@yabatech.edu.ng,001-552-644-9321x291,2024/2025,1st Semester,STC 112,General Chemistry,3,81,12,29,41,E,2.0
F/ND/23/89889,Science Lab Tech,ND1,Female,21,Imo,James,Ojo,james.ojo@yabatech.edu.ng,001-552-644-9321x291,2024/2025,1st Semester,GNS 101,Use of English,2,36,6,15,21,F,0.0
P/ND/23/29606,Computer Science,ND1,Male,23,Imo,David,Oyekan,david.oyekan@yabatech.edu.ng,973-609-6694x2465,2024/2025,1st Semester,COM 113,Intro to Programming,4,100,22,52,74,AB,3.5
P/ND/23/29606,Computer Science,ND1,Male,23,Imo,David,Oyekan,david.oyekan@yabatech.edu.ng,973-609-6694x2465,2024/2025,1st Semester,STA 111,Intro to Statistics,2,56,24,57,81,A,4.0
P/ND/23/29606,Computer Science,ND1,Male,23,Imo,David,Oyekan,david.oyekan@yabatech.edu.ng,973-609-6694x2465,2024/2025,1st Semester,MTH 111,Logic & Linear Algebra,2,79,20,48,68,B,3.25
P/ND/23/29606,Computer Science,ND1,Male,23,Imo,David,Oyekan,david.oyekan@yabatech.edu.ng,973-609-6694x2465,2024/2025,1st Semester,COM 112,Digital Electronics,3,74,24,56,80,A,4.0
P/ND/23/29606,Computer Science,ND1,Male,23,Imo,David,Oyekan,david.oyekan@yabatech.edu.ng,973-609-6694x2465,2024/2025,1st Semester,COM 101,Intro to Computing,4,100,23,55,78,A,4.0
P/ND/23/29606,Computer Science,ND1,Male,23,Imo,David,Oyekan,david.oyekan@yabatech.edu.ng,973-609-6694x2465,2024/2025,1st Semester,GNS 101,Use of English,2,43,16,37,53,CD,2.5
P/ND/23/76412,Mass Communication,ND1,Male,23,Rivers,Simon,Oshodi,simon.oshodi@yabatech.edu.ng,330-227-6075x37554,2024/2025,1st Semester,MAC 101,Intro to Mass Comm,3,51,14,33,47,D,2.25
P/ND/23/76412,Mass Communication,ND1,Male,23,Rivers,Simon,Oshodi,simon.oshodi@yabatech.edu.ng,330-227-6075x37554,2024/2025,1st Semester,GNS 101,Use of English,2,43,14,33,47,D,2.25
P/ND/23/76412,Mass Communication,ND1,Male,23,Rivers,Simon,Oshodi,simon.oshodi@yabatech.edu.ng,330-227-6075x37554,2024/2025,1st Semester,MAC 115,News Writing,3,47,11,26,37,F,0.0
P/ND/23/76412,Mass Communication,ND1,Male,23,Rivers,Simon,Oshodi,simon.oshodi@yabatech.edu.ng,330-227-6075x37554,2024/2025,1st Semester,GNS 127,Citizenship Education,2,35,9,21,30,F,0.0
P/ND/23/76412,Mass Communication,ND1,Male,23,Rivers,Simon,Oshodi,simon.oshodi@yabatech.edu.ng,330-227-6075x37554,2024/2025,1st Semester,MAC 107,Intro to Broadcasting,3,51,18,42,60,BC,3.0
P/ND/23/40963,Civil Engineering,ND1,Female,28,Imo,Hope,Ogunleye,hope.ogunleye@yabatech.edu.ng,459.477.7276,2024/2025,1st Semester,CEC 110,Fluid Mechanics,4,86,26,60,86,A,4.0
P/ND/23/40963,Civil Engineering,ND1,Female,28,Imo,Hope,Ogunleye,hope.ogunleye@yabatech.edu.ng,459.477.7276,2024/2025,1st Semester,MEC 101,Workshop Technology,2,73,27,64,91,A,4.0
P/ND/23/40963,Civil Engineering,ND1,Female,28,Imo,Hope,Ogunleye,hope.ogunleye@yabatech.edu.ng,459.477.7276,2024/2025,1st Semester,CEC 101,Engineering Drawing,3,61,22,51,73,AB,3.5
F/ND/23/12911,Science Lab Tech,ND2,Female,19,Osun,Blessing,Adetokunbo,blessing.adetokunbo@yabatech.edu.ng,001-867-503-4797x006,2024/2025,1st Semester,MTH 111,Logic & Linear Algebra,2,74,19,44,63,BC,3.0
F/ND/23/12911,Science Lab Tech,ND2,Female,19,Osun,Blessing,Adetokunbo,blessing.adetokunbo@yabatech.edu.ng,001-867-503-4797x006,2024/2025,1st Semester,STC 112,General Chemistry,3,58,19,44,63,BC,3.0
F/ND/23/12911,Science Lab Tech,ND2,Female,19,Osun,Blessing,Adetokunbo,blessing.adetokunbo@yabatech.edu.ng,001-867-503-4797x006,2024/2025,1st Semester,GLT 111,General Lab Techniques,4,87,21,50,71,AB,3.5
F/ND/23/12911,Science Lab Tech,ND2,Female,19,Osun,Blessing,Adetokunbo,blessing.adetokunbo@yabatech.edu.ng,001-867-503-4797x006,2024/2025,1st Semester,GNS 101,Use of English,2,89,20,47,67,B,3.25
F/ND/23/12911,Science Lab Tech,ND2,Female,19,Osun,Blessing,Adetokunbo,blessing.adetokunbo@yabatech.edu.ng,001-867-503-4797x006,2024/2025,1st Semester,STB 111,General Biology,3,77,19,45,64,BC,3.0
F/HN/23/29358,Business Administration,HND1,Male,20,Osun,Emmanuel,Obi,emmanuel.obi@yabatech.edu.ng,+1-815-909-0103,2024/2025,1st Semester,ACC 111,Intro to Accounting,3,77,27,63,90,A,4.0
F/HN/23/29358,Business Administration,HND1,Male,20,Osun,Emmanuel,Obi,emmanuel.obi@yabatech.edu.ng,+1-815-909-0103,2024/2025,1st Semester,BAM 101,Intro to Business Admin,3,96,24,56,80,A,4.0
F/HN/23/29358,Business Administration,HND1,Male,20,Osun,Emmanuel,Obi,emmanuel.obi@yabatech.edu.ng,+1-815-909-0103,2024/2025,1st Semester,ECO 101,Intro to Economics,2,100,25,60,85,A,4.0
F/HN/23/49671,Mass Communication,HND2,Female,29,Ekiti,Daniel,Obasanjo,daniel.obasanjo@yabatech.edu.ng,401-681-4078x00684,2024/2025,1st Semester,GNS 127,Citizenship Education,2,81,17,40,57,C,2.75
F/HN/23/49671,Mass Communication,HND2,Female,29,Ekiti,Daniel,Obasanjo,daniel.obasanjo@yabatech.edu.ng,401-681-4078x00684,2024/2025,1st Semester,MAC 101,Intro to Mass Comm,3,90,18,43,61,BC,3.0
F/HN/23/49671,Mass Communication,HND2,Female,29,Ekiti,Daniel,Obasanjo,daniel.obasanjo@yabatech.edu.ng,401-681-4078x00684,2024/2025,1st Semester,GNS 101,Use of English,2,61,17,39,56,C,2.75
F/HN/23/49671,Mass Communication,HND2,Female,29,Ekiti,Daniel,Obasanjo,daniel.obasanjo@yabatech.edu.ng,401-681-4078x00684,2024/2025,1st Semester,MAC 107,Intro to Broadcasting,3,64,22,51,73,AB,3.5
F/HN/23/49671,Mass Communication,HND2,Female,29,Ekiti,Daniel,Obasanjo,daniel.obasanjo@yabatech.edu.ng,401-681-4078x00684,2024/2025,1st Semester,MAC 115,News Writing,3,85,21,50,71,AB,3.5
F/ND/23/78230,Civil Engineering,ND1,Male,21,Oyo,Juliet,Okafor,juliet.okafor@yabatech.edu.ng,(600)277-1564,2024/2025,1st Semester,CEC 110,Fluid Mechanics,4,66,19,45,64,BC,3.0
F/ND/23/78230,Civil Engineering,ND1,Male,21,Oyo,Juliet,Okafor,juliet.okafor@yabatech.edu.ng,(600)277-1564,2024/2025,1st Semester,CEC 101,Engineering Drawing,3,78,19,45,64,BC,3.0
F/ND/23/78230,Civil Engineering,ND1,Male,21,Oyo,Juliet,Okafor,juliet.okafor@yabatech.edu.ng,(600)277-1564,2024/2025,1st Semester,MEC 101,Workshop Technology,2,43,11,27,38,F,0.0
P/ND/23/93051,Electrical Engineering,ND2,Male,28,Akwa Ibom,Benjamin,Oshodi,benjamin.oshodi@yabatech.edu.ng,+1-963-847-3803,2024/2025,1st Semester,EEC 111,Electrical Science,3,73,22,51,73,AB,3.5
P/ND/23/93051,Electrical Engineering,ND2,Male,28,Akwa Ibom,Benjamin,Oshodi,benjamin.oshodi@yabatech.edu.ng,+1-963-847-3803,2024/2025,1st Semester,MTH 111,Logic & Linear Algebra,2,77,21,49,70,AB,3.5
P/ND/23/93051,Electrical Engineering,ND2,Male,28,Akwa Ibom,Benjamin,Oshodi,benjamin.oshodi@yabatech.edu.ng,+1-963-847-3803,2024/2025,1st Semester,EEC 115,Electrical Graphics,2,86,23,54,77,A,4.0
P/ND/23/93051,Electrical Engineering,ND2,Male,28,Akwa Ibom,Benjamin,Oshodi,benjamin.oshodi@yabatech.edu.ng,+1-963-847-3803,2024/2025,1st Semester,MEC 112,Mechanical Workshop,2,75,20,48,68,B,3.25
P/ND/23/93051,Electrical Engineering,ND2,Male,28,Akwa Ibom,Benjamin,Oshodi,benjamin.oshodi@yabatech.edu.ng,+1-963-847-3803,2024/2025,1st Semester,GNS 101,Use of English,2,82,25,60,85,A,4.0
F/HN/23/61821,Electrical Engineering,HND2,Male,21,Kano,Hope,Ekwueme,hope.ekwueme@yabatech.edu.ng,+1-709-761-7025x390,2024/2025,1st Semester,MTH 111,Logic & Linear Algebra,2,60,15,35,50,CD,2.5
F/HN/23/61821,Electrical Engineering,HND2,Male,21,Kano,Hope,Ekwueme,hope.ekwueme@yabatech.edu.ng,+1-709-761-7025x390,2024/2025,1st Semester,EEC 115,Electrical Graphics,2,32,7,16,23,F,0.0
F/HN/23/61821,Electrical Engineering,HND2,Male,21,Kano,Hope,Ekwueme,hope.ekwueme@yabatech.edu.ng,+1-709-761-7025x390,2024/2025,1st Semester,EEC 111,Electrical Science,3,39,4,10,14,F,0.0
F/HN/23/61821,Electrical Engineering,HND2,Male,21,Kano,Hope,Ekwueme,hope.ekwueme@yabatech.edu.ng,+1-709-761-7025x390,2024/2025,1st Semester,GNS 101,Use of English,2,20,8,19,27,F,0.0
F/HN/23/61821,Electrical Engineering,HND2,Male,21,Kano,Hope,Ekwueme,hope.ekwueme@yabatech.edu.ng,+1-709-761-7025x390,2024/2025,1st Semester,MEC 112,Mechanical Workshop,2,63,11,27,38,F,0.0
P/HN/23/83346,Business Administration,HND2,Male,28,Taraba,Charity,Balogun,charity.balogun@yabatech.edu.ng,001-444-202-1680,2024/2025,1st Semester,ECO 101,Intro to Economics,2,61,24,57,81,A,4.0
P/HN/23/83346,Business Administration,HND2,Male,28,Taraba,Charity,Balogun,charity.balogun@yabatech.edu.ng,001-444-202-1680,2024/2025,1st Semester,BAM 101,Intro to Business Admin,3,79,21,49,70,AB,3.5
P/HN/23/83346,Business Administration,HND2,Male,28,Taraba,Charity,Balogun,charity.balogun@yabatech.edu.ng,001-444-202-1680,2024/2025,1st Semester,ACC 111,Intro to Accounting,3,78,21,50,71,AB,3.5
F/HN/23/81534,Mass Communication,HND1,Female,28,Akwa Ibom,Paul,Ogunleye,paul.ogunleye@yabatech.edu.ng,680-937-1690,2024/2025,1st Semester,MAC 107,Intro to Broadcasting,3,98,16,39,55,C,2.75
F/HN/23/81534,Mass Communication,HND1,Female,28,Akwa Ibom,Paul,Ogunleye,paul.ogunleye@yabatech.edu.ng,680-937-1690,2024/2025,1st Semester,GNS 127,Citizenship Education,2,81,17,39,56,C,2.75
F/HN/23/81534,Mass Communication,HND1,Female,28,Akwa Ibom,Paul,Ogunleye,paul.ogunleye@yabatech.edu.ng,680-937-1690,2024/2025,1st Semester,MAC 115,News Writing,3,57,20,47,67,B,3.25
F/HN/23/81534,Mass Communication,HND1,Female,28,Akwa Ibom,Paul,Ogunleye,paul.ogunleye@yabatech.edu.ng,680-937-1690,2024/2025,1st Semester,MAC 101,Intro to Mass Comm,3,67,17,41,58,C,2.75
F/HN/23/81534,Mass Communication,HND1,Female,28,Akwa Ibom,Paul,Ogunleye,paul.ogunleye@yabatech.edu.ng,680-937-1690,2024/2025,1st Semester,GNS 101,Use of English,2,99,18,42,60,BC,3.0
P/ND/23/47264,Computer Science,ND2,Male,24,Kwara,Daniel,Chukwu,daniel.chukwu@yabatech.edu.ng,382.443.3588,2024/2025,1st Semester,COM 101,Intro to Computing,4,64,14,33,47,D,2.25
P/ND/23/47264,Computer Science,ND2,Male,24,Kwara,Daniel,Chukwu,daniel.chukwu@yabatech.edu.ng,382.443.3588,2024/2025,1st Semester,COM 112,Digital Electronics,3,71,14,33,47,D,2.25
P/ND/23/47264,Computer Science,ND2,Male,24,Kwara,Daniel,Chukwu,daniel.chukwu@yabatech.edu.ng,382.443.3588,2024/2025,1st Semester,COM 113,Intro to Programming,4,43,12,28,40,E,2.0
P/ND/23/47264,Computer Science,ND2,Male,24,Kwara,Daniel,Chukwu,daniel.chukwu@yabatech.edu.ng,382.443.3588,2024/2025,1st Semester,GNS 101,Use of English,2,44,13,30,43,E,2.0
P/ND/23/47264,Computer Science,ND2,Male,24,Kwara,Daniel,Chukwu,daniel.chukwu@yabatech.edu.ng,382.443.3588,2024/2025,1st Semester,STA 111,Intro to Statistics,2,56,15,35,50,CD,2.5
P/ND/23/47264,Computer Science,ND2,Male,24,Kwara,Daniel,Chukwu,daniel.chukwu@yabatech.edu.ng,382.443.3588,2024/2025,1st Semester,MTH 111,Logic & Linear Algebra,2,24,10,24,34,F,0.0
F/HN/23/80469,Electrical Engineering,HND1,Female,20,Niger,Joshua,Okafor,joshua.okafor@yabatech.edu.ng,+1-569-774-8586x866,2024/2025,1st Semester,MTH 111,Logic & Linear Algebra,2,100,21,50,71,AB,3.5
F/HN/23/80469,Electrical Engineering,HND1,Female,20,Niger,Joshua,Okafor,joshua.okafor@yabatech.edu.ng,+1-569-774-8586x866,2024/2025,1st Semester,MEC 112,Mechanical Workshop,2,81,25,58,83,A,4.0
F/HN/23/80469,Electrical Engineering,HND1,Female,20,Niger,Joshua,Okafor,joshua.okafor@yabatech.edu.ng,+1-569-774-8586x866,2024/2025,1st Semester,EEC 111,Electrical Science,3,63,25,59,84,A,4.0
F/HN/23/80469,Electrical Engineering,HND1,Female,20,Niger,Joshua,Okafor,joshua.okafor@yabatech.edu.ng,+1-569-774-8586x866,2024/2025,1st Semester,GNS 101,Use of English,2,100,23,55,78,A,4.0
F/HN/23/80469,Electrical Engineering,HND1,Female,20,Niger,Joshua,Okafor,joshua.okafor@yabatech.edu.ng,+1-569-774-8586x866,2024/2025,1st Semester,EEC 115,Electrical Graphics,2,100,23,53,76,A,4.0
P/HN/23/4148,Civil Engineering,HND1,Female,16,Nasarawa,Charity,Obi,charity.obi@yabatech.edu.ng,430-792-6430,2024/2025,1st Semester,CEC 110,Fluid Mechanics,4,52,20,48,68,B,3.25
P/HN/23/4148,Civil Engineering,HND1,Female,16,Nasarawa,Charity,Obi,charity.obi@yabatech.edu.ng,430-792-6430,2024/2025,1st Semester,CEC 101,Engineering Drawing,3,20,12,29,41,E,2.0
P/HN/23/4148,Civil Engineering,HND1,Female,16,Nasarawa,Charity,Obi,charity.obi@yabatech.edu.ng,430-792-6430,2024/2025,1st Semester,MEC 101,Workshop Technology,2,49,13,31,44,E,2.0
F/HN/23/86661,Mass Communication,HND2,Female,28,Plateau,Ruth,Uche,ruth.uche@yabatech.edu.ng,001-930-262-5742x800,2024/2025,1st Semester,MAC 115,News Writing,3,97,22,53,75,A,4.0
F/HN/23/86661,Mass Communication,HND2,Female,28,Plateau,Ruth,Uche,ruth.uche@yabatech.edu.ng,001-930-262-5742x800,2024/2025,1st Semester,GNS 101,Use of English,2,92,25,59,84,A,4.0
F/HN/23/86661,Mass Communication,HND2,Female,28,Plateau,Ruth,Uche,ruth.uche@yabatech.edu.ng,001-930-262-5742x800,2024/2025,1st Semester,GNS 127,Citizenship Education,2,56,21,49,70,AB,3.5
F/HN/23/86661,Mass Communication,HND2,Female,28,Plateau,Ruth,Uche,ruth.uche@yabatech.edu.ng,001-930-262-5742x800,2024/2025,1st Semester,MAC 107,Intro to Broadcasting,3,100,24,58,82,A,4.0
F/HN/23/86661,Mass Communication,HND2,Female,28,Plateau,Ruth,Uche,ruth.uche@yabatech.edu.ng,001-930-262-5742x800,2024/2025,1st Semester,MAC 101,Intro to Mass Comm,3,96,23,54,77,A,4.0
F/HN/23/85675,Civil Engineering,HND2,Male,25,Kwara,Peter,Ekwueme,peter.ekwueme@yabatech.edu.ng,001-935-396-5553,2024/2025,1st Semester,CEC 110,Fluid Mechanics,4,98,23,54,77,A,4.0
F/HN/23/85675,Civil Engineering,HND2,Male,25,Kwara,Peter,Ekwueme,peter.ekwueme@yabatech.edu.ng,001-935-396-5553,2024/2025,1st Semester,CEC 101,Engineering Drawing,3,58,23,54,77,A,4.0
F/HN/23/85675,Civil Engineering,HND2,Male,25,Kwara,Peter,Ekwueme,peter.ekwueme@yabatech.edu.ng,001-935-396-5553,2024/2025,1st Semester,MEC 101,Workshop Technology,2,73,22,53,75,A,4.0
F/ND/23/74974,Mass Communication,ND1,Male,29,Nasarawa,Samuel,Ibrahim,samuel.ibrahim@yabatech.edu.ng,(556)423-6510,2024/2025,1st Semester,GNS 127,Citizenship Education,2,81,27,65,92,A,4.0
F/ND/23/74974,Mass Communication,ND1,Male,29,Nasarawa,Samuel,Ibrahim,samuel.ibrahim@yabatech.edu.ng,(556)423-6510,2024/2025,1st Semester,MAC 115,News Writing,3,94,28,66,94,A,4.0
F/ND/23/74974,Mass Communication,ND1,Male,29,Nasarawa,Samuel,Ibrahim,samuel.ibrahim@yabatech.edu.ng,(556)423-6510,2024/2025,1st Semester,MAC 101,Intro to Mass Comm,3,79,26,60,86,A,4.0
F/ND/23/74974,Mass Communication,ND1,Male,29,Nasarawa,Samuel,Ibrahim,samuel.ibrahim@yabatech.edu.ng,(556)423-6510,2024/2025,1st Semester,MAC 107,Intro to Broadcasting,3,100,27,63,90,A,4.0
F/ND/23/74974,Mass Communication,ND1,Male,29,Nasarawa,Samuel,Ibrahim,samuel.ibrahim@yabatech.edu.ng,(556)423-6510,2024/2025,1st Semester,GNS 101,Use of English,2,91,29,69,98,A,4.0
P/ND/23/73887,Electrical Engineering,ND1,Male,16,Yobe,Gloria,Ekwueme,gloria.ekwueme@yabatech.edu.ng,001-861-899-6784x41391,2024/2025,1st Semester,GNS 101,Use of English,2,90,27,64,91,A,4.0
P/ND/23/73887,Electrical Engineering,ND1,Male,16,Yobe,Gloria,Ekwueme,gloria.ekwueme@yabatech.edu.ng,001-861-899-6784x41391,2024/2025,1st Semester,MTH 111,Logic & Linear Algebra,2,42,22,52,74,AB,3.5
P/ND/23/73887,Electrical Engineering,ND1,Male,16,Yobe,Gloria,Ekwueme,gloria.ekwueme@yabatech.edu.ng,001-861-899-6784x41391,2024/2025,1st Semester,EEC 111,Electrical Science,3,63,28,66,94,A,4.0
P/ND/23/73887,Electrical Engineering,ND1,Male,16,Yobe,Gloria,Ekwueme,gloria.ekwueme@yabatech.edu.ng,001-861-899-6784x41391,2024/2025,1st Semester,MEC 112,Mechanical Workshop,2,88,27,64,91,A,4.0
P/ND/23/73887,Electrical Engineering,ND1,Male,16,Yobe,Gloria,Ekwueme,gloria.ekwueme@yabatech.edu.ng,001-861-899-6784x41391,2024/2025,1st Semester,EEC 115,Electrical Graphics,2,52,30,70,100,A,4.0
P/ND/23/76903,Electrical Engineering,ND2,Male,29,Kebbi,Joshua,Chukwu,joshua.chukwu@yabatech.edu.ng,366.988.7058,2024/2025,1st Semester,MEC 112,Mechanical Workshop,2,57,19,45,64,BC,3.0
P/ND/23/76903,Electrical Engineering,ND2,Male,29,Kebbi,Joshua,Chukwu,joshua.chukwu@yabatech.edu.ng,366.988.7058,2024/2025,1st Semester,EEC 115,Electrical Graphics,2,76,15,36,51,CD,2.5
P/ND/23/76903,Electrical Engineering,ND2,Male,29,Kebbi,Joshua,Chukwu,joshua.chukwu@yabatech.edu.ng,366.988.7058,2024/2025,1st Semester,MTH 111,Logic & Linear Algebra,2,69,21,50,71,AB,3.5
P/ND/23/76903,Electrical Engineering,ND2,Male,29,Kebbi,Joshua,Chukwu,joshua.chukwu@yabatech.edu.ng,366.988.7058,2024/2025,1st Semester,EEC 111,Electrical Science,3,87,19,45,64,BC,3.0
P/ND/23/76903,Electrical Engineering,ND2,Male,29,Kebbi,Joshua,Chukwu,joshua.chukwu@yabatech.edu.ng,366.988.7058,2024/2025,1st Semester,GNS 101,Use of English,2,90,19,45,64,BC,3.0
P/HN/23/84916,Science Lab Tech,HND1,Male,24,Bauchi,Joy,Ibrahim,joy.ibrahim@yabatech.edu.ng,(448)776-2672x90406,2024/2025,1st Semester,GLT 111,General Lab Techniques,4,81,20,48,68,B,3.25
P/HN/23/84916,Science Lab Tech,HND1,Male,24,Bauchi,Joy,Ibrahim,joy.ibrahim@yabatech.edu.ng,(448)776-2672x90406,2024/2025,1st Semester,MTH 111,Logic & Linear Algebra,2,82,19,46,65,B,3.25
P/HN/23/84916,Science Lab Tech,HND1,Male,24,Bauchi,Joy,Ibrahim,joy.ibrahim@yabatech.edu.ng,(448)776-2672x90406,2024/2025,1st Semester,GNS 101,Use of English,2,89,24,57,81,A,4.0
P/HN/23/84916,Science Lab Tech,HND1,Male,24,Bauchi,Joy,Ibrahim,joy.ibrahim@yabatech.edu.ng,(448)776-2672x90406,2024/2025,1st Semester,STB 111,General Biology,3,56,20,48,68,B,3.25
P/HN/23/84916,Science Lab Tech,HND1,Male,24,Bauchi,Joy,Ibrahim,joy.ibrahim@yabatech.edu.ng,(448)776-2672x90406,2024/2025,1st Semester,STC 112,General Chemistry,3,62,24,57,81,A,4.0
P/ND/23/34217,Mass Communication,ND1,Female,30,Gombe,Gabriel,Olawale,gabriel.olawale@yabatech.edu.ng,001-232-841-5365x19208,2024/2025,1st Semester,GNS 101,Use of English,2,89,23,53,76,A,4.0
P/ND/23/34217,Mass Communication,ND1,Female,30,Gombe,Gabriel,Olawale,gabriel.olawale@yabatech.edu.ng,001-232-841-5365x19208,2024/2025,1st Semester,MAC 115,News Writing,3,75,19,46,65,B,3.25
P/ND/23/34217,Mass Communication,ND1,Female,30,Gombe,Gabriel,Olawale,gabriel.olawale@yabatech.edu.ng,001-232-841-5365x19208,2024/2025,1st Semester,GNS 127,Citizenship Education,2,100,24,56,80,A,4.0
P/ND/23/34217,Mass Communication,ND1,Female,30,Gombe,Gabriel,Olawale,gabriel.olawale@yabatech.edu.ng,001-232-841-5365x19208,2024/2025,1st Semester,MAC 107,Intro to Broadcasting,3,100,20,48,68,B,3.25
P/ND/23/34217,Mass Communication,ND1,Female,30,Gombe,Gabriel,Olawale,gabriel.olawale@yabatech.edu.ng,001-232-841-5365x19208,2024/2025,1st Semester,MAC 101,Intro to Mass Comm,3,87,24,56,80,A,4.0
F/ND/23/44961,Civil Engineering,ND2,Female,23,Zamfara,Joshua,Nnamani,joshua.nnamani@yabatech.edu.ng,(860)506-3124x50400,2024/2025,1st Semester,CEC 110,Fluid Mechanics,4,37,10,24,34,F,0.0
F/ND/23/44961,Civil Engineering,ND2,Female,23,Zamfara,Joshua,Nnamani,joshua.nnamani@yabatech.edu.ng,(860)506-3124x50400,2024/2025,1st Semester,CEC 101,Engineering Drawing,3,70,15,35,50,CD,2.5
F/ND/23/44961,Civil Engineering,ND2,Female,23,Zamfara,Joshua,Nnamani,joshua.nnamani@yabatech.edu.ng,(860)506-3124x50400,2024/2025,1st Semester,MEC 101,Workshop Technology,2,37,11,27,38,F,0.0
P/HN/23/10242,Computer Science,HND2,Female,22,Benue,Simon,Olawale,simon.olawale@yabatech.edu.ng,769.245.6892,2024/2025,1st Semester,GNS 101,Use of English,2,52,14,32,46,D,2.25
P/HN/23/10242,Computer Science,HND2,Female,22,Benue,Simon,Olawale,simon.olawale@yabatech.edu.ng,769.245.6892,2024/2025,1st Semester,COM 112,Digital Electronics,3,49,9,22,31,F,0.0
P/HN/23/10242,Computer Science,HND2,Female,22,Benue,Simon,Olawale,simon.olawale@yabatech.edu.ng,769.245.6892,2024/2025,1st Semester,MTH 111,Logic & Linear Algebra,2,56,13,32,45,D,2.25
P/HN/23/10242,Computer Science,HND2,Female,22,Benue,Simon,Olawale,simon.olawale@yabatech.edu.ng,769.245.6892,2024/2025,1st Semester,COM 113,Intro to Programming,4,48,9,22,31,F,0.0
P/HN/23/10242,Computer Science,HND2,Female,22,Benue,Simon,Olawale,simon.olawale@yabatech.edu.ng,769.245.6892,2024/2025,1st Semester,COM 101,Intro to Computing,4,23,9,21,30,F,0.0
P/ND/23/4319,Civil Engineering,ND1,Female,16,Kebbi,Charity,Adeyemi,charity.adeyemi@yabatech.edu.ng,+1-212-988-8452x418,2024/2025,1st Semester,CEC 101,Engineering Drawing,3,91,22,53,75,A,4.0
P/ND/23/4319,Civil Engineering,ND1,Female,16,Kebbi,Charity,Adeyemi,charity.adeyemi@yabatech.edu.ng,+1-212-988-8452x418,2024/2025,1st Semester,MEC 101,Workshop Technology,2,72,22,52,74,AB,3.5
P/ND/23/4319,Civil Engineering,ND1,Female,16,Kebbi,Charity,Adeyemi,charity.adeyemi@yabatech.edu.ng,+1-212-988-8452x418,2024/2025,1st Semester,CEC 110,Fluid Mechanics,4,76,22,52,74,AB,3.5
F/HN/23/73507,Civil Engineering,HND2,Male,25,Borno,Philip,Ibrahim,philip.ibrahim@yabatech.edu.ng,001-914-739-9796x1406,2024/2025,1st Semester,CEC 110,Fluid Mechanics,4,71,28,67,95,A,4.0
F/HN/23/73507,Civil Engineering,HND2,Male,25,Borno,Philip,Ibrahim,philip.ibrahim@yabatech.edu.ng,001-914-739-9796x1406,2024/2025,1st Semester,MEC 101,Workshop Technology,2,84,25,59,84,A,4.0
F/HN/23/73507,Civil Engineering,HND2,Male,25,Borno,Philip,Ibrahim,philip.ibrahim@yabatech.edu.ng,001-914-739-9796x1406,2024/2025,1st Semester,CEC 101,Engineering Drawing,3,78,25,59,84,A,4.0
F/ND/23/61581,Mass Communication,ND1,Male,23,Borno,Mark,Obi,mark.obi@yabatech.edu.ng,963-250-5682,2024/2025,1st Semester,GNS 101,Use of English,2,22,7,17,24,F,0.0
F/ND/23/61581,Mass Communication,ND1,Male,23,Borno,Mark,Obi,mark.obi@yabatech.edu.ng,963-250-5682,2024/2025,1st Semester,MAC 107,Intro to Broadcasting,3,79,16,38,54,CD,2.5
F/ND/23/61581,Mass Communication,ND1,Male,23,Borno,Mark,Obi,mark.obi@yabatech.edu.ng,963-250-5682,2024/2025,1st Semester,MAC 101,Intro to Mass Comm,3,56,12,29,41,E,2.0
F/ND/23/61581,Mass Communication,ND1,Male,23,Borno,Mark,Obi,mark.obi@yabatech.edu.ng,963-250-5682,2024/2025,1st Semester,GNS 127,Citizenship Education,2,25,13,31,44,E,2.0
F/ND/23/61581,Mass Communication,ND1,Male,23,Borno,Mark,Obi,mark.obi@yabatech.edu.ng,963-250-5682,2024/2025,1st Semester,MAC 115,News Writing,3,43,10,24,34,F,0.0
F/HN/23/38733,Computer Science,HND1,Male,22,Kano,Cornelius,Balogun,cornelius.balogun@yabatech.edu.ng,001-464-529-1666x543,2024/2025,1st Semester,MTH 111,Logic & Linear Algebra,2,18,7,16,23,F,0.0
F/HN/23/38733,Computer Science,HND1,Male,22,Kano,Cornelius,Balogun,cornelius.balogun@yabatech.edu.ng,001-464-529-1666x543,2024/2025,1st Semester,STA 111,Intro to Statistics,2,54,11,26,37,F,0.0
F/HN/23/38733,Computer Science,HND1,Male,22,Kano,Cornelius,Balogun,cornelius.balogun@yabatech.edu.ng,001-464-529-1666x543,2024/2025,1st Semester,GNS 101,Use of English,2,42,8,18,26,F,0.0
F/HN/23/38733,Computer Science,HND1,Male,22,Kano,Cornelius,Balogun,cornelius.balogun@yabatech.edu.ng,001-464-529-1666x543,2024/2025,1st Semester,COM 101,Intro to Computing,4,38,4,9,13,F,0.0
F/HN/23/38733,Computer Science,HND1,Male,22,Kano,Cornelius,Balogun,cornelius.balogun@yabatech.edu.ng,001-464-529-1666x543,2024/2025,1st Semester,COM 112,Digital Electronics,3,21,9,23,32,F,0.0
F/HN/23/38733,Computer Science,HND1,Male,22,Kano,Cornelius,Balogun,cornelius.balogun@yabatech.edu.ng,001-464-529-1666x543,2024/2025,1st Semester,COM 113,Intro to Programming,4,51,9,22,31,F,0.0
F/ND/23/83360,Science Lab Tech,ND2,Male,26,Kaduna,Simon,Ogunleye,simon.ogunleye@yabatech.edu.ng,(592)522-5072,2024/2025,1st Semester,MTH 111,Logic & Linear Algebra,2,88,24,57,81,A,4.0
F/ND/23/83360,Science Lab Tech,ND2,Male,26,Kaduna,Simon,Ogunleye,simon.ogunleye@yabatech.edu.ng,(592)522-5072,2024/2025,1st Semester,STB 111,General Biology,3,100,25,60,85,A,4.0
F/ND/23/83360,Science Lab Tech,ND2,Male,26,Kaduna,Simon,Ogunleye,simon.ogunleye@yabatech.edu.ng,(592)522-5072,2024/2025,1st Semester,GNS 101,Use of English,2,71,27,63,90,A,4.0
F/ND/23/83360,Science Lab Tech,ND2,Male,26,Kaduna,Simon,Ogunleye,simon.ogunleye@yabatech.edu.ng,(592)522-5072,2024/2025,1st Semester,GLT 111,General Lab Techniques,4,64,24,56,80,A,4.0
F/ND/23/83360,Science Lab Tech,ND2,Male,26,Kaduna,Simon,Ogunleye,simon.ogunleye@yabatech.edu.ng,(592)522-5072,2024/2025,1st Semester,STC 112,General Chemistry,3,80,25,59,84,A,4.0
P/ND/23/52282,Mass Communication,ND2,Male,26,Rivers,Angela,Okonkwo,angela.okonkwo@yabatech.edu.ng,3914389784,2024/2025,1st Semester,MAC 101,Intro to Mass Comm,3,72,24,56,80,A,4.0
P/ND/23/52282,Mass Communication,ND2,Male,26,Rivers,Angela,Okonkwo,angela.okonkwo@yabatech.edu.ng,3914389784,2024/2025,1st Semester,MAC 115,News Writing,3,78,27,63,90,A,4.0
P/ND/23/52282,Mass Communication,ND2,Male,26,Rivers,Angela,Okonkwo,angela.okonkwo@yabatech.edu.ng,3914389784,2024/2025,1st Semester,GNS 101,Use of English,2,81,27,63,90,A,4.0
P/ND/23/52282,Mass Communication,ND2,Male,26,Rivers,Angela,Okonkwo,angela.okonkwo@yabatech.edu.ng,3914389784,2024/2025,1st Semester,MAC 107,Intro to Broadcasting,3,86,28,65,93,A,4.0
P/ND/23/52282,Mass Communication,ND2,Male,26,Rivers,Angela,Okonkwo,angela.okonkwo@yabatech.edu.ng,3914389784,2024/2025,1st Semester,GNS 127,Citizenship Education,2,72,26,61,87,A,4.0
P/ND/23/5484,Electrical Engineering,ND2,Female,24,Zamfara,Blessing,Balogun,blessing.balogun@yabatech.edu.ng,509.811.2895x772,2024/2025,1st Semester,GNS 101,Use of English,2,33,8,19,27,F,0.0
P/ND/23/5484,Electrical Engineering,ND2,Female,24,Zamfara,Blessing,Balogun,blessing.balogun@yabatech.edu.ng,509.811.2895x772,2024/2025,1st Semester,MEC 112,Mechanical Workshop,2,75,9,21,30,F,0.0
P/ND/23/5484,Electrical Engineering,ND2,Female,24,Zamfara,Blessing,Balogun,blessing.balogun@yabatech.edu.ng,509.811.2895x772,2024/2025,1st Semester,EEC 111,Electrical Science,3,43,9,21,30,F,0.0
P/ND/23/5484,Electrical Engineering,ND2,Female,24,Zamfara,Blessing,Balogun,blessing.balogun@yabatech.edu.ng,509.811.2895x772,2024/2025,1st Semester,EEC 115,Electrical Graphics,2,38,4,10,14,F,0.0
P/ND/23/5484,Electrical Engineering,ND2,Female,24,Zamfara,Blessing,Balogun,blessing.balogun@yabatech.edu.ng,509.811.2895x772,2024/2025,1st Semester,MTH 111,Logic & Linear Algebra,2,46,9,23,32,F,0.0
F/ND/23/81068,Computer Science,ND2,Female,17,Kogi,Ruth,Oyekan,ruth.oyekan@yabatech.edu.ng,912-956-8556,2024/2025,1st Semester,COM 112,Digital Electronics,3,51,12,28,40,E,2.0
F/ND/23/81068,Computer Science,ND2,Female,17,Kogi,Ruth,Oyekan,ruth.oyekan@yabatech.edu.ng,912-956-8556,2024/2025,1st Semester,MTH 111,Logic & Linear Algebra,2,63,13,31,44,E,2.0
F/ND/23/81068,Computer Science,ND2,Female,17,Kogi,Ruth,Oyekan,ruth.oyekan@yabatech.edu.ng,912-956-8556,2024/2025,1st Semester,GNS 101,Use of English,2,21,6,15,21,F,0.0
F/ND/23/81068,Computer Science,ND2,Female,17,Kogi,Ruth,Oyekan,ruth.oyekan@yabatech.edu.ng,912-956-8556,2024/2025,1st Semester,STA 111,Intro to Statistics,2,55,8,20,28,F,0.0
F/ND/23/81068,Computer Science,ND2,Female,17,Kogi,Ruth,Oyekan,ruth.oyekan@yabatech.edu.ng,912-956-8556,2024/2025,1st Semester,COM 101,Intro to Computing,4,41,5,13,18,F,0.0
F/ND/23/81068,Computer Science,ND2,Female,17,Kogi,Ruth,Oyekan,ruth.oyekan@yabatech.edu.ng,912-956-8556,2024/2025,1st Semester,COM 113,Intro to Programming,4,24,8,20,28,F,0.0
F/ND/23/71108,Business Administration,ND1,Female,27,Ekiti,Daniel,Uche,daniel.uche@yabatech.edu.ng,(649)722-9260x1552,2024/2025,1st Semester,BAM 101,Intro to Business Admin,3,45,5,12,17,F,0.0
F/ND/23/71108,Business Administration,ND1,Female,27,Ekiti,Daniel,Uche,daniel.uche@yabatech.edu.ng,(649)722-9260x1552,2024/2025,1st Semester,ECO 101,Intro to Economics,2,69,11,26,37,F,0.0
F/ND/23/71108,Business Administration,ND1,Female,27,Ekiti,Daniel,Uche,daniel.uche@yabatech.edu.ng,(649)722-9260x1552,2024/2025,1st Semester,ACC 111,Intro to Accounting,3,42,8,20,28,F,0.0
P/HN/23/3634,Electrical Engineering,HND1,Female,30,Bayelsa,Angela,Adetokunbo,angela.adetokunbo@yabatech.edu.ng,792.836.8505x238,2024/2025,1st Semester,MEC 112,Mechanical Workshop,2,86,21,50,71,AB,3.5
P/HN/23/3634,Electrical Engineering,HND1,Female,30,Bayelsa,Angela,Adetokunbo,angela.adetokunbo@yabatech.edu.ng,792.836.8505x238,2024/2025,1st Semester,EEC 115,Electrical Graphics,2,100,16,38,54,CD,2.5
P/HN/23/3634,Electrical Engineering,HND1,Female,30,Bayelsa,Angela,Adetokunbo,angela.adetokunbo@yabatech.edu.ng,792.836.8505x238,2024/2025,1st Semester,MTH 111,Logic & Linear Algebra,2,94,17,39,56,C,2.75
P/HN/23/3634,Electrical Engineering,HND1,Female,30,Bayelsa,Angela,Adetokunbo,angela.adetokunbo@yabatech.edu.ng,792.836.8505x238,2024/2025,1st Semester,EEC 111,Electrical Science,3,85,20,47,67,B,3.25
P/HN/23/3634,Electrical Engineering,HND1,Female,30,Bayelsa,Angela,Adetokunbo,angela.adetokunbo@yabatech.edu.ng,792.836.8505x238,2024/2025,1st Semester,GNS 101,Use of English,2,91,17,41,58,C,2.75
P/ND/23/17605,Electrical Engineering,ND2,Female,25,Benue,Mark,Balogun,mark.balogun@yabatech.edu.ng,001-260-347-7498x61483,2024/2025,1st Semester,EEC 115,Electrical Graphics,2,27,6,14,20,F,0.0
P/ND/23/17605,Electrical Engineering,ND2,Female,25,Benue,Mark,Balogun,mark.balogun@yabatech.edu.ng,001-260-347-7498x61483,2024/2025,1st Semester,EEC 111,Electrical Science,3,58,15,35,50,CD,2.5
P/ND/23/17605,Electrical Engineering,ND2,Female,25,Benue,Mark,Balogun,mark.balogun@yabatech.edu.ng,001-260-347-7498x61483,2024/2025,1st Semester,MTH 111,Logic & Linear Algebra,2,47,6,14,20,F,0.0
P/ND/23/17605,Electrical Engineering,ND2,Female,25,Benue,Mark,Balogun,mark.balogun@yabatech.edu.ng,001-260-347-7498x61483,2024/2025,1st Semester,GNS 101,Use of English,2,47,13,32,45,D,2.25
P/ND/23/17605,Electrical Engineering,ND2,Female,25,Benue,Mark,Balogun,mark.balogun@yabatech.edu.ng,001-260-347-7498x61483,2024/2025,1st Semester,MEC 112,Mechanical Workshop,2,63,16,37,53,CD,2.5
F/ND/23/63295,Mass Communication,ND1,Female,26,Zamfara,Ruth,Oyekan,ruth.oyekan@yabatech.edu.ng,(852)695-6583,2024/2025,1st Semester,MAC 107,Intro to Broadcasting,3,75,12,29,41,E,2.0
F/ND/23/63295,Mass Communication,ND1,Female,26,Zamfara,Ruth,Oyekan,ruth.oyekan@yabatech.edu.ng,(852)695-6583,2024/2025,1st Semester,GNS 127,Citizenship Education,2,24,11,27,38,F,0.0
F/ND/23/63295,Mass Communication,ND1,Female,26,Zamfara,Ruth,Oyekan,ruth.oyekan@yabatech.edu.ng,(852)695-6583,2024/2025,1st Semester,MAC 101,Intro to Mass Comm,3,62,17,41,58,C,2.75
F/ND/23/63295,Mass Communication,ND1,Female,26,Zamfara,Ruth,Oyekan,ruth.oyekan@yabatech.edu.ng,(852)695-6583,2024/2025,1st Semester,GNS 101,Use of English,2,60,13,32,45,D,2.25
F/ND/23/63295,Mass Communication,ND1,Female,26,Zamfara,Ruth,Oyekan,ruth.oyekan@yabatech.edu.ng,(852)695-6583,2024/2025,1st Semester,MAC 115,News Writing,3,66,16,39,55,C,2.75
F/ND/23/49136,Mass Communication,ND2,Male,27,Osun,Ruth,Ojo,ruth.ojo@yabatech.edu.ng,(489)950-4749,2024/2025,1st Semester,GNS 127,Citizenship Education,2,33,9,21,30,F,0.0
F/ND/23/49136,Mass Communication,ND2,Male,27,Osun,Ruth,Ojo,ruth.ojo@yabatech.edu.ng,(489)950-4749,2024/2025,1st Semester,MAC 107,Intro to Broadcasting,3,41,8,20,28,F,0.0
F/ND/23/49136,Mass Communication,ND2,Male,27,Osun,Ruth,Ojo,ruth.ojo@yabatech.edu.ng,(489)950-4749,2024/2025,1st Semester,MAC 101,Intro to Mass Comm,3,39,8,20,28,F,0.0
F/ND/23/49136,Mass Communication,ND2,Male,27,Osun,Ruth,Ojo,ruth.ojo@yabatech.edu.ng,(489)950-4749,2024/2025,1st Semester,GNS 101,Use of English,2,71,13,30,43,E,2.0
F/ND/23/49136,Mass Communication,ND2,Male,27,Osun,Ruth,Ojo,ruth.ojo@yabatech.edu.ng,(489)950-4749,2024/2025,1st Semester,MAC 115,News Writing,3,66,16,38,54,CD,2.5
P/ND/23/74275,Electrical Engineering,ND2,Female,17,Ebonyi,Deborah,Oshodi,deborah.oshodi@yabatech.edu.ng,001-212-815-1027,2024/2025,1st Semester,GNS 101,Use of English,2,73,19,46,65,B,3.25
P/ND/23/74275,Electrical Engineering,ND2,Female,17,Ebonyi,Deborah,Oshodi,deborah.oshodi@yabatech.edu.ng,001-212-815-1027,2024/2025,1st Semester,MTH 111,Logic & Linear Algebra,2,76,21,49,70,AB,3.5
P/ND/23/74275,Electrical Engineering,ND2,Female,17,Ebonyi,Deborah,Oshodi,deborah.oshodi@yabatech.edu.ng,001-212-815-1027,2024/2025,1st Semester,EEC 115,Electrical Graphics,2,59,23,54,77,A,4.0
P/ND/23/74275,Electrical Engineering,ND2,Female,17,Ebonyi,Deborah,Oshodi,deborah.oshodi@yabatech.edu.ng,001-212-815-1027,2024/2025,1st Semester,MEC 112,Mechanical Workshop,2,68,21,50,71,AB,3.5
P/ND/23/74275,Electrical Engineering,ND2,Female,17,Ebonyi,Deborah,Oshodi,deborah.oshodi@yabatech.edu.ng,001-212-815-1027,2024/2025,1st Semester,EEC 111,Electrical Science,3,89,18,42,60,BC,3.0
F/HN/23/7395,Mass Communication,HND2,Female,22,Yobe,Hope,Oshodi,hope.oshodi@yabatech.edu.ng,666.483.7013x4359,2024/2025,1st Semester,MAC 115,News Writing,3,58,22,53,75,A,4.0
F/HN/23/7395,Mass Communication,HND2,Female,22,Yobe,Hope,Oshodi,hope.oshodi@yabatech.edu.ng,666.483.7013x4359,2024/2025,1st Semester,MAC 107,Intro to Broadcasting,3,100,24,56,80,A,4.0
F/HN/23/7395,Mass Communication,HND2,Female,22,Yobe,Hope,Oshodi,hope.oshodi@yabatech.edu.ng,666.483.7013x4359,2024/2025,1st Semester,MAC 101,Intro to Mass Comm,3,67,22,52,74,AB,3.5
F/HN/23/7395,Mass Communication,HND2,Female,22,Yobe,Hope,Oshodi,hope.oshodi@yabatech.edu.ng,666.483.7013x4359,2024/2025,1st Semester,GNS 127,Citizenship Education,2,65,23,54,77,A,4.0
F/HN/23/7395,Mass Communication,HND2,Female,22,Yobe,Hope,Oshodi,hope.oshodi@yabatech.edu.ng,666.483.7013x4359,2024/2025,1st Semester,GNS 101,Use of English,2,97,22,51,73,AB,3.5
P/HN/23/39656,Mass Communication,HND2,Male,23,Jigawa,Michael,Oshodi,michael.oshodi@yabatech.edu.ng,(987)900-3413,2024/2025,1st Semester,MAC 115,News Writing,3,81,26,62,88,A,4.0
P/HN/23/39656,Mass Communication,HND2,Male,23,Jigawa,Michael,Oshodi,michael.oshodi@yabatech.edu.ng,(987)900-3413,2024/2025,1st Semester,GNS 101,Use of English,2,70,22,53,75,A,4.0
P/HN/23/39656,Mass Communication,HND2,Male,23,Jigawa,Michael,Oshodi,michael.oshodi@yabatech.edu.ng,(987)900-3413,2024/2025,1st Semester,GNS 127,Citizenship Education,2,69,24,56,80,A,4.0
P/HN/23/39656,Mass Communication,HND2,Male,23,Jigawa,Michael,Oshodi,michael.oshodi@yabatech.edu.ng,(987)900-3413,2024/2025,1st Semester,MAC 107,Intro to Broadcasting,3,97,25,58,83,A,4.0
P/HN/23/39656,Mass Communication,HND2,Male,23,Jigawa,Michael,Oshodi,michael.oshodi@yabatech.edu.ng,(987)900-3413,2024/2025,1st Semester,MAC 101,Intro to Mass Comm,3,83,22,53,75,A,4.0
P/HN/23/42921,Civil Engineering,HND2,Female,26,Akwa Ibom,Michael,Okonkwo,michael.okonkwo@yabatech.edu.ng,963-504-5185x410,2024/2025,1st Semester,CEC 110,Fluid Mechanics,4,73,24,58,82,A,4.0
P/HN/23/42921,Civil Engineering,HND2,Female,26,Akwa Ibom,Michael,Okonkwo,michael.okonkwo@yabatech.edu.ng,963-504-5185x410,2024/2025,1st Semester,MEC 101,Workshop Technology,2,90,23,54,77,A,4.0
P/HN/23/42921,Civil Engineering,HND2,Female,26,Akwa Ibom,Michael,Okonkwo,michael.okonkwo@yabatech.edu.ng,963-504-5185x410,2024/2025,1st Semester,CEC 101,Engineering Drawing,3,50,23,54,77,A,4.0
F/ND/23/94483,Mass Communication,ND1,Male,25,Kwara,Faith,Nnamani,faith.nnamani@yabatech.edu.ng,001-676-589-0187x6953,2024/2025,1st Semester,MAC 107,Intro to Broadcasting,3,99,28,66,94,A,4.0
F/ND/23/94483,Mass Communication,ND1,Male,25,Kwara,Faith,Nnamani,faith.nnamani@yabatech.edu.ng,001-676-589-0187x6953,2024/2025,1st Semester,MAC 115,News Writing,3,93,27,64,91,A,4.0
F/ND/23/94483,Mass Communication,ND1,Male,25,Kwara,Faith,Nnamani,faith.nnamani@yabatech.edu.ng,001-676-589-0187x6953,2024/2025,1st Semester,GNS 127,Citizenship Education,2,88,28,66,94,A,4.0
F/ND/23/94483,Mass Communication,ND1,Male,25,Kwara,Faith,Nnamani,faith.nnamani@yabatech.edu.ng,001-676-589-0187x6953,2024/2025,1st Semester,MAC 101,Intro to Mass Comm,3,90,28,66,94,A,4.0
F/ND/23/94483,Mass Communication,ND1,Male,25,Kwara,Faith,Nnamani,faith.nnamani@yabatech.edu.ng,001-676-589-0187x6953,2024/2025,1st Semester,GNS 101,Use of English,2,89,27,64,91,A,4.0
F/ND/23/77547,Business Administration,ND1,Female,23,Oyo,Elizabeth,Oyekan,elizabeth.oyekan@yabatech.edu.ng,549.499.8059x94969,2024/2025,1st Semester,ECO 101,Intro to Economics,2,60,15,36,51,CD,2.5
F/ND/23/77547,Business Administration,ND1,Female,23,Oyo,Elizabeth,Oyekan,elizabeth.oyekan@yabatech.edu.ng,549.499.8059x94969,2024/2025,1st Semester,ACC 111,Intro to Accounting,3,53,13,30,43,E,2.0
F/ND/23/77547,Business Administration,ND1,Female,23,Oyo,Elizabeth,Oyekan,elizabeth.oyekan@yabatech.edu.ng,549.499.8059x94969,2024/2025,1st Semester,BAM 101,Intro to Business Admin,3,72,13,30,43,E,2.0
F/HN/23/38941,Science Lab Tech,HND2,Male,16,Kogi,Simon,Adeyemi,simon.adeyemi@yabatech.edu.ng,870.247.1108,2024/2025,1st Semester,GLT 111,General Lab Techniques,4,25,11,27,38,F,0.0
F/HN/23/38941,Science Lab Tech,HND2,Male,16,Kogi,Simon,Adeyemi,simon.adeyemi@yabatech.edu.ng,870.247.1108,2024/2025,1st Semester,GNS 101,Use of English,2,65,17,39,56,C,2.75
F/HN/23/38941,Science Lab Tech,HND2,Male,16,Kogi,Simon,Adeyemi,simon.adeyemi@yabatech.edu.ng,870.247.1108,2024/2025,1st Semester,STC 112,General Chemistry,3,21,10,24,34,F,0.0
F/HN/23/38941,Science Lab Tech,HND2,Male,16,Kogi,Simon,Adeyemi,simon.adeyemi@yabatech.edu.ng,870.247.1108,2024/2025,1st Semester,MTH 111,Logic & Linear Algebra,2,35,10,23,33,F,0.0
F/HN/23/38941,Science Lab Tech,HND2,Male,16,Kogi,Simon,Adeyemi,simon.adeyemi@yabatech.edu.ng,870.247.1108,2024/2025,1st Semester,STB 111,General Biology,3,37,8,20,28,F,0.0
F/HN/23/32970,Business Administration,HND1,Male,21,Imo,Mark,Chukwu,mark.chukwu@yabatech.edu.ng,542.717.2433x384,2024/2025,1st Semester,BAM 101,Intro to Business Admin,3,85,23,55,78,A,4.0
F/HN/23/32970,Business Administration,HND1,Male,21,Imo,Mark,Chukwu,mark.chukwu@yabatech.edu.ng,542.717.2433x384,2024/2025,1st Semester,ACC 111,Intro to Accounting,3,87,26,60,86,A,4.0
F/HN/23/32970,Business Administration,HND1,Male,21,Imo,Mark,Chukwu,mark.chukwu@yabatech.edu.ng,542.717.2433x384,2024/2025,1st Semester,ECO 101,Intro to Economics,2,60,28,66,94,A,4.0
P/ND/23/65999,Business Administration,ND2,Female,25,Rivers,Michael,Obasanjo,michael.obasanjo@yabatech.edu.ng,(505)766-1721x245,2024/2025,1st Semester,ACC 111,Intro to Accounting,3,88,20,48,68,B,3.25
P/ND/23/65999,Business Administration,ND2,Female,25,Rivers,Michael,Obasanjo,michael.obasanjo@yabatech.edu.ng,(505)766-1721x245,2024/2025,1st Semester,ECO 101,Intro to Economics,2,77,19,46,65,B,3.25
P/ND/23/65999,Business Administration,ND2,Female,25,Rivers,Michael,Obasanjo,michael.obasanjo@yabatech.edu.ng,(505)766-1721x245,2024/2025,1st Semester,BAM 101,Intro to Business Admin,3,75,18,44,62,BC,3.0
P/ND/23/38480,Electrical Engineering,ND2,Male,17,Kebbi,Charity,Chukwu,charity.chukwu@yabatech.edu.ng,710.561.7310x9674,2024/2025,1st Semester,GNS 101,Use of English,2,78,19,46,65,B,3.25
P/ND/23/38480,Electrical Engineering,ND2,Male,17,Kebbi,Charity,Chukwu,charity.chukwu@yabatech.edu.ng,710.561.7310x9674,2024/2025,1st Semester,MTH 111,Logic & Linear Algebra,2,73,20,48,68,B,3.25
P/ND/23/38480,Electrical Engineering,ND2,Male,17,Kebbi,Charity,Chukwu,charity.chukwu@yabatech.edu.ng,710.561.7310x9674,2024/2025,1st Semester,EEC 111,Electrical Science,3,69,20,48,68,B,3.25
P/ND/23/38480,Electrical Engineering,ND2,Male,17,Kebbi,Charity,Chukwu,charity.chukwu@yabatech.edu.ng,710.561.7310x9674,2024/2025,1st Semester,EEC 115,Electrical Graphics,2,82,22,53,75,A,4.0
P/ND/23/38480,Electrical Engineering,ND2,Male,17,Kebbi,Charity,Chukwu,charity.chukwu@yabatech.edu.ng,710.561.7310x9674,2024/2025,1st Semester,MEC 112,Mechanical Workshop,2,100,21,51,72,AB,3.5
F/HN/23/71367,Science Lab Tech,HND1,Male,27,Ondo,Nathaniel,Oyekan,nathaniel.oyekan@yabatech.edu.ng,399-824-6533x3926,2024/2025,1st Semester,GLT 111,General Lab Techniques,4,78,24,56,80,A,4.0
F/HN/23/71367,Science Lab Tech,HND1,Male,27,Ondo,Nathaniel,Oyekan,nathaniel.oyekan@yabatech.edu.ng,399-824-6533x3926,2024/2025,1st Semester,STB 111,General Biology,3,68,19,46,65,B,3.25
F/HN/23/71367,Science Lab Tech,HND1,Male,27,Ondo,Nathaniel,Oyekan,nathaniel.oyekan@yabatech.edu.ng,399-824-6533x3926,2024/2025,1st Semester,MTH 111,Logic & Linear Algebra,2,81,22,53,75,A,4.0
F/HN/23/71367,Science Lab Tech,HND1,Male,27,Ondo,Nathaniel,Oyekan,nathaniel.oyekan@yabatech.edu.ng,399-824-6533x3926,2024/2025,1st Semester,STC 112,General Chemistry,3,76,19,44,63,BC,3.0
F/HN/23/71367,Science Lab Tech,HND1,Male,27,Ondo,Nathaniel,Oyekan,nathaniel.oyekan@yabatech.edu.ng,399-824-6533x3926,2024/2025,1st Semester,GNS 101,Use of English,2,76,21,51,72,AB,3.5
P/HN/23/27452,Business Administration,HND2,Female,27,Bayelsa,Agnes,Chukwu,agnes.chukwu@yabatech.edu.ng,+1-596-316-8299,2024/2025,1st Semester,BAM 101,Intro to Business Admin,3,55,12,28,40,E,2.0
P/HN/23/27452,Business Administration,HND2,Female,27,Bayelsa,Agnes,Chukwu,agnes.chukwu@yabatech.edu.ng,+1-596-316-8299,2024/2025,1st Semester,ECO 101,Intro to Economics,2,57,11,26,37,F,0.0
P/HN/23/27452,Business Administration,HND2,Female,27,Bayelsa,Agnes,Chukwu,agnes.chukwu@yabatech.edu.ng,+1-596-316-8299,2024/2025,1st Semester,ACC 111,Intro to Accounting,3,64,13,31,44,E,2.0
P/ND/23/18271,Computer Science,ND2,Female,19,Gombe,Charity,Eze,charity.eze@yabatech.edu.ng,421.221.7671x85384,2024/2025,1st Semester,COM 112,Digital Electronics,3,70,18,43,61,BC,3.0
P/ND/23/18271,Computer Science,ND2,Female,19,Gombe,Charity,Eze,charity.eze@yabatech.edu.ng,421.221.7671x85384,2024/2025,1st Semester,MTH 111,Logic & Linear Algebra,2,52,13,31,44,E,2.0
P/ND/23/18271,Computer Science,ND2,Female,19,Gombe,Charity,Eze,charity.eze@yabatech.edu.ng,421.221.7671x85384,2024/2025,1st Semester,COM 101,Intro to Computing,4,47,7,18,25,F,0.0
P/ND/23/18271,Computer Science,ND2,Female,19,Gombe,Charity,Eze,charity.eze@yabatech.edu.ng,421.221.7671x85384,2024/2025,1st Semester,STA 111,Intro to Statistics,2,43,10,24,34,F,0.0
P/ND/23/18271,Computer Science,ND2,Female,19,Gombe,Charity,Eze,charity.eze@yabatech.edu.ng,421.221.7671x85384,2024/2025,1st Semester,COM 113,Intro to Programming,4,44,13,30,43,E,2.0
F/ND/23/31703,Mass Communication,ND1,Male,26,Ebonyi,Joshua,Ekwueme,joshua.ekwueme@yabatech.edu.ng,6364863046,2024/2025,1st Semester,GNS 101,Use of English,2,61,15,35,50,CD,2.5
F/ND/23/31703,Mass Communication,ND1,Male,26,Ebonyi,Joshua,Ekwueme,joshua.ekwueme@yabatech.edu.ng,6364863046,2024/2025,1st Semester,MAC 101,Intro to Mass Comm,3,57,11,26,37,F,0.0
F/ND/23/31703,Mass Communication,ND1,Male,26,Ebonyi,Joshua,Ekwueme,joshua.ekwueme@yabatech.edu.ng,6364863046,2024/2025,1st Semester,MAC 107,Intro to Broadcasting,3,64,14,34,48,D,2.25
F/ND/23/31703,Mass Communication,ND1,Male,26,Ebonyi,Joshua,Ekwueme,joshua.ekwueme@yabatech.edu.ng,6364863046,2024/2025,1st Semester,GNS 127,Citizenship Education,2,66,9,22,31,F,0.0
F/ND/23/31703,Mass Communication,ND1,Male,26,Ebonyi,Joshua,Ekwueme,joshua.ekwueme@yabatech.edu.ng,6364863046,2024/2025,1st Semester,MAC 115,News Writing,3,72,15,36,51,CD,2.5
P/ND/23/32996,Computer Science,ND1,Female,17,Ondo,Samuel,Obi,samuel.obi@yabatech.edu.ng,978.356.4669x9264,2024/2025,1st Semester,COM 101,Intro to Computing,4,100,24,57,81,A,4.0
P/ND/23/32996,Computer Science,ND1,Female,17,Ondo,Samuel,Obi,samuel.obi@yabatech.edu.ng,978.356.4669x9264,2024/2025,1st Semester,MTH 111,Logic & Linear Algebra,2,79,25,59,84,A,4.0
P/ND/23/32996,Computer Science,ND1,Female,17,Ondo,Samuel,Obi,samuel.obi@yabatech.edu.ng,978.356.4669x9264,2024/2025,1st Semester,COM 113,Intro to Programming,4,92,21,49,70,AB,3.5
P/ND/23/32996,Computer Science,ND1,Female,17,Ondo,Samuel,Obi,samuel.obi@yabatech.edu.ng,978.356.4669x9264,2024/2025,1st Semester,COM 112,Digital Electronics,3,57,25,59,84,A,4.0
P/ND/23/32996,Computer Science,ND1,Female,17,Ondo,Samuel,Obi,samuel.obi@yabatech.edu.ng,978.356.4669x9264,2024/2025,1st Semester,STA 111,Intro to Statistics,2,90,21,50,71,AB,3.5
P/HN/23/66502,Science Lab Tech,HND2,Male,16,Ondo,Cornelius,Chukwu,cornelius.chukwu@yabatech.edu.ng,+1-508-613-3468x162,2024/2025,1st Semester,GLT 111,General Lab Techniques,4,54,12,28,40,E,2.0
P/HN/23/66502,Science Lab Tech,HND2,Male,16,Ondo,Cornelius,Chukwu,cornelius.chukwu@yabatech.edu.ng,+1-508-613-3468x162,2024/2025,1st Semester,STB 111,General Biology,3,28,7,16,23,F,0.0
P/HN/23/66502,Science Lab Tech,HND2,Male,16,Ondo,Cornelius,Chukwu,cornelius.chukwu@yabatech.edu.ng,+1-508-613-3468x162,2024/2025,1st Semester,MTH 111,Logic & Linear Algebra,2,40,6,14,20,F,0.0
P/HN/23/66502,Science Lab Tech,HND2,Male,16,Ondo,Cornelius,Chukwu,cornelius.chukwu@yabatech.edu.ng,+1-508-613-3468x162,2024/2025,1st Semester,GNS 101,Use of English,2,53,11,26,37,F,0.0
P/HN/23/66502,Science Lab Tech,HND2,Male,16,Ondo,Cornelius,Chukwu,cornelius.chukwu@yabatech.edu.ng,+1-508-613-3468x162,2024/2025,1st Semester,STC 112,General Chemistry,3,62,9,21,30,F,0.0
P/HN/23/72900,Mass Communication,HND2,Female,22,Kaduna,Peace,Eze,peace.eze@yabatech.edu.ng,931.374.1217x7887,2024/2025,1st Semester,MAC 101,Intro to Mass Comm,3,63,18,44,62,BC,3.0
P/HN/23/72900,Mass Communication,HND2,Female,22,Kaduna,Peace,Eze,peace.eze@yabatech.edu.ng,931.374.1217x7887,2024/2025,1st Semester,GNS 101,Use of English,2,100,16,38,54,CD,2.5
P/HN/23/72900,Mass Communication,HND2,Female,22,Kaduna,Peace,Eze,peace.eze@yabatech.edu.ng,931.374.1217x7887,2024/2025,1st Semester,GNS 127,Citizenship Education,2,75,16,39,55,C,2.75
P/HN/23/72900,Mass Communication,HND2,Female,22,Kaduna,Peace,Eze,peace.eze@yabatech.edu.ng,931.374.1217x7887,2024/2025,1st Semester,MAC 115,News Writing,3,79,18,44,62,BC,3.0
P/HN/23/72900,Mass Communication,HND2,Female,22,Kaduna,Peace,Eze,peace.eze@yabatech.edu.ng,931.374.1217x7887,2024/2025,1st Semester,MAC 107,Intro to Broadcasting,3,99,21,50,71,AB,3.5
F/ND/23/86852,Business Administration,ND2,Female,24,Ogun,Philip,Adetokunbo,philip.adetokunbo@yabatech.edu.ng,841-694-2649,2024/2025,1st Semester,ACC 111,Intro to Accounting,3,34,9,21,30,F,0.0
F/ND/23/86852,Business Administration,ND2,Female,24,Ogun,Philip,Adetokunbo,philip.adetokunbo@yabatech.edu.ng,841-694-2649,2024/2025,1st Semester,BAM 101,Intro to Business Admin,3,60,10,25,35,F,0.0
F/ND/23/86852,Business Administration,ND2,Female,24,Ogun,Philip,Adetokunbo,philip.adetokunbo@yabatech.edu.ng,841-694-2649,2024/2025,1st Semester,ECO 101,Intro to Economics,2,29,6,14,20,F,0.0
F/HN/23/81445,Science Lab Tech,HND1,Male,17,Bauchi,Joshua,Oyekan,joshua.oyekan@yabatech.edu.ng,(376)945-5047,2024/2025,1st Semester,MTH 111,Logic & Linear Algebra,2,85,25,60,85,A,4.0
F/HN/23/81445,Science Lab Tech,HND1,Male,17,Bauchi,Joshua,Oyekan,joshua.oyekan@yabatech.edu.ng,(376)945-5047,2024/2025,1st Semester,STB 111,General Biology,3,100,26,61,87,A,4.0
F/HN/23/81445,Science Lab Tech,HND1,Male,17,Bauchi,Joshua,Oyekan,joshua.oyekan@yabatech.edu.ng,(376)945-5047,2024/2025,1st Semester,GLT 111,General Lab Techniques,4,88,26,62,88,A,4.0
F/HN/23/81445,Science Lab Tech,HND1,Male,17,Bauchi,Joshua,Oyekan,joshua.oyekan@yabatech.edu.ng,(376)945-5047,2024/2025,1st Semester,GNS 101,Use of English,2,75,28,66,94,A,4.0
F/HN/23/81445,Science Lab Tech,HND1,Male,17,Bauchi,Joshua,Oyekan,joshua.oyekan@yabatech.edu.ng,(376)945-5047,2024/2025,1st Semester,STC 112,General Chemistry,3,91,28,67,95,A,4.0
P/HN/23/9962,Science Lab Tech,HND2,Male,30,Sokoto,Peace,Akinwale,peace.akinwale@yabatech.edu.ng,+1-406-711-4945x873,2024/2025,1st Semester,GLT 111,General Lab Techniques,4,50,12,28,40,E,2.0
P/HN/23/9962,Science Lab Tech,HND2,Male,30,Sokoto,Peace,Akinwale,peace.akinwale@yabatech.edu.ng,+1-406-711-4945x873,2024/2025,1st Semester,STC 112,General Chemistry,3,41,5,13,18,F,0.0
P/HN/23/9962,Science Lab Tech,HND2,Male,30,Sokoto,Peace,Akinwale,peace.akinwale@yabatech.edu.ng,+1-406-711-4945x873,2024/2025,1st Semester,MTH 111,Logic & Linear Algebra,2,18,8,20,28,F,0.0
P/HN/23/9962,Science Lab Tech,HND2,Male,30,Sokoto,Peace,Akinwale,peace.akinwale@yabatech.edu.ng,+1-406-711-4945x873,2024/2025,1st Semester,GNS 101,Use of English,2,48,6,14,20,F,0.0
P/HN/23/9962,Science Lab Tech,HND2,Male,30,Sokoto,Peace,Akinwale,peace.akinwale@yabatech.edu.ng,+1-406-711-4945x873,2024/2025,1st Semester,STB 111,General Biology,3,51,9,21,30,F,0.0
F/HN/23/71836,Science Lab Tech,HND2,Female,26,Sokoto,Philip,Abiola,philip.abiola@yabatech.edu.ng,355-803-4344,2024/2025,1st Semester,STC 112,General Chemistry,3,64,7,17,24,F,0.0
F/HN/23/71836,Science Lab Tech,HND2,Female,26,Sokoto,Philip,Abiola,philip.abiola@yabatech.edu.ng,355-803-4344,2024/2025,1st Semester,GLT 111,General Lab Techniques,4,72,8,19,27,F,0.0
F/HN/23/71836,Science Lab Tech,HND2,Female,26,Sokoto,Philip,Abiola,philip.abiola@yabatech.edu.ng,355-803-4344,2024/2025,1st Semester,STB 111,General Biology,3,41,3,7,10,F,0.0
F/HN/23/71836,Science Lab Tech,HND2,Female,26,Sokoto,Philip,Abiola,philip.abiola@yabatech.edu.ng,355-803-4344,2024/2025,1st Semester,MTH 111,Logic & Linear Algebra,2,47,6,14,20,F,0.0
F/HN/23/71836,Science Lab Tech,HND2,Female,26,Sokoto,Philip,Abiola,philip.abiola@yabatech.edu.ng,355-803-4344,2024/2025,1st Semester,GNS 101,Use of English,2,38,8,18,26,F,0.0
F/ND/23/62451,Computer Science,ND1,Female,17,Ebonyi,Philip,Ogunleye,philip.ogunleye@yabatech.edu.ng,518-571-5305x880,2024/2025,1st Semester,MTH 111,Logic & Linear Algebra,2,47,5,13,18,F,0.0
F/ND/23/62451,Computer Science,ND1,Female,17,Ebonyi,Philip,Ogunleye,philip.ogunleye@yabatech.edu.ng,518-571-5305x880,2024/2025,1st Semester,STA 111,Intro to Statistics,2,60,10,25,35,F,0.0
F/ND/23/62451,Computer Science,ND1,Female,17,Ebonyi,Philip,Ogunleye,philip.ogunleye@yabatech.edu.ng,518-571-5305x880,2024/2025,1st Semester,COM 101,Intro to Computing,4,73,12,28,40,E,2.0
F/ND/23/62451,Computer Science,ND1,Female,17,Ebonyi,Philip,Ogunleye,philip.ogunleye@yabatech.edu.ng,518-571-5305x880,2024/2025,1st Semester,GNS 101,Use of English,2,36,6,14,20,F,0.0
F/ND/23/62451,Computer Science,ND1,Female,17,Ebonyi,Philip,Ogunleye,philip.ogunleye@yabatech.edu.ng,518-571-5305x880,2024/2025,1st Semester,COM 112,Digital Electronics,3,55,15,37,52,CD,2.5
P/ND/23/59135,Computer Science,ND2,Male,16,Lagos,James,Balogun,james.balogun@yabatech.edu.ng,9666705443,2024/2025,1st Semester,COM 112,Digital Electronics,3,73,28,66,94,A,4.0
P/ND/23/59135,Computer Science,ND2,Male,16,Lagos,James,Balogun,james.balogun@yabatech.edu.ng,9666705443,2024/2025,1st Semester,COM 113,Intro to Programming,4,85,30,70,100,A,4.0
P/ND/23/59135,Computer Science,ND2,Male,16,Lagos,James,Balogun,james.balogun@yabatech.edu.ng,9666705443,2024/2025,1st Semester,STA 111,Intro to Statistics,2,88,27,64,91,A,4.0
P/ND/23/59135,Computer Science,ND2,Male,16,Lagos,James,Balogun,james.balogun@yabatech.edu.ng,9666705443,2024/2025,1st Semester,GNS 101,Use of English,2,83,28,67,95,A,4.0
P/ND/23/59135,Computer Science,ND2,Male,16,Lagos,James,Balogun,james.balogun@yabatech.edu.ng,9666705443,2024/2025,1st Semester,COM 101,Intro to Computing,4,71,30,70,100,A,4.0
P/ND/23/59135,Computer Science,ND2,Male,16,Lagos,James,Balogun,james.balogun@yabatech.edu.ng,9666705443,2024/2025,1st Semester,MTH 111,Logic & Linear Algebra,2,66,26,61,87,A,4.0
F/HN/23/7550,Science Lab Tech,HND1,Male,24,Nasarawa,Faith,Okafor,faith.okafor@yabatech.edu.ng,+1-703-731-0243x583,2024/2025,1st Semester,GNS 101,Use of English,2,44,2,4,6,F,0.0
F/HN/23/7550,Science Lab Tech,HND1,Male,24,Nasarawa,Faith,Okafor,faith.okafor@yabatech.edu.ng,+1-703-731-0243x583,2024/2025,1st Semester,STB 111,General Biology,3,56,9,21,30,F,0.0
F/HN/23/7550,Science Lab Tech,HND1,Male,24,Nasarawa,Faith,Okafor,faith.okafor@yabatech.edu.ng,+1-703-731-0243x583,2024/2025,1st Semester,MTH 111,Logic & Linear Algebra,2,51,7,17,24,F,0.0
F/HN/23/7550,Science Lab Tech,HND1,Male,24,Nasarawa,Faith,Okafor,faith.okafor@yabatech.edu.ng,+1-703-731-0243x583,2024/2025,1st Semester,GLT 111,General Lab Techniques,4,50,10,25,35,F,0.0
F/HN/23/7550,Science Lab Tech,HND1,Male,24,Nasarawa,Faith,Okafor,faith.okafor@yabatech.edu.ng,+1-703-731-0243x583,2024/2025,1st Semester,STC 112,General Chemistry,3,50,9,21,30,F,0.0
F/ND/23/13891,Civil Engineering,ND1,Male,26,Bayelsa,Mark,Ekwueme,mark.ekwueme@yabatech.edu.ng,+1-541-748-7935,2024/2025,1st Semester,CEC 110,Fluid Mechanics,4,72,27,64,91,A,4.0
F/ND/23/13891,Civil Engineering,ND1,Male,26,Bayelsa,Mark,Ekwueme,mark.ekwueme@yabatech.edu.ng,+1-541-748-7935,2024/2025,1st Semester,MEC 101,Workshop Technology,2,71,28,67,95,A,4.0
F/ND/23/13891,Civil Engineering,ND1,Male,26,Bayelsa,Mark,Ekwueme,mark.ekwueme@yabatech.edu.ng,+1-541-748-7935,2024/2025,1st Semester,CEC 101,Engineering Drawing,3,61,30,70,100,A,4.0
P/HN/23/65973,Electrical Engineering,HND2,Male,24,Osun,Grace,Eze,grace.eze@yabatech.edu.ng,7494126132,2024/2025,1st Semester,EEC 111,Electrical Science,3,48,9,22,31,F,0.0
P/HN/23/65973,Electrical Engineering,HND2,Male,24,Osun,Grace,Eze,grace.eze@yabatech.edu.ng,7494126132,2024/2025,1st Semester,MTH 111,Logic & Linear Algebra,2,34,5,13,18,F,0.0
P/HN/23/65973,Electrical Engineering,HND2,Male,24,Osun,Grace,Eze,grace.eze@yabatech.edu.ng,7494126132,2024/2025,1st Semester,GNS 101,Use of English,2,23,8,18,26,F,0.0
P/HN/23/65973,Electrical Engineering,HND2,Male,24,Osun,Grace,Eze,grace.eze@yabatech.edu.ng,7494126132,2024/2025,1st Semester,EEC 115,Electrical Graphics,2,66,11,27,38,F,0.0
P/HN/23/65973,Electrical Engineering,HND2,Male,24,Osun,Grace,Eze,grace.eze@yabatech.edu.ng,7494126132,2024/2025,1st Semester,MEC 112,Mechanical Workshop,2,57,14,33,47,D,2.25
P/HN/23/46567,Electrical Engineering,HND2,Female,23,Plateau,David,Ojo,david.ojo@yabatech.edu.ng,855-999-6138x3006,2024/2025,1st Semester,MEC 112,Mechanical Workshop,2,68,17,40,57,C,2.75
P/HN/23/46567,Electrical Engineering,HND2,Female,23,Plateau,David,Ojo,david.ojo@yabatech.edu.ng,855-999-6138x3006,2024/2025,1st Semester,MTH 111,Logic & Linear Algebra,2,75,21,50,71,AB,3.5
P/HN/23/46567,Electrical Engineering,HND2,Female,23,Plateau,David,Ojo,david.ojo@yabatech.edu.ng,855-999-6138x3006,2024/2025,1st Semester,EEC 115,Electrical Graphics,2,61,19,44,63,BC,3.0
P/HN/23/46567,Electrical Engineering,HND2,Female,23,Plateau,David,Ojo,david.ojo@yabatech.edu.ng,855-999-6138x3006,2024/2025,1st Semester,GNS 101,Use of English,2,95,19,45,64,BC,3.0
P/HN/23/46567,Electrical Engineering,HND2,Female,23,Plateau,David,Ojo,david.ojo@yabatech.edu.ng,855-999-6138x3006,2024/2025,1st Semester,EEC 111,Electrical Science,3,68,19,44,63,BC,3.0
P/HN/23/3853,Civil Engineering,HND1,Male,18,Bayelsa,Daniel,Adeyemi,daniel.adeyemi@yabatech.edu.ng,(214)339-4215,2024/2025,1st Semester,CEC 110,Fluid Mechanics,4,54,9,22,31,F,0.0
P/HN/23/3853,Civil Engineering,HND1,Male,18,Bayelsa,Daniel,Adeyemi,daniel.adeyemi@yabatech.edu.ng,(214)339-4215,2024/2025,1st Semester,MEC 101,Workshop Technology,2,62,11,27,38,F,0.0
P/HN/23/3853,Civil Engineering,HND1,Male,18,Bayelsa,Daniel,Adeyemi,daniel.adeyemi@yabatech.edu.ng,(214)339-4215,2024/2025,1st Semester,CEC 101,Engineering Drawing,3,64,12,29,41,E,2.0
F/ND/23/34269,Computer Science,ND2,Female,20,Abia,Comfort,Balogun,comfort.balogun@yabatech.edu.ng,6704454312,2024/2025,1st Semester,COM 113,Intro to Programming,4,73,20,48,68,B,3.25
F/ND/23/34269,Computer Science,ND2,Female,20,Abia,Comfort,Balogun,comfort.balogun@yabatech.edu.ng,6704454312,2024/2025,1st Semester,MTH 111,Logic & Linear Algebra,2,81,25,58,83,A,4.0
F/ND/23/34269,Computer Science,ND2,Female,20,Abia,Comfort,Balogun,comfort.balogun@yabatech.edu.ng,6704454312,2024/2025,1st Semester,COM 112,Digital Electronics,3,62,25,58,83,A,4.0
F/ND/23/34269,Computer Science,ND2,Female,20,Abia,Comfort,Balogun,comfort.balogun@yabatech.edu.ng,6704454312,2024/2025,1st Semester,STA 111,Intro to Statistics,2,59,19,46,65,B,3.25
F/ND/23/34269,Computer Science,ND2,Female,20,Abia,Comfort,Balogun,comfort.balogun@yabatech.edu.ng,6704454312,2024/2025,1st Semester,COM 101,Intro to Computing,4,75,20,47,67,B,3.25
F/ND/23/12678,Computer Science,ND1,Male,30,Rivers,Faith,Obasanjo,faith.obasanjo@yabatech.edu.ng,+1-409-741-4375x168,2024/2025,1st Semester,COM 112,Digital Electronics,3,62,13,31,44,E,2.0
F/ND/23/12678,Computer Science,ND1,Male,30,Rivers,Faith,Obasanjo,faith.obasanjo@yabatech.edu.ng,+1-409-741-4375x168,2024/2025,1st Semester,STA 111,Intro to Statistics,2,46,10,24,34,F,0.0
F/ND/23/12678,Computer Science,ND1,Male,30,Rivers,Faith,Obasanjo,faith.obasanjo@yabatech.edu.ng,+1-409-741-4375x168,2024/2025,1st Semester,COM 113,Intro to Programming,4,66,17,40,57,C,2.75
F/ND/23/12678,Computer Science,ND1,Male,30,Rivers,Faith,Obasanjo,faith.obasanjo@yabatech.edu.ng,+1-409-741-4375x168,2024/2025,1st Semester,GNS 101,Use of English,2,39,12,30,42,E,2.0
F/ND/23/12678,Computer Science,ND1,Male,30,Rivers,Faith,Obasanjo,faith.obasanjo@yabatech.edu.ng,+1-409-741-4375x168,2024/2025,1st Semester,COM 101,Intro to Computing,4,46,8,19,27,F,0.0
P/ND/23/67987,Science Lab Tech,ND2,Male,17,Adamawa,Sarah,Eze,sarah.eze@yabatech.edu.ng,(985)940-3812x409,2024/2025,1st Semester,STC 112,General Chemistry,3,68,26,60,86,A,4.0
P/ND/23/67987,Science Lab Tech,ND2,Male,17,Adamawa,Sarah,Eze,sarah.eze@yabatech.edu.ng,(985)940-3812x409,2024/2025,1st Semester,GNS 101,Use of English,2,75,29,68,97,A,4.0
P/ND/23/67987,Science Lab Tech,ND2,Male,17,Adamawa,Sarah,Eze,sarah.eze@yabatech.edu.ng,(985)940-3812x409,2024/2025,1st Semester,MTH 111,Logic & Linear Algebra,2,72,26,60,86,A,4.0
P/ND/23/67987,Science Lab Tech,ND2,Male,17,Adamawa,Sarah,Eze,sarah.eze@yabatech.edu.ng,(985)940-3812x409,2024/2025,1st Semester,GLT 111,General Lab Techniques,4,80,28,67,95,A,4.0
P/ND/23/67987,Science Lab Tech,ND2,Male,17,Adamawa,Sarah,Eze,sarah.eze@yabatech.edu.ng,(985)940-3812x409,2024/2025,1st Semester,STB 111,General Biology,3,71,29,69,98,A,4.0
F/HN/23/46780,Electrical Engineering,HND2,Male,25,Osun,Blessing,Abiola,blessing.abiola@yabatech.edu.ng,(219)606-3791x89853,2024/2025,1st Semester,MTH 111,Logic & Linear Algebra,2,100,26,61,87,A,4.0
F/HN/23/46780,Electrical Engineering,HND2,Male,25,Osun,Blessing,Abiola,blessing.abiola@yabatech.edu.ng,(219)606-3791x89853,2024/2025,1st Semester,EEC 115,Electrical Graphics,2,77,27,63,90,A,4.0
F/HN/23/46780,Electrical Engineering,HND2,Male,25,Osun,Blessing,Abiola,blessing.abiola@yabatech.edu.ng,(219)606-3791x89853,2024/2025,1st Semester,EEC 111,Electrical Science,3,88,29,68,97,A,4.0
F/HN/23/46780,Electrical Engineering,HND2,Male,25,Osun,Blessing,Abiola,blessing.abiola@yabatech.edu.ng,(219)606-3791x89853,2024/2025,1st Semester,MEC 112,Mechanical Workshop,2,89,26,62,88,A,4.0
F/HN/23/46780,Electrical Engineering,HND2,Male,25,Osun,Blessing,Abiola,blessing.abiola@yabatech.edu.ng,(219)606-3791x89853,2024/2025,1st Semester,GNS 101,Use of English,2,100,27,63,90,A,4.0
F/HN/23/72085,Civil Engineering,HND1,Female,21,Ebonyi,Elizabeth,Uche,elizabeth.uche@yabatech.edu.ng,480.496.5567x108,2024/2025,1st Semester,CEC 101,Engineering Drawing,3,72,8,18,26,F,0.0
F/HN/23/72085,Civil Engineering,HND1,Female,21,Ebonyi,Elizabeth,Uche,elizabeth.uche@yabatech.edu.ng,480.496.5567x108,2024/2025,1st Semester,CEC 110,Fluid Mechanics,4,7,1,2,3,F,0.0
F/HN/23/72085,Civil Engineering,HND1,Female,21,Ebonyi,Elizabeth,Uche,elizabeth.uche@yabatech.edu.ng,480.496.5567x108,2024/2025,1st Semester,MEC 101,Workshop Technology,2,46,5,13,18,F,0.0
P/ND/23/36261,Computer Science,ND2,Female,23,Yobe,Hope,Nnamani,hope.nnamani@yabatech.edu.ng,435-486-4876x7136,2024/2025,1st Semester,STA 111,Intro to Statistics,2,73,13,30,43,E,2.0
P/ND/23/36261,Computer Science,ND2,Female,23,Yobe,Hope,Nnamani,hope.nnamani@yabatech.edu.ng,435-486-4876x7136,2024/2025,1st Semester,MTH 111,Logic & Linear Algebra,2,25,15,36,51,CD,2.5
P/ND/23/36261,Computer Science,ND2,Female,23,Yobe,Hope,Nnamani,hope.nnamani@yabatech.edu.ng,435-486-4876x7136,2024/2025,1st Semester,COM 101,Intro to Computing,4,46,12,29,41,E,2.0
P/ND/23/36261,Computer Science,ND2,Female,23,Yobe,Hope,Nnamani,hope.nnamani@yabatech.edu.ng,435-486-4876x7136,2024/2025,1st Semester,COM 113,Intro to Programming,4,59,16,38,54,CD,2.5
P/ND/23/36261,Computer Science,ND2,Female,23,Yobe,Hope,Nnamani,hope.nnamani@yabatech.edu.ng,435-486-4876x7136,2024/2025,1st Semester,GNS 101,Use of English,2,71,16,38,54,CD,2.5
P/ND/23/36261,Computer Science,ND2,Female,23,Yobe,Hope,Nnamani,hope.nnamani@yabatech.edu.ng,435-486-4876x7136,2024/2025,1st Semester,COM 112,Digital Electronics,3,55,16,37,53,CD,2.5
P/HN/23/84570,Mass Communication,HND2,Female,18,Ondo,David,Okonkwo,david.okonkwo@yabatech.edu.ng,(358)618-7445x90676,2024/2025,1st Semester,GNS 127,Citizenship Education,2,85,24,56,80,A,4.0
P/HN/23/84570,Mass Communication,HND2,Female,18,Ondo,David,Okonkwo,david.okonkwo@yabatech.edu.ng,(358)618-7445x90676,2024/2025,1st Semester,GNS 101,Use of English,2,76,25,60,85,A,4.0
P/HN/23/84570,Mass Communication,HND2,Female,18,Ondo,David,Okonkwo,david.okonkwo@yabatech.edu.ng,(358)618-7445x90676,2024/2025,1st Semester,MAC 115,News Writing,3,82,22,52,74,AB,3.5
P/HN/23/84570,Mass Communication,HND2,Female,18,Ondo,David,Okonkwo,david.okonkwo@yabatech.edu.ng,(358)618-7445x90676,2024/2025,1st Semester,MAC 101,Intro to Mass Comm,3,78,22,51,73,AB,3.5
P/HN/23/84570,Mass Communication,HND2,Female,18,Ondo,David,Okonkwo,david.okonkwo@yabatech.edu.ng,(358)618-7445x90676,2024/2025,1st Semester,MAC 107,Intro to Broadcasting,3,80,21,50,71,AB,3.5
F/ND/23/41905,Science Lab Tech,ND2,Male,16,Lagos,Victoria,Adetokunbo,victoria.adetokunbo@yabatech.edu.ng,(302)972-3061,2024/2025,1st Semester,GLT 111,General Lab Techniques,4,89,22,52,74,AB,3.5
F/ND/23/41905,Science Lab Tech,ND2,Male,16,Lagos,Victoria,Adetokunbo,victoria.adetokunbo@yabatech.edu.ng,(302)972-3061,2024/2025,1st Semester,STB 111,General Biology,3,76,22,52,74,AB,3.5
F/ND/23/41905,Science Lab Tech,ND2,Male,16,Lagos,Victoria,Adetokunbo,victoria.adetokunbo@yabatech.edu.ng,(302)972-3061,2024/2025,1st Semester,GNS 101,Use of English,2,76,23,54,77,A,4.0
F/ND/23/41905,Science Lab Tech,ND2,Male,16,Lagos,Victoria,Adetokunbo,victoria.adetokunbo@yabatech.edu.ng,(302)972-3061,2024/2025,1st Semester,STC 112,General Chemistry,3,100,22,53,75,A,4.0
F/ND/23/41905,Science Lab Tech,ND2,Male,16,Lagos,Victoria,Adetokunbo,victoria.adetokunbo@yabatech.edu.ng,(302)972-3061,2024/2025,1st Semester,MTH 111,Logic & Linear Algebra,2,63,22,51,73,AB,3.5
P/ND/23/27094,Civil Engineering,ND1,Male,28,Gombe,Mark,Oyekan,mark.oyekan@yabatech.edu.ng,+1-284-244-0990,2024/2025,1st Semester,CEC 110,Fluid Mechanics,4,40,9,21,30,F,0.0
P/ND/23/27094,Civil Engineering,ND1,Male,28,Gombe,Mark,Oyekan,mark.oyekan@yabatech.edu.ng,+1-284-244-0990,2024/2025,1st Semester,MEC 101,Workshop Technology,2,51,11,27,38,F,0.0
P/ND/23/27094,Civil Engineering,ND1,Male,28,Gombe,Mark,Oyekan,mark.oyekan@yabatech.edu.ng,+1-284-244-0990,2024/2025,1st Semester,CEC 101,Engineering Drawing,3,26,12,29,41,E,2.0
F/ND/23/52735,Electrical Engineering,ND2,Male,18,Benue,Stephen,Obi,stephen.obi@yabatech.edu.ng,(533)241-1397,2024/2025,1st Semester,EEC 115,Electrical Graphics,2,54,13,31,44,E,2.0
F/ND/23/52735,Electrical Engineering,ND2,Male,18,Benue,Stephen,Obi,stephen.obi@yabatech.edu.ng,(533)241-1397,2024/2025,1st Semester,GNS 101,Use of English,2,61,16,39,55,C,2.75
F/ND/23/52735,Electrical Engineering,ND2,Male,18,Benue,Stephen,Obi,stephen.obi@yabatech.edu.ng,(533)241-1397,2024/2025,1st Semester,MTH 111,Logic & Linear Algebra,2,68,14,33,47,D,2.25
F/ND/23/52735,Electrical Engineering,ND2,Male,18,Benue,Stephen,Obi,stephen.obi@yabatech.edu.ng,(533)241-1397,2024/2025,1st Semester,MEC 112,Mechanical Workshop,2,35,10,24,34,F,0.0
F/ND/23/52735,Electrical Engineering,ND2,Male,18,Benue,Stephen,Obi,stephen.obi@yabatech.edu.ng,(533)241-1397,2024/2025,1st Semester,EEC 111,Electrical Science,3,39,11,26,37,F,0.0
P/ND/23/78023,Mass Communication,ND2,Male,20,Cross River,Stephen,Ogunleye,stephen.ogunleye@yabatech.edu.ng,001-483-693-8648x0567,2024/2025,1st Semester,GNS 127,Citizenship Education,2,72,11,26,37,F,0.0
P/ND/23/78023,Mass Communication,ND2,Male,20,Cross River,Stephen,Ogunleye,stephen.ogunleye@yabatech.edu.ng,001-483-693-8648x0567,2024/2025,1st Semester,GNS 101,Use of English,2,62,7,17,24,F,0.0
P/ND/23/78023,Mass Communication,ND2,Male,20,Cross River,Stephen,Ogunleye,stephen.ogunleye@yabatech.edu.ng,001-483-693-8648x0567,2024/2025,1st Semester,MAC 107,Intro to Broadcasting,3,72,10,24,34,F,0.0
P/ND/23/78023,Mass Communication,ND2,Male,20,Cross River,Stephen,Ogunleye,stephen.ogunleye@yabatech.edu.ng,001-483-693-8648x0567,2024/2025,1st Semester,MAC 101,Intro to Mass Comm,3,46,8,19,27,F,0.0
P/ND/23/78023,Mass Communication,ND2,Male,20,Cross River,Stephen,Ogunleye,stephen.ogunleye@yabatech.edu.ng,001-483-693-8648x0567,2024/2025,1st Semester,MAC 115,News Writing,3,43,2,5,7,F,0.0
P/HN/23/13952,Mass Communication,HND1,Female,27,Bayelsa,Simon,Adetokunbo,simon.adetokunbo@yabatech.edu.ng,(706)334-7652,2024/2025,1st Semester,GNS 127,Citizenship Education,2,30,15,36,51,CD,2.5
P/HN/23/13952,Mass Communication,HND1,Female,27,Bayelsa,Simon,Adetokunbo,simon.adetokunbo@yabatech.edu.ng,(706)334-7652,2024/2025,1st Semester,GNS 101,Use of English,2,63,17,41,58,C,2.75
P/HN/23/13952,Mass Communication,HND1,Female,27,Bayelsa,Simon,Adetokunbo,simon.adetokunbo@yabatech.edu.ng,(706)334-7652,2024/2025,1st Semester,MAC 107,Intro to Broadcasting,3,53,17,41,58,C,2.75
P/HN/23/13952,Mass Communication,HND1,Female,27,Bayelsa,Simon,Adetokunbo,simon.adetokunbo@yabatech.edu.ng,(706)334-7652,2024/2025,1st Semester,MAC 101,Intro to Mass Comm,3,37,12,28,40,E,2.0
P/HN/23/13952,Mass Communication,HND1,Female,27,Bayelsa,Simon,Adetokunbo,simon.adetokunbo@yabatech.edu.ng,(706)334-7652,2024/2025,1st Semester,MAC 115,News Writing,3,73,17,41,58,C,2.75
P/ND/23/6339,Electrical Engineering,ND2,Male,22,Ogun,Michael,Olawale,michael.olawale@yabatech.edu.ng,5335023876,2024/2025,1st Semester,MTH 111,Logic & Linear Algebra,2,54,25,60,85,A,4.0
P/ND/23/6339,Electrical Engineering,ND2,Male,22,Ogun,Michael,Olawale,michael.olawale@yabatech.edu.ng,5335023876,2024/2025,1st Semester,EEC 111,Electrical Science,3,91,25,59,84,A,4.0
P/ND/23/6339,Electrical Engineering,ND2,Male,22,Ogun,Michael,Olawale,michael.olawale@yabatech.edu.ng,5335023876,2024/2025,1st Semester,GNS 101,Use of English,2,72,25,58,83,A,4.0
P/ND/23/6339,Electrical Engineering,ND2,Male,22,Ogun,Michael,Olawale,michael.olawale@yabatech.edu.ng,5335023876,2024/2025,1st Semester,MEC 112,Mechanical Workshop,2,74,24,56,80,A,4.0
P/ND/23/6339,Electrical Engineering,ND2,Male,22,Ogun,Michael,Olawale,michael.olawale@yabatech.edu.ng,5335023876,2024/2025,1st Semester,EEC 115,Electrical Graphics,2,73,27,63,90,A,4.0
P/ND/23/47010,Science Lab Tech,ND1,Female,18,Kwara,Angela,Adetokunbo,angela.adetokunbo@yabatech.edu.ng,646-420-0665x31932,2024/2025,1st Semester,STC 112,General Chemistry,3,85,27,63,90,A,4.0
P/ND/23/47010,Science Lab Tech,ND1,Female,18,Kwara,Angela,Adetokunbo,angela.adetokunbo@yabatech.edu.ng,646-420-0665x31932,2024/2025,1st Semester,GLT 111,General Lab Techniques,4,88,23,55,78,A,4.0
P/ND/23/47010,Science Lab Tech,ND1,Female,18,Kwara,Angela,Adetokunbo,angela.adetokunbo@yabatech.edu.ng,646-420-0665x31932,2024/2025,1st Semester,GNS 101,Use of English,2,77,26,62,88,A,4.0
P/ND/23/47010,Science Lab Tech,ND1,Female,18,Kwara,Angela,Adetokunbo,angela.adetokunbo@yabatech.edu.ng,646-420-0665x31932,2024/2025,1st Semester,MTH 111,Logic & Linear Algebra,2,85,26,61,87,A,4.0
P/ND/23/47010,Science Lab Tech,ND1,Female,18,Kwara,Angela,Adetokunbo,angela.adetokunbo@yabatech.edu.ng,646-420-0665x31932,2024/2025,1st Semester,STB 111,General Biology,3,78,27,65,92,A,4.0
F/HN/23/9645,Business Administration,HND1,Male,24,Ebonyi,Paul,Adeyemi,paul.adeyemi@yabatech.edu.ng,853-731-7081,2024/2025,1st Semester,ACC 111,Intro to Accounting,3,70,25,59,84,A,4.0
F/HN/23/9645,Business Administration,HND1,Male,24,Ebonyi,Paul,Adeyemi,paul.adeyemi@yabatech.edu.ng,853-731-7081,2024/2025,1st Semester,BAM 101,Intro to Business Admin,3,69,28,66,94,A,4.0
F/HN/23/9645,Business Administration,HND1,Male,24,Ebonyi,Paul,Adeyemi,paul.adeyemi@yabatech.edu.ng,853-731-7081,2024/2025,1st Semester,ECO 101,Intro to Economics,2,73,24,56,80,A,4.0
P/HN/23/50632,Business Administration,HND1,Female,28,Delta,Comfort,Adetokunbo,comfort.adetokunbo@yabatech.edu.ng,001-546-323-2408,2024/2025,1st Semester,BAM 101,Intro to Business Admin,3,53,17,39,56,C,2.75
P/HN/23/50632,Business Administration,HND1,Female,28,Delta,Comfort,Adetokunbo,comfort.adetokunbo@yabatech.edu.ng,001-546-323-2408,2024/2025,1st Semester,ECO 101,Intro to Economics,2,41,12,30,42,E,2.0
P/HN/23/50632,Business Administration,HND1,Female,28,Delta,Comfort,Adetokunbo,comfort.adetokunbo@yabatech.edu.ng,001-546-323-2408,2024/2025,1st Semester,ACC 111,Intro to Accounting,3,55,16,39,55,C,2.75
P/HN/23/89809,Civil Engineering,HND2,Female,25,Niger,Blessing,Nnamani,blessing.nnamani@yabatech.edu.ng,(789)294-8915x4998,2024/2025,1st Semester,CEC 110,Fluid Mechanics,4,84,26,60,86,A,4.0
P/HN/23/89809,Civil Engineering,HND2,Female,25,Niger,Blessing,Nnamani,blessing.nnamani@yabatech.edu.ng,(789)294-8915x4998,2024/2025,1st Semester,CEC 101,Engineering Drawing,3,69,25,58,83,A,4.0
P/HN/23/89809,Civil Engineering,HND2,Female,25,Niger,Blessing,Nnamani,blessing.nnamani@yabatech.edu.ng,(789)294-8915x4998,2024/2025,1st Semester,MEC 101,Workshop Technology,2,90,21,50,71,AB,3.5
F/ND/23/40175,Electrical Engineering,ND2,Female,24,Ebonyi,Agnes,Balogun,agnes.balogun@yabatech.edu.ng,249.275.0764,2024/2025,1st Semester,EEC 115,Electrical Graphics,2,71,16,39,55,C,2.75
F/ND/23/40175,Electrical Engineering,ND2,Female,24,Ebonyi,Agnes,Balogun,agnes.balogun@yabatech.edu.ng,249.275.0764,2024/2025,1st Semester,MTH 111,Logic & Linear Algebra,2,62,20,47,67,B,3.25
F/ND/23/40175,Electrical Engineering,ND2,Female,24,Ebonyi,Agnes,Balogun,agnes.balogun@yabatech.edu.ng,249.275.0764,2024/2025,1st Semester,EEC 111,Electrical Science,3,99,17,41,58,C,2.75
F/ND/23/40175,Electrical Engineering,ND2,Female,24,Ebonyi,Agnes,Balogun,agnes.balogun@yabatech.edu.ng,249.275.0764,2024/2025,1st Semester,GNS 101,Use of English,2,80,19,44,63,BC,3.0
F/ND/23/40175,Electrical Engineering,ND2,Female,24,Ebonyi,Agnes,Balogun,agnes.balogun@yabatech.edu.ng,249.275.0764,2024/2025,1st Semester,MEC 112,Mechanical Workshop,2,81,21,49,70,AB,3.5
P/ND/23/56009,Electrical Engineering,ND2,Female,23,Nasarawa,Patience,Balogun,patience.balogun@yabatech.edu.ng,001-678-812-5445x83252,2024/2025,1st Semester,EEC 111,Electrical Science,3,62,20,48,68,B,3.25
P/ND/23/56009,Electrical Engineering,ND2,Female,23,Nasarawa,Patience,Balogun,patience.balogun@yabatech.edu.ng,001-678-812-5445x83252,2024/2025,1st Semester,EEC 115,Electrical Graphics,2,77,22,52,74,AB,3.5
P/ND/23/56009,Electrical Engineering,ND2,Female,23,Nasarawa,Patience,Balogun,patience.balogun@yabatech.edu.ng,001-678-812-5445x83252,2024/2025,1st Semester,GNS 101,Use of English,2,55,18,43,61,BC,3.0
P/ND/23/56009,Electrical Engineering,ND2,Female,23,Nasarawa,Patience,Balogun,patience.balogun@yabatech.edu.ng,001-678-812-5445x83252,2024/2025,1st Semester,MTH 111,Logic & Linear Algebra,2,92,21,49,70,AB,3.5
P/ND/23/56009,Electrical Engineering,ND2,Female,23,Nasarawa,Patience,Balogun,patience.balogun@yabatech.edu.ng,001-678-812-5445x83252,2024/2025,1st Semester,MEC 112,Mechanical Workshop,2,79,18,43,61,BC,3.0
P/HN/23/35082,Computer Science,HND2,Male,23,Abia,Benjamin,Abiola,benjamin.abiola@yabatech.edu.ng,+1-780-275-7160x580,2024/2025,1st Semester,GNS 101,Use of English,2,88,19,45,64,BC,3.0
P/HN/23/35082,Computer Science,HND2,Male,23,Abia,Benjamin,Abiola,benjamin.abiola@yabatech.edu.ng,+1-780-275-7160x580,2024/2025,1st Semester,COM 113,Intro to Programming,4,76,19,45,64,BC,3.0
P/HN/23/35082,Computer Science,HND2,Male,23,Abia,Benjamin,Abiola,benjamin.abiola@yabatech.edu.ng,+1-780-275-7160x580,2024/2025,1st Semester,MTH 111,Logic & Linear Algebra,2,100,18,42,60,BC,3.0
P/HN/23/35082,Computer Science,HND2,Male,23,Abia,Benjamin,Abiola,benjamin.abiola@yabatech.edu.ng,+1-780-275-7160x580,2024/2025,1st Semester,STA 111,Intro to Statistics,2,84,15,35,50,CD,2.5
P/HN/23/35082,Computer Science,HND2,Male,23,Abia,Benjamin,Abiola,benjamin.abiola@yabatech.edu.ng,+1-780-275-7160x580,2024/2025,1st Semester,COM 101,Intro to Computing,4,86,16,37,53,CD,2.5
P/HN/23/35082,Computer Science,HND2,Male,23,Abia,Benjamin,Abiola,benjamin.abiola@yabatech.edu.ng,+1-780-275-7160x580,2024/2025,1st Semester,COM 112,Digital Electronics,3,92,19,46,65,B,3.25
P/ND/23/43263,Mass Communication,ND2,Female,24,Ogun,Andrew,Adetokunbo,andrew.adetokunbo@yabatech.edu.ng,001-926-532-4381,2024/2025,1st Semester,GNS 127,Citizenship Education,2,84,22,51,73,AB,3.5
P/ND/23/43263,Mass Communication,ND2,Female,24,Ogun,Andrew,Adetokunbo,andrew.adetokunbo@yabatech.edu.ng,001-926-532-4381,2024/2025,1st Semester,MAC 115,News Writing,3,62,24,56,80,A,4.0
P/ND/23/43263,Mass Communication,ND2,Female,24,Ogun,Andrew,Adetokunbo,andrew.adetokunbo@yabatech.edu.ng,001-926-532-4381,2024/2025,1st Semester,MAC 107,Intro to Broadcasting,3,72,19,45,64,BC,3.0
P/ND/23/43263,Mass Communication,ND2,Female,24,Ogun,Andrew,Adetokunbo,andrew.adetokunbo@yabatech.edu.ng,001-926-532-4381,2024/2025,1st Semester,MAC 101,Intro to Mass Comm,3,75,23,55,78,A,4.0
P/ND/23/43263,Mass Communication,ND2,Female,24,Ogun,Andrew,Adetokunbo,andrew.adetokunbo@yabatech.edu.ng,001-926-532-4381,2024/2025,1st Semester,GNS 101,Use of English,2,56,19,46,65,B,3.25
F/ND/23/35948,Computer Science,ND2,Male,24,Cross River,Benjamin,Ojo,benjamin.ojo@yabatech.edu.ng,328.721.1702,2024/2025,1st Semester,COM 101,Intro to Computing,4,58,30,70,100,A,4.0
F/ND/23/35948,Computer Science,ND2,Male,24,Cross River,Benjamin,Ojo,benjamin.ojo@yabatech.edu.ng,328.721.1702,2024/2025,1st Semester,COM 112,Digital Electronics,3,93,29,68,97,A,4.0
F/ND/23/35948,Computer Science,ND2,Male,24,Cross River,Benjamin,Ojo,benjamin.ojo@yabatech.edu.ng,328.721.1702,2024/2025,1st Semester,GNS 101,Use of English,2,62,30,70,100,A,4.0
F/ND/23/35948,Computer Science,ND2,Male,24,Cross River,Benjamin,Ojo,benjamin.ojo@yabatech.edu.ng,328.721.1702,2024/2025,1st Semester,COM 113,Intro to Programming,4,74,29,68,97,A,4.0
F/ND/23/35948,Computer Science,ND2,Male,24,Cross River,Benjamin,Ojo,benjamin.ojo@yabatech.edu.ng,328.721.1702,2024/2025,1st Semester,STA 111,Intro to Statistics,2,73,26,61,87,A,4.0
F/HN/23/7934,Science Lab Tech,HND2,Male,28,Jigawa,Stephen,Oshodi,stephen.oshodi@yabatech.edu.ng,+1-853-916-7529x869,2024/2025,1st Semester,GLT 111,General Lab Techniques,4,32,8,18,26,F,0.0
F/HN/23/7934,Science Lab Tech,HND2,Male,28,Jigawa,Stephen,Oshodi,stephen.oshodi@yabatech.edu.ng,+1-853-916-7529x869,2024/2025,1st Semester,STB 111,General Biology,3,52,11,27,38,F,0.0
F/HN/23/7934,Science Lab Tech,HND2,Male,28,Jigawa,Stephen,Oshodi,stephen.oshodi@yabatech.edu.ng,+1-853-916-7529x869,2024/2025,1st Semester,GNS 101,Use of English,2,60,11,27,38,F,0.0
F/HN/23/7934,Science Lab Tech,HND2,Male,28,Jigawa,Stephen,Oshodi,stephen.oshodi@yabatech.edu.ng,+1-853-916-7529x869,2024/2025,1st Semester,MTH 111,Logic & Linear Algebra,2,36,10,25,35,F,0.0
F/HN/23/7934,Science Lab Tech,HND2,Male,28,Jigawa,Stephen,Oshodi,stephen.oshodi@yabatech.edu.ng,+1-853-916-7529x869,2024/2025,1st Semester,STC 112,General Chemistry,3,49,11,26,37,F,0.0
F/HN/23/83514,Business Administration,HND1,Female,26,Taraba,Peace,Chukwu,peace.chukwu@yabatech.edu.ng,(979)911-7055,2024/2025,1st Semester,BAM 101,Intro to Business Admin,3,82,20,48,68,B,3.25
F/HN/23/83514,Business Administration,HND1,Female,26,Taraba,Peace,Chukwu,peace.chukwu@yabatech.edu.ng,(979)911-7055,2024/2025,1st Semester,ECO 101,Intro to Economics,2,97,18,42,60,BC,3.0
F/HN/23/83514,Business Administration,HND1,Female,26,Taraba,Peace,Chukwu,peace.chukwu@yabatech.edu.ng,(979)911-7055,2024/2025,1st Semester,ACC 111,Intro to Accounting,3,67,19,44,63,BC,3.0
F/ND/23/41057,Electrical Engineering,ND2,Male,30,Kogi,Mary,Balogun,mary.balogun@yabatech.edu.ng,865.860.0155x5006,2024/2025,1st Semester,GNS 101,Use of English,2,42,10,24,34,F,0.0
F/ND/23/41057,Electrical Engineering,ND2,Male,30,Kogi,Mary,Balogun,mary.balogun@yabatech.edu.ng,865.860.0155x5006,2024/2025,1st Semester,MTH 111,Logic & Linear Algebra,2,44,6,15,21,F,0.0
F/ND/23/41057,Electrical Engineering,ND2,Male,30,Kogi,Mary,Balogun,mary.balogun@yabatech.edu.ng,865.860.0155x5006,2024/2025,1st Semester,EEC 115,Electrical Graphics,2,60,14,33,47,D,2.25
F/ND/23/41057,Electrical Engineering,ND2,Male,30,Kogi,Mary,Balogun,mary.balogun@yabatech.edu.ng,865.860.0155x5006,2024/2025,1st Semester,MEC 112,Mechanical Workshop,2,34,11,27,38,F,0.0
F/ND/23/41057,Electrical Engineering,ND2,Male,30,Kogi,Mary,Balogun,mary.balogun@yabatech.edu.ng,865.860.0155x5006,2024/2025,1st Semester,EEC 111,Electrical Science,3,54,16,38,54,CD,2.5
F/ND/23/9710,Electrical Engineering,ND2,Male,16,Plateau,Joy,Obi,joy.obi@yabatech.edu.ng,+1-400-722-3325x3018,2024/2025,1st Semester,EEC 111,Electrical Science,3,76,28,67,95,A,4.0
F/ND/23/9710,Electrical Engineering,ND2,Male,16,Plateau,Joy,Obi,joy.obi@yabatech.edu.ng,+1-400-722-3325x3018,2024/2025,1st Semester,MEC 112,Mechanical Workshop,2,83,24,58,82,A,4.0
F/ND/23/9710,Electrical Engineering,ND2,Male,16,Plateau,Joy,Obi,joy.obi@yabatech.edu.ng,+1-400-722-3325x3018,2024/2025,1st Semester,MTH 111,Logic & Linear Algebra,2,51,25,59,84,A,4.0
F/ND/23/9710,Electrical Engineering,ND2,Male,16,Plateau,Joy,Obi,joy.obi@yabatech.edu.ng,+1-400-722-3325x3018,2024/2025,1st Semester,EEC 115,Electrical Graphics,2,67,24,57,81,A,4.0
F/ND/23/9710,Electrical Engineering,ND2,Male,16,Plateau,Joy,Obi,joy.obi@yabatech.edu.ng,+1-400-722-3325x3018,2024/2025,1st Semester,GNS 101,Use of English,2,67,24,57,81,A,4.0
P/HN/23/98735,Science Lab Tech,HND1,Male,27,Plateau,Juliet,Balogun,juliet.balogun@yabatech.edu.ng,(927)867-1659x03782,2024/2025,1st Semester,GNS 101,Use of English,2,79,23,54,77,A,4.0
P/HN/23/98735,Science Lab Tech,HND1,Male,27,Plateau,Juliet,Balogun,juliet.balogun@yabatech.edu.ng,(927)867-1659x03782,2024/2025,1st Semester,STC 112,General Chemistry,3,86,21,49,70,AB,3.5
P/HN/23/98735,Science Lab Tech,HND1,Male,27,Plateau,Juliet,Balogun,juliet.balogun@yabatech.edu.ng,(927)867-1659x03782,2024/2025,1st Semester,GLT 111,General Lab Techniques,4,83,21,49,70,AB,3.5
P/HN/23/98735,Science Lab Tech,HND1,Male,27,Plateau,Juliet,Balogun,juliet.balogun@yabatech.edu.ng,(927)867-1659x03782,2024/2025,1st Semester,MTH 111,Logic & Linear Algebra,2,58,23,54,77,A,4.0
P/HN/23/98735,Science Lab Tech,HND1,Male,27,Plateau,Juliet,Balogun,juliet.balogun@yabatech.edu.ng,(927)867-1659x03782,2024/2025,1st Semester,STB 111,General Biology,3,59,21,49,70,AB,3.5
F/HN/23/97878,Mass Communication,HND2,Female,17,Rivers,Andrew,Obi,andrew.obi@yabatech.edu.ng,848.288.2146,2024/2025,1st Semester,GNS 127,Citizenship Education,2,42,10,25,35,F,0.0
F/HN/23/97878,Mass Communication,HND2,Female,17,Rivers,Andrew,Obi,andrew.obi@yabatech.edu.ng,848.288.2146,2024/2025,1st Semester,GNS 101,Use of English,2,39,12,29,41,E,2.0
F/HN/23/97878,Mass Communication,HND2,Female,17,Rivers,Andrew,Obi,andrew.obi@yabatech.edu.ng,848.288.2146,2024/2025,1st Semester,MAC 101,Intro to Mass Comm,3,47,12,28,40,E,2.0
F/HN/23/97878,Mass Communication,HND2,Female,17,Rivers,Andrew,Obi,andrew.obi@yabatech.edu.ng,848.288.2146,2024/2025,1st Semester,MAC 115,News Writing,3,84,19,46,65,B,3.25
F/HN/23/97878,Mass Communication,HND2,Female,17,Rivers,Andrew,Obi,andrew.obi@yabatech.edu.ng,848.288.2146,2024/2025,1st Semester,MAC 107,Intro to Broadcasting,3,49,8,20,28,F,0.0
F/ND/23/38062,Science Lab Tech,ND1,Male,27,Imo,Cornelius,Adetokunbo,cornelius.adetokunbo@yabatech.edu.ng,730.809.6463,2024/2025,1st Semester,MTH 111,Logic & Linear Algebra,2,57,16,39,55,C,2.75
F/ND/23/38062,Science Lab Tech,ND1,Male,27,Imo,Cornelius,Adetokunbo,cornelius.adetokunbo@yabatech.edu.ng,730.809.6463,2024/2025,1st Semester,STB 111,General Biology,3,83,19,44,63,BC,3.0
F/ND/23/38062,Science Lab Tech,ND1,Male,27,Imo,Cornelius,Adetokunbo,cornelius.adetokunbo@yabatech.edu.ng,730.809.6463,2024/2025,1st Semester,GLT 111,General Lab Techniques,4,94,15,36,51,CD,2.5
F/ND/23/38062,Science Lab Tech,ND1,Male,27,Imo,Cornelius,Adetokunbo,cornelius.adetokunbo@yabatech.edu.ng,730.809.6463,2024/2025,1st Semester,STC 112,General Chemistry,3,95,19,46,65,B,3.25
F/ND/23/38062,Science Lab Tech,ND1,Male,27,Imo,Cornelius,Adetokunbo,cornelius.adetokunbo@yabatech.edu.ng,730.809.6463,2024/2025,1st Semester,GNS 101,Use of English,2,83,19,45,64,BC,3.0
F/ND/23/17428,Science Lab Tech,ND1,Male,28,Kebbi,Patience,Ibrahim,patience.ibrahim@yabatech.edu.ng,518-950-9905x9612,2024/2025,1st Semester,STC 112,General Chemistry,3,81,20,48,68,B,3.25
F/ND/23/17428,Science Lab Tech,ND1,Male,28,Kebbi,Patience,Ibrahim,patience.ibrahim@yabatech.edu.ng,518-950-9905x9612,2024/2025,1st Semester,MTH 111,Logic & Linear Algebra,2,96,26,62,88,A,4.0
F/ND/23/17428,Science Lab Tech,ND1,Male,28,Kebbi,Patience,Ibrahim,patience.ibrahim@yabatech.edu.ng,518-950-9905x9612,2024/2025,1st Semester,STB 111,General Biology,3,98,24,57,81,A,4.0
F/ND/23/17428,Science Lab Tech,ND1,Male,28,Kebbi,Patience,Ibrahim,patience.ibrahim@yabatech.edu.ng,518-950-9905x9612,2024/2025,1st Semester,GLT 111,General Lab Techniques,4,85,26,60,86,A,4.0
F/ND/23/17428,Science Lab Tech,ND1,Male,28,Kebbi,Patience,Ibrahim,patience.ibrahim@yabatech.edu.ng,518-950-9905x9612,2024/2025,1st Semester,GNS 101,Use of English,2,96,23,53,76,A,4.0
P/ND/23/24130,Civil Engineering,ND1,Female,17,Osun,Paul,Ekwueme,paul.ekwueme@yabatech.edu.ng,9535764518,2024/2025,1st Semester,MEC 101,Workshop Technology,2,74,18,44,62,BC,3.0
P/ND/23/24130,Civil Engineering,ND1,Female,17,Osun,Paul,Ekwueme,paul.ekwueme@yabatech.edu.ng,9535764518,2024/2025,1st Semester,CEC 101,Engineering Drawing,3,77,18,43,61,BC,3.0
P/ND/23/24130,Civil Engineering,ND1,Female,17,Osun,Paul,Ekwueme,paul.ekwueme@yabatech.edu.ng,9535764518,2024/2025,1st Semester,CEC 110,Fluid Mechanics,4,61,21,50,71,AB,3.5
P/HN/23/46585,Mass Communication,HND2,Male,21,Bauchi,Comfort,Olawale,comfort.olawale@yabatech.edu.ng,(729)750-4754,2024/2025,1st Semester,MAC 115,News Writing,3,86,29,67,96,A,4.0
P/HN/23/46585,Mass Communication,HND2,Male,21,Bauchi,Comfort,Olawale,comfort.olawale@yabatech.edu.ng,(729)750-4754,2024/2025,1st Semester,GNS 127,Citizenship Education,2,78,27,64,91,A,4.0
P/HN/23/46585,Mass Communication,HND2,Male,21,Bauchi,Comfort,Olawale,comfort.olawale@yabatech.edu.ng,(729)750-4754,2024/2025,1st Semester,GNS 101,Use of English,2,72,30,70,100,A,4.0
P/HN/23/46585,Mass Communication,HND2,Male,21,Bauchi,Comfort,Olawale,comfort.olawale@yabatech.edu.ng,(729)750-4754,2024/2025,1st Semester,MAC 107,Intro to Broadcasting,3,92,30,70,100,A,4.0
P/HN/23/46585,Mass Communication,HND2,Male,21,Bauchi,Comfort,Olawale,comfort.olawale@yabatech.edu.ng,(729)750-4754,2024/2025,1st Semester,MAC 101,Intro to Mass Comm,3,80,28,65,93,A,4.0
P/HN/23/72105,Computer Science,HND1,Male,24,Cross River,Daniel,Oshodi,daniel.oshodi@yabatech.edu.ng,606.384.9095x536,2024/2025,1st Semester,COM 113,Intro to Programming,4,50,28,66,94,A,4.0
P/HN/23/72105,Computer Science,HND1,Male,24,Cross River,Daniel,Oshodi,daniel.oshodi@yabatech.edu.ng,606.384.9095x536,2024/2025,1st Semester,MTH 111,Logic & Linear Algebra,2,62,29,68,97,A,4.0
P/HN/23/72105,Computer Science,HND1,Male,24,Cross River,Daniel,Oshodi,daniel.oshodi@yabatech.edu.ng,606.384.9095x536,2024/2025,1st Semester,COM 101,Intro to Computing,4,75,23,55,78,A,4.0
P/HN/23/72105,Computer Science,HND1,Male,24,Cross River,Daniel,Oshodi,daniel.oshodi@yabatech.edu.ng,606.384.9095x536,2024/2025,1st Semester,STA 111,Intro to Statistics,2,79,25,59,84,A,4.0
P/HN/23/72105,Computer Science,HND1,Male,24,Cross River,Daniel,Oshodi,daniel.oshodi@yabatech.edu.ng,606.384.9095x536,2024/2025,1st Semester,GNS 101,Use of English,2,98,25,60,85,A,4.0
F/HN/23/31111,Civil Engineering,HND1,Female,21,Osun,Agnes,Ibrahim,agnes.ibrahim@yabatech.edu.ng,(527)912-8360x80337,2024/2025,1st Semester,MEC 101,Workshop Technology,2,57,18,42,60,BC,3.0
F/HN/23/31111,Civil Engineering,HND1,Female,21,Osun,Agnes,Ibrahim,agnes.ibrahim@yabatech.edu.ng,(527)912-8360x80337,2024/2025,1st Semester,CEC 110,Fluid Mechanics,4,68,19,45,64,BC,3.0
F/HN/23/31111,Civil Engineering,HND1,Female,21,Osun,Agnes,Ibrahim,agnes.ibrahim@yabatech.edu.ng,(527)912-8360x80337,2024/2025,1st Semester,CEC 101,Engineering Drawing,3,69,19,45,64,BC,3.0
P/ND/23/70183,Civil Engineering,ND1,Male,18,Kano,Hope,Nnamani,hope.nnamani@yabatech.edu.ng,384-265-7973x26277,2024/2025,1st Semester,CEC 101,Engineering Drawing,3,67,22,52,74,AB,3.5
P/ND/23/70183,Civil Engineering,ND1,Male,18,Kano,Hope,Nnamani,hope.nnamani@yabatech.edu.ng,384-265-7973x26277,2024/2025,1st Semester,CEC 110,Fluid Mechanics,4,73,22,52,74,AB,3.5
P/ND/23/70183,Civil Engineering,ND1,Male,18,Kano,Hope,Nnamani,hope.nnamani@yabatech.edu.ng,384-265-7973x26277,2024/2025,1st Semester,MEC 101,Workshop Technology,2,78,20,48,68,B,3.25
F/ND/23/30579,Computer Science,ND1,Female,19,Akwa Ibom,Benjamin,Chukwu,benjamin.chukwu@yabatech.edu.ng,895.305.7060x9299,2024/2025,1st Semester,COM 101,Intro to Computing,4,100,23,54,77,A,4.0
F/ND/23/30579,Computer Science,ND1,Female,19,Akwa Ibom,Benjamin,Chukwu,benjamin.chukwu@yabatech.edu.ng,895.305.7060x9299,2024/2025,1st Semester,COM 112,Digital Electronics,3,72,29,67,96,A,4.0
F/ND/23/30579,Computer Science,ND1,Female,19,Akwa Ibom,Benjamin,Chukwu,benjamin.chukwu@yabatech.edu.ng,895.305.7060x9299,2024/2025,1st Semester,MTH 111,Logic & Linear Algebra,2,75,25,58,83,A,4.0
F/ND/23/30579,Computer Science,ND1,Female,19,Akwa Ibom,Benjamin,Chukwu,benjamin.chukwu@yabatech.edu.ng,895.305.7060x9299,2024/2025,1st Semester,STA 111,Intro to Statistics,2,94,26,60,86,A,4.0
F/ND/23/30579,Computer Science,ND1,Female,19,Akwa Ibom,Benjamin,Chukwu,benjamin.chukwu@yabatech.edu.ng,895.305.7060x9299,2024/2025,1st Semester,COM 113,Intro to Programming,4,61,27,65,92,A,4.0
F/ND/23/59163,Civil Engineering,ND1,Female,23,Nasarawa,Victoria,Okonkwo,victoria.okonkwo@yabatech.edu.ng,721-287-1908,2024/2025,1st Semester,MEC 101,Workshop Technology,2,58,18,43,61,BC,3.0
F/ND/23/59163,Civil Engineering,ND1,Female,23,Nasarawa,Victoria,Okonkwo,victoria.okonkwo@yabatech.edu.ng,721-287-1908,2024/2025,1st Semester,CEC 110,Fluid Mechanics,4,51,18,43,61,BC,3.0
F/ND/23/59163,Civil Engineering,ND1,Female,23,Nasarawa,Victoria,Okonkwo,victoria.okonkwo@yabatech.edu.ng,721-287-1908,2024/2025,1st Semester,CEC 101,Engineering Drawing,3,34,14,34,48,D,2.25
P/HN/23/3514,Civil Engineering,HND2,Male,16,Ebonyi,Angela,Eze,angela.eze@yabatech.edu.ng,7989754332,2024/2025,1st Semester,CEC 110,Fluid Mechanics,4,100,27,65,92,A,4.0
P/HN/23/3514,Civil Engineering,HND2,Male,16,Ebonyi,Angela,Eze,angela.eze@yabatech.edu.ng,7989754332,2024/2025,1st Semester,MEC 101,Workshop Technology,2,91,22,53,75,A,4.0
P/HN/23/3514,Civil Engineering,HND2,Male,16,Ebonyi,Angela,Eze,angela.eze@yabatech.edu.ng,7989754332,2024/2025,1st Semester,CEC 101,Engineering Drawing,3,56,24,56,80,A,4.0
P/HN/23/23278,Business Administration,HND2,Male,20,Zamfara,Blessing,Obasanjo,blessing.obasanjo@yabatech.edu.ng,8109028498,2024/2025,1st Semester,BAM 101,Intro to Business Admin,3,57,15,37,52,CD,2.5
P/HN/23/23278,Business Administration,HND2,Male,20,Zamfara,Blessing,Obasanjo,blessing.obasanjo@yabatech.edu.ng,8109028498,2024/2025,1st Semester,ECO 101,Intro to Economics,2,67,15,35,50,CD,2.5
P/HN/23/23278,Business Administration,HND2,Male,20,Zamfara,Blessing,Obasanjo,blessing.obasanjo@yabatech.edu.ng,8109028498,2024/2025,1st Semester,ACC 111,Intro to Accounting,3,30,11,26,37,F,0.0
P/ND/23/8905,Business Administration,ND2,Female,27,Plateau,Gabriel,Abiola,gabriel.abiola@yabatech.edu.ng,420.287.9260x7063,2024/2025,1st Semester,ACC 111,Intro to Accounting,3,87,24,56,80,A,4.0
P/ND/23/8905,Business Administration,ND2,Female,27,Plateau,Gabriel,Abiola,gabriel.abiola@yabatech.edu.ng,420.287.9260x7063,2024/2025,1st Semester,BAM 101,Intro to Business Admin,3,94,23,53,76,A,4.0
P/ND/23/8905,Business Administration,ND2,Female,27,Plateau,Gabriel,Abiola,gabriel.abiola@yabatech.edu.ng,420.287.9260x7063,2024/2025,1st Semester,ECO 101,Intro to Economics,2,76,23,55,78,A,4.0
F/ND/23/95604,Civil Engineering,ND2,Male,23,Ebonyi,John,Ekwueme,john.ekwueme@yabatech.edu.ng,5135831180,2024/2025,1st Semester,MEC 101,Workshop Technology,2,63,11,26,37,F,0.0
F/ND/23/95604,Civil Engineering,ND2,Male,23,Ebonyi,John,Ekwueme,john.ekwueme@yabatech.edu.ng,5135831180,2024/2025,1st Semester,CEC 101,Engineering Drawing,3,46,11,26,37,F,0.0
F/ND/23/95604,Civil Engineering,ND2,Male,23,Ebonyi,John,Ekwueme,john.ekwueme@yabatech.edu.ng,5135831180,2024/2025,1st Semester,CEC 110,Fluid Mechanics,4,60,13,31,44,E,2.0
F/HN/23/25194,Civil Engineering,HND2,Male,18,Delta,Peace,Okonkwo,peace.okonkwo@yabatech.edu.ng,001-249-962-2909x9635,2024/2025,1st Semester,CEC 110,Fluid Mechanics,4,54,13,31,44,E,2.0
F/HN/23/25194,Civil Engineering,HND2,Male,18,Delta,Peace,Okonkwo,peace.okonkwo@yabatech.edu.ng,001-249-962-2909x9635,2024/2025,1st Semester,MEC 101,Workshop Technology,2,34,6,14,20,F,0.0
F/HN/23/25194,Civil Engineering,HND2,Male,18,Delta,Peace,Okonkwo,peace.okonkwo@yabatech.edu.ng,001-249-962-2909x9635,2024/2025,1st Semester,CEC 101,Engineering Drawing,3,34,4,11,15,F,0.0
F/HN/23/19888,Electrical Engineering,HND2,Male,17,Jigawa,Daniel,Obi,daniel.obi@yabatech.edu.ng,+1-531-487-3470,2024/2025,1st Semester,MTH 111,Logic & Linear Algebra,2,75,25,59,84,A,4.0
F/HN/23/19888,Electrical Engineering,HND2,Male,17,Jigawa,Daniel,Obi,daniel.obi@yabatech.edu.ng,+1-531-487-3470,2024/2025,1st Semester,GNS 101,Use of English,2,86,25,60,85,A,4.0
F/HN/23/19888,Electrical Engineering,HND2,Male,17,Jigawa,Daniel,Obi,daniel.obi@yabatech.edu.ng,+1-531-487-3470,2024/2025,1st Semester,MEC 112,Mechanical Workshop,2,80,26,61,87,A,4.0
F/HN/23/19888,Electrical Engineering,HND2,Male,17,Jigawa,Daniel,Obi,daniel.obi@yabatech.edu.ng,+1-531-487-3470,2024/2025,1st Semester,EEC 115,Electrical Graphics,2,32,22,52,74,AB,3.5
F/HN/23/19888,Electrical Engineering,HND2,Male,17,Jigawa,Daniel,Obi,daniel.obi@yabatech.edu.ng,+1-531-487-3470,2024/2025,1st Semester,EEC 111,Electrical Science,3,96,26,62,88,A,4.0
P/ND/23/74288,Electrical Engineering,ND1,Male,17,Oyo,Victoria,Obasanjo,victoria.obasanjo@yabatech.edu.ng,336.418.8342,2024/2025,1st Semester,MEC 112,Mechanical Workshop,2,37,7,17,24,F,0.0
P/ND/23/74288,Electrical Engineering,ND1,Male,17,Oyo,Victoria,Obasanjo,victoria.obasanjo@yabatech.edu.ng,336.418.8342,2024/2025,1st Semester,EEC 111,Electrical Science,3,62,15,36,51,CD,2.5
P/ND/23/74288,Electrical Engineering,ND1,Male,17,Oyo,Victoria,Obasanjo,victoria.obasanjo@yabatech.edu.ng,336.418.8342,2024/2025,1st Semester,GNS 101,Use of English,2,39,6,15,21,F,0.0
P/ND/23/74288,Electrical Engineering,ND1,Male,17,Oyo,Victoria,Obasanjo,victoria.obasanjo@yabatech.edu.ng,336.418.8342,2024/2025,1st Semester,MTH 111,Logic & Linear Algebra,2,32,7,17,24,F,0.0
P/ND/23/74288,Electrical Engineering,ND1,Male,17,Oyo,Victoria,Obasanjo,victoria.obasanjo@yabatech.edu.ng,336.418.8342,2024/2025,1st Semester,EEC 115,Electrical Graphics,2,76,12,29,41,E,2.0
P/HN/23/53117,Science Lab Tech,HND2,Female,19,Enugu,David,Okonkwo,david.okonkwo@yabatech.edu.ng,001-869-236-1232x6793,2024/2025,1st Semester,STC 112,General Chemistry,3,35,8,20,28,F,0.0
P/HN/23/53117,Science Lab Tech,HND2,Female,19,Enugu,David,Okonkwo,david.okonkwo@yabatech.edu.ng,001-869-236-1232x6793,2024/2025,1st Semester,GLT 111,General Lab Techniques,4,55,11,25,36,F,0.0
P/HN/23/53117,Science Lab Tech,HND2,Female,19,Enugu,David,Okonkwo,david.okonkwo@yabatech.edu.ng,001-869-236-1232x6793,2024/2025,1st Semester,MTH 111,Logic & Linear Algebra,2,49,5,13,18,F,0.0
P/HN/23/53117,Science Lab Tech,HND2,Female,19,Enugu,David,Okonkwo,david.okonkwo@yabatech.edu.ng,001-869-236-1232x6793,2024/2025,1st Semester,STB 111,General Biology,3,50,12,30,42,E,2.0
P/HN/23/53117,Science Lab Tech,HND2,Female,19,Enugu,David,Okonkwo,david.okonkwo@yabatech.edu.ng,001-869-236-1232x6793,2024/2025,1st Semester,GNS 101,Use of English,2,21,7,17,24,F,0.0
F/ND/23/46049,Electrical Engineering,ND1,Female,29,Nasarawa,Faith,Chukwu,faith.chukwu@yabatech.edu.ng,319-368-7106,2024/2025,1st Semester,EEC 111,Electrical Science,3,79,28,65,93,A,4.0
F/ND/23/46049,Electrical Engineering,ND1,Female,29,Nasarawa,Faith,Chukwu,faith.chukwu@yabatech.edu.ng,319-368-7106,2024/2025,1st Semester,MEC 112,Mechanical Workshop,2,72,27,63,90,A,4.0
F/ND/23/46049,Electrical Engineering,ND1,Female,29,Nasarawa,Faith,Chukwu,faith.chukwu@yabatech.edu.ng,319-368-7106,2024/2025,1st Semester,GNS 101,Use of English,2,96,28,66,94,A,4.0
F/ND/23/46049,Electrical Engineering,ND1,Female,29,Nasarawa,Faith,Chukwu,faith.chukwu@yabatech.edu.ng,319-368-7106,2024/2025,1st Semester,MTH 111,Logic & Linear Algebra,2,66,23,55,78,A,4.0
F/ND/23/46049,Electrical Engineering,ND1,Female,29,Nasarawa,Faith,Chukwu,faith.chukwu@yabatech.edu.ng,319-368-7106,2024/2025,1st Semester,EEC 115,Electrical Graphics,2,80,26,62,88,A,4.0
P/HN/23/95173,Computer Science,HND2,Male,17,Kaduna,Faith,Olawale,faith.olawale@yabatech.edu.ng,(912)747-0241x8692,2024/2025,1st Semester,STA 111,Intro to Statistics,2,98,23,54,77,A,4.0
P/HN/23/95173,Computer Science,HND2,Male,17,Kaduna,Faith,Olawale,faith.olawale@yabatech.edu.ng,(912)747-0241x8692,2024/2025,1st Semester,COM 101,Intro to Computing,4,53,23,55,78,A,4.0
P/HN/23/95173,Computer Science,HND2,Male,17,Kaduna,Faith,Olawale,faith.olawale@yabatech.edu.ng,(912)747-0241x8692,2024/2025,1st Semester,COM 112,Digital Electronics,3,86,23,54,77,A,4.0
P/HN/23/95173,Computer Science,HND2,Male,17,Kaduna,Faith,Olawale,faith.olawale@yabatech.edu.ng,(912)747-0241x8692,2024/2025,1st Semester,COM 113,Intro to Programming,4,90,23,54,77,A,4.0
P/HN/23/95173,Computer Science,HND2,Male,17,Kaduna,Faith,Olawale,faith.olawale@yabatech.edu.ng,(912)747-0241x8692,2024/2025,1st Semester,MTH 111,Logic & Linear Algebra,2,62,25,59,84,A,4.0
F/HN/23/69381,Business Administration,HND2,Female,23,Niger,Grace,Oshodi,grace.oshodi@yabatech.edu.ng,+1-969-870-8819x51394,2024/2025,1st Semester,ACC 111,Intro to Accounting,3,25,4,11,15,F,0.0
F/HN/23/69381,Business Administration,HND2,Female,23,Niger,Grace,Oshodi,grace.oshodi@yabatech.edu.ng,+1-969-870-8819x51394,2024/2025,1st Semester,BAM 101,Intro to Business Admin,3,24,8,20,28,F,0.0
F/HN/23/69381,Business Administration,HND2,Female,23,Niger,Grace,Oshodi,grace.oshodi@yabatech.edu.ng,+1-969-870-8819x51394,2024/2025,1st Semester,ECO 101,Intro to Economics,2,37,4,10,14,F,0.0
F/HN/23/40554,Science Lab Tech,HND1,Female,29,Niger,Sarah,Nnamani,sarah.nnamani@yabatech.edu.ng,+1-790-358-0330,2024/2025,1st Semester,MTH 111,Logic & Linear Algebra,2,100,22,52,74,AB,3.5
F/HN/23/40554,Science Lab Tech,HND1,Female,29,Niger,Sarah,Nnamani,sarah.nnamani@yabatech.edu.ng,+1-790-358-0330,2024/2025,1st Semester,GLT 111,General Lab Techniques,4,86,19,45,64,BC,3.0
F/HN/23/40554,Science Lab Tech,HND1,Female,29,Niger,Sarah,Nnamani,sarah.nnamani@yabatech.edu.ng,+1-790-358-0330,2024/2025,1st Semester,GNS 101,Use of English,2,74,18,43,61,BC,3.0
F/HN/23/40554,Science Lab Tech,HND1,Female,29,Niger,Sarah,Nnamani,sarah.nnamani@yabatech.edu.ng,+1-790-358-0330,2024/2025,1st Semester,STC 112,General Chemistry,3,74,21,51,72,AB,3.5
F/HN/23/40554,Science Lab Tech,HND1,Female,29,Niger,Sarah,Nnamani,sarah.nnamani@yabatech.edu.ng,+1-790-358-0330,2024/2025,1st Semester,STB 111,General Biology,3,66,21,51,72,AB,3.5
F/ND/23/30562,Mass Communication,ND2,Female,17,Kogi,Cornelius,Ogunleye,cornelius.ogunleye@yabatech.edu.ng,719.694.6896x086,2024/2025,1st Semester,MAC 107,Intro to Broadcasting,3,80,21,50,71,AB,3.5
F/ND/23/30562,Mass Communication,ND2,Female,17,Kogi,Cornelius,Ogunleye,cornelius.ogunleye@yabatech.edu.ng,719.694.6896x086,2024/2025,1st Semester,GNS 101,Use of English,2,97,24,57,81,A,4.0
F/ND/23/30562,Mass Communication,ND2,Female,17,Kogi,Cornelius,Ogunleye,cornelius.ogunleye@yabatech.edu.ng,719.694.6896x086,2024/2025,1st Semester,MAC 101,Intro to Mass Comm,3,66,21,50,71,AB,3.5
F/ND/23/30562,Mass Communication,ND2,Female,17,Kogi,Cornelius,Ogunleye,cornelius.ogunleye@yabatech.edu.ng,719.694.6896x086,2024/2025,1st Semester,MAC 115,News Writing,3,83,25,58,83,A,4.0
F/ND/23/30562,Mass Communication,ND2,Female,17,Kogi,Cornelius,Ogunleye,cornelius.ogunleye@yabatech.edu.ng,719.694.6896x086,2024/2025,1st Semester,GNS 127,Citizenship Education,2,86,23,53,76,A,4.0
F/HN/23/52997,Business Administration,HND2,Male,19,Jigawa,Grace,Ibrahim,grace.ibrahim@yabatech.edu.ng,+1-200-627-7371x694,2024/2025,1st Semester,ECO 101,Intro to Economics,2,83,27,63,90,A,4.0
F/HN/23/52997,Business Administration,HND2,Male,19,Jigawa,Grace,Ibrahim,grace.ibrahim@yabatech.edu.ng,+1-200-627-7371x694,2024/2025,1st Semester,ACC 111,Intro to Accounting,3,75,30,70,100,A,4.0
F/HN/23/52997,Business Administration,HND2,Male,19,Jigawa,Grace,Ibrahim,grace.ibrahim@yabatech.edu.ng,+1-200-627-7371x694,2024/2025,1st Semester,BAM 101,Intro to Business Admin,3,100,29,69,98,A,4.0
P/ND/23/35288,Business Administration,ND1,Female,22,Nasarawa,James,Abiola,james.abiola@yabatech.edu.ng,946.670.2001,2024/2025,1st Semester,BAM 101,Intro to Business Admin,3,55,9,21,30,F,0.0
P/ND/23/35288,Business Administration,ND1,Female,22,Nasarawa,James,Abiola,james.abiola@yabatech.edu.ng,946.670.2001,2024/2025,1st Semester,ACC 111,Intro to Accounting,3,51,13,31,44,E,2.0
P/ND/23/35288,Business Administration,ND1,Female,22,Nasarawa,James,Abiola,james.abiola@yabatech.edu.ng,946.670.2001,2024/2025,1st Semester,ECO 101,Intro to Economics,2,42,3,7,10,F,0.0
F/ND/23/39267,Electrical Engineering,ND2,Male,16,Anambra,Cornelius,Obasanjo,cornelius.obasanjo@yabatech.edu.ng,830.850.3996,2024/2025,1st Semester,MEC 112,Mechanical Workshop,2,48,13,30,43,E,2.0
F/ND/23/39267,Electrical Engineering,ND2,Male,16,Anambra,Cornelius,Obasanjo,cornelius.obasanjo@yabatech.edu.ng,830.850.3996,2024/2025,1st Semester,MTH 111,Logic & Linear Algebra,2,39,13,31,44,E,2.0
F/ND/23/39267,Electrical Engineering,ND2,Male,16,Anambra,Cornelius,Obasanjo,cornelius.obasanjo@yabatech.edu.ng,830.850.3996,2024/2025,1st Semester,EEC 115,Electrical Graphics,2,44,11,27,38,F,0.0
F/ND/23/39267,Electrical Engineering,ND2,Male,16,Anambra,Cornelius,Obasanjo,cornelius.obasanjo@yabatech.edu.ng,830.850.3996,2024/2025,1st Semester,GNS 101,Use of English,2,69,15,35,50,CD,2.5
F/ND/23/39267,Electrical Engineering,ND2,Male,16,Anambra,Cornelius,Obasanjo,cornelius.obasanjo@yabatech.edu.ng,830.850.3996,2024/2025,1st Semester,EEC 111,Electrical Science,3,52,14,34,48,D,2.25
F/ND/23/99067,Electrical Engineering,ND2,Male,17,Kebbi,Blessing,Obasanjo,blessing.obasanjo@yabatech.edu.ng,6969000738,2024/2025,1st Semester,EEC 115,Electrical Graphics,2,71,24,57,81,A,4.0
F/ND/23/99067,Electrical Engineering,ND2,Male,17,Kebbi,Blessing,Obasanjo,blessing.obasanjo@yabatech.edu.ng,6969000738,2024/2025,1st Semester,EEC 111,Electrical Science,3,82,25,58,83,A,4.0
F/ND/23/99067,Electrical Engineering,ND2,Male,17,Kebbi,Blessing,Obasanjo,blessing.obasanjo@yabatech.edu.ng,6969000738,2024/2025,1st Semester,MTH 111,Logic & Linear Algebra,2,79,25,59,84,A,4.0
F/ND/23/99067,Electrical Engineering,ND2,Male,17,Kebbi,Blessing,Obasanjo,blessing.obasanjo@yabatech.edu.ng,6969000738,2024/2025,1st Semester,GNS 101,Use of English,2,81,26,62,88,A,4.0
F/ND/23/99067,Electrical Engineering,ND2,Male,17,Kebbi,Blessing,Obasanjo,blessing.obasanjo@yabatech.edu.ng,6969000738,2024/2025,1st Semester,MEC 112,Mechanical Workshop,2,62,26,62,88,A,4.0
F/ND/23/2219,Electrical Engineering,ND2,Male,29,Kaduna,Philip,Ibrahim,philip.ibrahim@yabatech.edu.ng,774.701.1365x8870,2024/2025,1st Semester,MTH 111,Logic & Linear Algebra,2,40,9,21,30,F,0.0
F/ND/23/2219,Electrical Engineering,ND2,Male,29,Kaduna,Philip,Ibrahim,philip.ibrahim@yabatech.edu.ng,774.701.1365x8870,2024/2025,1st Semester,EEC 111,Electrical Science,3,50,19,44,63,BC,3.0
F/ND/23/2219,Electrical Engineering,ND2,Male,29,Kaduna,Philip,Ibrahim,philip.ibrahim@yabatech.edu.ng,774.701.1365x8870,2024/2025,1st Semester,MEC 112,Mechanical Workshop,2,39,13,30,43,E,2.0
F/ND/23/2219,Electrical Engineering,ND2,Male,29,Kaduna,Philip,Ibrahim,philip.ibrahim@yabatech.edu.ng,774.701.1365x8870,2024/2025,1st Semester,GNS 101,Use of English,2,48,13,31,44,E,2.0
F/ND/23/2219,Electrical Engineering,ND2,Male,29,Kaduna,Philip,Ibrahim,philip.ibrahim@yabatech.edu.ng,774.701.1365x8870,2024/2025,1st Semester,EEC 115,Electrical Graphics,2,52,18,42,60,BC,3.0
F/ND/23/10020,Electrical Engineering,ND2,Female,27,Kano,Mary,Oshodi,mary.oshodi@yabatech.edu.ng,891-635-8297,2024/2025,1st Semester,EEC 111,Electrical Science,3,72,21,49,70,AB,3.5
F/ND/23/10020,Electrical Engineering,ND2,Female,27,Kano,Mary,Oshodi,mary.oshodi@yabatech.edu.ng,891-635-8297,2024/2025,1st Semester,MTH 111,Logic & Linear Algebra,2,89,20,48,68,B,3.25
F/ND/23/10020,Electrical Engineering,ND2,Female,27,Kano,Mary,Oshodi,mary.oshodi@yabatech.edu.ng,891-635-8297,2024/2025,1st Semester,EEC 115,Electrical Graphics,2,57,18,43,61,BC,3.0
F/ND/23/10020,Electrical Engineering,ND2,Female,27,Kano,Mary,Oshodi,mary.oshodi@yabatech.edu.ng,891-635-8297,2024/2025,1st Semester,MEC 112,Mechanical Workshop,2,100,24,56,80,A,4.0
F/ND/23/10020,Electrical Engineering,ND2,Female,27,Kano,Mary,Oshodi,mary.oshodi@yabatech.edu.ng,891-635-8297,2024/2025,1st Semester,GNS 101,Use of English,2,80,22,53,75,A,4.0
P/ND/23/91030,Civil Engineering,ND1,Female,21,Plateau,Nathaniel,Oshodi,nathaniel.oshodi@yabatech.edu.ng,+1-807-713-9640x13637,2024/2025,1st Semester,MEC 101,Workshop Technology,2,73,7,16,23,F,0.0
P/ND/23/91030,Civil Engineering,ND1,Female,21,Plateau,Nathaniel,Oshodi,nathaniel.oshodi@yabatech.edu.ng,+1-807-713-9640x13637,2024/2025,1st Semester,CEC 110,Fluid Mechanics,4,37,4,10,14,F,0.0
P/ND/23/91030,Civil Engineering,ND1,Female,21,Plateau,Nathaniel,Oshodi,nathaniel.oshodi@yabatech.edu.ng,+1-807-713-9640x13637,2024/2025,1st Semester,CEC 101,Engineering Drawing,3,55,8,20,28,F,0.0
F/ND/23/29461,Electrical Engineering,ND2,Male,29,Ekiti,Sarah,Ekwueme,sarah.ekwueme@yabatech.edu.ng,(222)489-7820x7193,2024/2025,1st Semester,EEC 115,Electrical Graphics,2,100,19,44,63,BC,3.0
F/ND/23/29461,Electrical Engineering,ND2,Male,29,Ekiti,Sarah,Ekwueme,sarah.ekwueme@yabatech.edu.ng,(222)489-7820x7193,2024/2025,1st Semester,MTH 111,Logic & Linear Algebra,2,97,24,56,80,A,4.0
F/ND/23/29461,Electrical Engineering,ND2,Male,29,Ekiti,Sarah,Ekwueme,sarah.ekwueme@yabatech.edu.ng,(222)489-7820x7193,2024/2025,1st Semester,EEC 111,Electrical Science,3,78,19,44,63,BC,3.0
F/ND/23/29461,Electrical Engineering,ND2,Male,29,Ekiti,Sarah,Ekwueme,sarah.ekwueme@yabatech.edu.ng,(222)489-7820x7193,2024/2025,1st Semester,GNS 101,Use of English,2,75,23,54,77,A,4.0
F/ND/23/29461,Electrical Engineering,ND2,Male,29,Ekiti,Sarah,Ekwueme,sarah.ekwueme@yabatech.edu.ng,(222)489-7820x7193,2024/2025,1st Semester,MEC 112,Mechanical Workshop,2,94,21,49,70,AB,3.5
F/HN/23/37646,Science Lab Tech,HND2,Female,19,Taraba,Deborah,Adeyemi,deborah.adeyemi@yabatech.edu.ng,+1-793-438-6122x35446,2024/2025,1st Semester,STC 112,General Chemistry,3,43,9,22,31,F,0.0
F/HN/23/37646,Science Lab Tech,HND2,Female,19,Taraba,Deborah,Adeyemi,deborah.adeyemi@yabatech.edu.ng,+1-793-438-6122x35446,2024/2025,1st Semester,STB 111,General Biology,3,34,10,23,33,F,0.0
F/HN/23/37646,Science Lab Tech,HND2,Female,19,Taraba,Deborah,Adeyemi,deborah.adeyemi@yabatech.edu.ng,+1-793-438-6122x35446,2024/2025,1st Semester,MTH 111,Logic & Linear Algebra,2,52,12,29,41,E,2.0
F/HN/23/37646,Science Lab Tech,HND2,Female,19,Taraba,Deborah,Adeyemi,deborah.adeyemi@yabatech.edu.ng,+1-793-438-6122x35446,2024/2025,1st Semester,GNS 101,Use of English,2,53,13,30,43,E,2.0
F/HN/23/37646,Science Lab Tech,HND2,Female,19,Taraba,Deborah,Adeyemi,deborah.adeyemi@yabatech.edu.ng,+1-793-438-6122x35446,2024/2025,1st Semester,GLT 111,General Lab Techniques,4,40,9,22,31,F,0.0
P/ND/23/22294,Mass Communication,ND2,Male,24,Osun,Andrew,Okonkwo,andrew.okonkwo@yabatech.edu.ng,(777)878-2629x860,2024/2025,1st Semester,MAC 107,Intro to Broadcasting,3,95,25,60,85,A,4.0
P/ND/23/22294,Mass Communication,ND2,Male,24,Osun,Andrew,Okonkwo,andrew.okonkwo@yabatech.edu.ng,(777)878-2629x860,2024/2025,1st Semester,MAC 115,News Writing,3,59,21,49,70,AB,3.5
P/ND/23/22294,Mass Communication,ND2,Male,24,Osun,Andrew,Okonkwo,andrew.okonkwo@yabatech.edu.ng,(777)878-2629x860,2024/2025,1st Semester,MAC 101,Intro to Mass Comm,3,48,21,49,70,AB,3.5
P/ND/23/22294,Mass Communication,ND2,Male,24,Osun,Andrew,Okonkwo,andrew.okonkwo@yabatech.edu.ng,(777)878-2629x860,2024/2025,1st Semester,GNS 101,Use of English,2,79,22,52,74,AB,3.5
P/ND/23/22294,Mass Communication,ND2,Male,24,Osun,Andrew,Okonkwo,andrew.okonkwo@yabatech.edu.ng,(777)878-2629x860,2024/2025,1st Semester,GNS 127,Citizenship Education,2,88,22,52,74,AB,3.5
P/HN/23/72588,Science Lab Tech,HND1,Female,19,Bauchi,Peace,Balogun,peace.balogun@yabatech.edu.ng,299-324-8193,2024/2025,1st Semester,STC 112,General Chemistry,3,52,13,30,43,E,2.0
P/HN/23/72588,Science Lab Tech,HND1,Female,19,Bauchi,Peace,Balogun,peace.balogun@yabatech.edu.ng,299-324-8193,2024/2025,1st Semester,GLT 111,General Lab Techniques,4,58,14,33,47,D,2.25
P/HN/23/72588,Science Lab Tech,HND1,Female,19,Bauchi,Peace,Balogun,peace.balogun@yabatech.edu.ng,299-324-8193,2024/2025,1st Semester,MTH 111,Logic & Linear Algebra,2,59,14,33,47,D,2.25
P/HN/23/72588,Science Lab Tech,HND1,Female,19,Bauchi,Peace,Balogun,peace.balogun@yabatech.edu.ng,299-324-8193,2024/2025,1st Semester,STB 111,General Biology,3,43,9,23,32,F,0.0
P/HN/23/72588,Science Lab Tech,HND1,Female,19,Bauchi,Peace,Balogun,peace.balogun@yabatech.edu.ng,299-324-8193,2024/2025,1st Semester,GNS 101,Use of English,2,36,9,21,30,F,0.0
P/HN/23/15957,Civil Engineering,HND1,Female,24,Taraba,Ruth,Obasanjo,ruth.obasanjo@yabatech.edu.ng,887.551.9358,2024/2025,1st Semester,CEC 101,Engineering Drawing,3,93,12,28,40,E,2.0
P/HN/23/15957,Civil Engineering,HND1,Female,24,Taraba,Ruth,Obasanjo,ruth.obasanjo@yabatech.edu.ng,887.551.9358,2024/2025,1st Semester,MEC 101,Workshop Technology,2,71,10,24,34,F,0.0
P/HN/23/15957,Civil Engineering,HND1,Female,24,Taraba,Ruth,Obasanjo,ruth.obasanjo@yabatech.edu.ng,887.551.9358,2024/2025,1st Semester,CEC 110,Fluid Mechanics,4,37,8,20,28,F,0.0
P/ND/23/98005,Mass Communication,ND1,Female,19,Ogun,Joshua,Okafor,joshua.okafor@yabatech.edu.ng,792.633.8354,2024/2025,1st Semester,GNS 127,Citizenship Education,2,40,9,21,30,F,0.0
P/ND/23/98005,Mass Communication,ND1,Female,19,Ogun,Joshua,Okafor,joshua.okafor@yabatech.edu.ng,792.633.8354,2024/2025,1st Semester,MAC 115,News Writing,3,60,14,34,48,D,2.25
P/ND/23/98005,Mass Communication,ND1,Female,19,Ogun,Joshua,Okafor,joshua.okafor@yabatech.edu.ng,792.633.8354,2024/2025,1st Semester,GNS 101,Use of English,2,51,12,30,42,E,2.0
P/ND/23/98005,Mass Communication,ND1,Female,19,Ogun,Joshua,Okafor,joshua.okafor@yabatech.edu.ng,792.633.8354,2024/2025,1st Semester,MAC 107,Intro to Broadcasting,3,33,10,23,33,F,0.0
P/ND/23/98005,Mass Communication,ND1,Female,19,Ogun,Joshua,Okafor,joshua.okafor@yabatech.edu.ng,792.633.8354,2024/2025,1st Semester,MAC 101,Intro to Mass Comm,3,51,12,28,40,E,2.0
F/ND/23/74421,Electrical Engineering,ND2,Female,19,Abia,Victoria,Abiola,victoria.abiola@yabatech.edu.ng,862-632-0067x12328,2024/2025,1st Semester,MEC 112,Mechanical Workshop,2,100,28,67,95,A,4.0
F/ND/23/74421,Electrical Engineering,ND2,Female,19,Abia,Victoria,Abiola,victoria.abiola@yabatech.edu.ng,862-632-0067x12328,2024/2025,1st Semester,GNS 101,Use of English,2,63,25,59,84,A,4.0
F/ND/23/74421,Electrical Engineering,ND2,Female,19,Abia,Victoria,Abiola,victoria.abiola@yabatech.edu.ng,862-632-0067x12328,2024/2025,1st Semester,EEC 115,Electrical Graphics,2,68,29,69,98,A,4.0
F/ND/23/74421,Electrical Engineering,ND2,Female,19,Abia,Victoria,Abiola,victoria.abiola@yabatech.edu.ng,862-632-0067x12328,2024/2025,1st Semester,EEC 111,Electrical Science,3,71,29,69,98,A,4.0
F/ND/23/74421,Electrical Engineering,ND2,Female,19,Abia,Victoria,Abiola,victoria.abiola@yabatech.edu.ng,862-632-0067x12328,2024/2025,1st Semester,MTH 111,Logic & Linear Algebra,2,45,26,60,86,A,4.0
P/HN/23/71404,Mass Communication,HND1,Male,30,Edo,Agnes,Adeyemi,agnes.adeyemi@yabatech.edu.ng,+1-881-772-4367x12626,2024/2025,1st Semester,MAC 115,News Writing,3,55,15,36,51,CD,2.5
P/HN/23/71404,Mass Communication,HND1,Male,30,Edo,Agnes,Adeyemi,agnes.adeyemi@yabatech.edu.ng,+1-881-772-4367x12626,2024/2025,1st Semester,GNS 101,Use of English,2,46,8,20,28,F,0.0
P/HN/23/71404,Mass Communication,HND1,Male,30,Edo,Agnes,Adeyemi,agnes.adeyemi@yabatech.edu.ng,+1-881-772-4367x12626,2024/2025,1st Semester,MAC 101,Intro to Mass Comm,3,49,10,23,33,F,0.0
P/HN/23/71404,Mass Communication,HND1,Male,30,Edo,Agnes,Adeyemi,agnes.adeyemi@yabatech.edu.ng,+1-881-772-4367x12626,2024/2025,1st Semester,GNS 127,Citizenship Education,2,42,9,22,31,F,0.0
P/HN/23/71404,Mass Communication,HND1,Male,30,Edo,Agnes,Adeyemi,agnes.adeyemi@yabatech.edu.ng,+1-881-772-4367x12626,2024/2025,1st Semester,MAC 107,Intro to Broadcasting,3,60,14,33,47,D,2.25
P/ND/23/81014,Business Administration,ND1,Female,22,Edo,Peter,Olawale,peter.olawale@yabatech.edu.ng,988.719.6624x8888,2024/2025,1st Semester,BAM 101,Intro to Business Admin,3,41,8,19,27,F,0.0
P/ND/23/81014,Business Administration,ND1,Female,22,Edo,Peter,Olawale,peter.olawale@yabatech.edu.ng,988.719.6624x8888,2024/2025,1st Semester,ACC 111,Intro to Accounting,3,36,4,10,14,F,0.0
P/ND/23/81014,Business Administration,ND1,Female,22,Edo,Peter,Olawale,peter.olawale@yabatech.edu.ng,988.719.6624x8888,2024/2025,1st Semester,ECO 101,Intro to Economics,2,50,12,29,41,E,2.0
F/HN/23/73727,Electrical Engineering,HND1,Female,16,Oyo,Paul,Obasanjo,paul.obasanjo@yabatech.edu.ng,859-203-6646,2024/2025,1st Semester,EEC 111,Electrical Science,3,40,8,20,28,F,0.0
F/HN/23/73727,Electrical Engineering,HND1,Female,16,Oyo,Paul,Obasanjo,paul.obasanjo@yabatech.edu.ng,859-203-6646,2024/2025,1st Semester,MTH 111,Logic & Linear Algebra,2,38,11,26,37,F,0.0
F/HN/23/73727,Electrical Engineering,HND1,Female,16,Oyo,Paul,Obasanjo,paul.obasanjo@yabatech.edu.ng,859-203-6646,2024/2025,1st Semester,MEC 112,Mechanical Workshop,2,46,9,21,30,F,0.0
F/HN/23/73727,Electrical Engineering,HND1,Female,16,Oyo,Paul,Obasanjo,paul.obasanjo@yabatech.edu.ng,859-203-6646,2024/2025,1st Semester,EEC 115,Electrical Graphics,2,57,16,39,55,C,2.75
F/HN/23/73727,Electrical Engineering,HND1,Female,16,Oyo,Paul,Obasanjo,paul.obasanjo@yabatech.edu.ng,859-203-6646,2024/2025,1st Semester,GNS 101,Use of English,2,40,9,21,30,F,0.0
F/ND/23/51379,Electrical Engineering,ND2,Female,17,Bauchi,Comfort,Oshodi,comfort.oshodi@yabatech.edu.ng,(757)871-9263x142,2024/2025,1st Semester,GNS 101,Use of English,2,70,24,56,80,A,4.0
F/ND/23/51379,Electrical Engineering,ND2,Female,17,Bauchi,Comfort,Oshodi,comfort.oshodi@yabatech.edu.ng,(757)871-9263x142,2024/2025,1st Semester,MEC 112,Mechanical Workshop,2,70,28,66,94,A,4.0
F/ND/23/51379,Electrical Engineering,ND2,Female,17,Bauchi,Comfort,Oshodi,comfort.oshodi@yabatech.edu.ng,(757)871-9263x142,2024/2025,1st Semester,EEC 111,Electrical Science,3,67,28,67,95,A,4.0
F/ND/23/51379,Electrical Engineering,ND2,Female,17,Bauchi,Comfort,Oshodi,comfort.oshodi@yabatech.edu.ng,(757)871-9263x142,2024/2025,1st Semester,MTH 111,Logic & Linear Algebra,2,78,25,58,83,A,4.0
F/ND/23/51379,Electrical Engineering,ND2,Female,17,Bauchi,Comfort,Oshodi,comfort.oshodi@yabatech.edu.ng,(757)871-9263x142,2024/2025,1st Semester,EEC 115,Electrical Graphics,2,80,27,64,91,A,4.0
P/HN/23/25538,Mass Communication,HND1,Female,27,Sokoto,John,Nnamani,john.nnamani@yabatech.edu.ng,458.277.8604,2024/2025,1st Semester,GNS 101,Use of English,2,53,9,21,30,F,0.0
P/HN/23/25538,Mass Communication,HND1,Female,27,Sokoto,John,Nnamani,john.nnamani@yabatech.edu.ng,458.277.8604,2024/2025,1st Semester,MAC 101,Intro to Mass Comm,3,41,2,6,8,F,0.0
P/HN/23/25538,Mass Communication,HND1,Female,27,Sokoto,John,Nnamani,john.nnamani@yabatech.edu.ng,458.277.8604,2024/2025,1st Semester,GNS 127,Citizenship Education,2,51,11,27,38,F,0.0
P/HN/23/25538,Mass Communication,HND1,Female,27,Sokoto,John,Nnamani,john.nnamani@yabatech.edu.ng,458.277.8604,2024/2025,1st Semester,MAC 107,Intro to Broadcasting,3,33,5,12,17,F,0.0
P/HN/23/25538,Mass Communication,HND1,Female,27,Sokoto,John,Nnamani,john.nnamani@yabatech.edu.ng,458.277.8604,2024/2025,1st Semester,MAC 115,News Writing,3,68,10,23,33,F,0.0
F/ND/23/35747,Mass Communication,ND1,Male,25,Bayelsa,Blessing,Oyekan,blessing.oyekan@yabatech.edu.ng,001-742-721-7724,2024/2025,1st Semester,GNS 101,Use of English,2,89,25,60,85,A,4.0
F/ND/23/35747,Mass Communication,ND1,Male,25,Bayelsa,Blessing,Oyekan,blessing.oyekan@yabatech.edu.ng,001-742-721-7724,2024/2025,1st Semester,MAC 101,Intro to Mass Comm,3,93,28,67,95,A,4.0
F/ND/23/35747,Mass Communication,ND1,Male,25,Bayelsa,Blessing,Oyekan,blessing.oyekan@yabatech.edu.ng,001-742-721-7724,2024/2025,1st Semester,MAC 115,News Writing,3,86,28,65,93,A,4.0
F/ND/23/35747,Mass Communication,ND1,Male,25,Bayelsa,Blessing,Oyekan,blessing.oyekan@yabatech.edu.ng,001-742-721-7724,2024/2025,1st Semester,MAC 107,Intro to Broadcasting,3,77,30,70,100,A,4.0
F/ND/23/35747,Mass Communication,ND1,Male,25,Bayelsa,Blessing,Oyekan,blessing.oyekan@yabatech.edu.ng,001-742-721-7724,2024/2025,1st Semester,GNS 127,Citizenship Education,2,92,29,68,97,A,4.0
P/ND/23/142,Business Administration,ND2,Female,29,Imo,Mark,Adeyemi,mark.adeyemi@yabatech.edu.ng,+1-639-370-7937,2024/2025,1st Semester,ACC 111,Intro to Accounting,3,37,12,29,41,E,2.0
P/ND/23/142,Business Administration,ND2,Female,29,Imo,Mark,Adeyemi,mark.adeyemi@yabatech.edu.ng,+1-639-370-7937,2024/2025,1st Semester,BAM 101,Intro to Business Admin,3,54,12,29,41,E,2.0
P/ND/23/142,Business Administration,ND2,Female,29,Imo,Mark,Adeyemi,mark.adeyemi@yabatech.edu.ng,+1-639-370-7937,2024/2025,1st Semester,ECO 101,Intro to Economics,2,44,8,19,27,F,0.0
F/HN/23/993,Business Administration,HND2,Female,30,Abia,Deborah,Ogunleye,deborah.ogunleye@yabatech.edu.ng,(986)490-4454x3305,2024/2025,1st Semester,ACC 111,Intro to Accounting,3,100,30,70,100,A,4.0
F/HN/23/993,Business Administration,HND2,Female,30,Abia,Deborah,Ogunleye,deborah.ogunleye@yabatech.edu.ng,(986)490-4454x3305,2024/2025,1st Semester,BAM 101,Intro to Business Admin,3,100,30,70,100,A,4.0
F/HN/23/993,Business Administration,HND2,Female,30,Abia,Deborah,Ogunleye,deborah.ogunleye@yabatech.edu.ng,(986)490-4454x3305,2024/2025,1st Semester,ECO 101,Intro to Economics,2,76,28,66,94,A,4.0
F/HN/23/26038,Mass Communication,HND1,Male,25,Kaduna,Samuel,Oyekan,samuel.oyekan@yabatech.edu.ng,(219)716-2426x909,2024/2025,1st Semester,MAC 115,News Writing,3,74,29,68,97,A,4.0
F/HN/23/26038,Mass Communication,HND1,Male,25,Kaduna,Samuel,Oyekan,samuel.oyekan@yabatech.edu.ng,(219)716-2426x909,2024/2025,1st Semester,MAC 107,Intro to Broadcasting,3,62,30,70,100,A,4.0
F/HN/23/26038,Mass Communication,HND1,Male,25,Kaduna,Samuel,Oyekan,samuel.oyekan@yabatech.edu.ng,(219)716-2426x909,2024/2025,1st Semester,GNS 127,Citizenship Education,2,68,27,63,90,A,4.0
F/HN/23/26038,Mass Communication,HND1,Male,25,Kaduna,Samuel,Oyekan,samuel.oyekan@yabatech.edu.ng,(219)716-2426x909,2024/2025,1st Semester,GNS 101,Use of English,2,86,27,63,90,A,4.0
F/HN/23/26038,Mass Communication,HND1,Male,25,Kaduna,Samuel,Oyekan,samuel.oyekan@yabatech.edu.ng,(219)716-2426x909,2024/2025,1st Semester,MAC 101,Intro to Mass Comm,3,69,30,70,100,A,4.0
F/HN/23/78861,Business Administration,HND1,Male,23,Gombe,Peter,Chukwu,peter.chukwu@yabatech.edu.ng,6349878620,2024/2025,1st Semester,ACC 111,Intro to Accounting,3,70,23,55,78,A,4.0
F/HN/23/78861,Business Administration,HND1,Male,23,Gombe,Peter,Chukwu,peter.chukwu@yabatech.edu.ng,6349878620,2024/2025,1st Semester,ECO 101,Intro to Economics,2,54,25,58,83,A,4.0
F/HN/23/78861,Business Administration,HND1,Male,23,Gombe,Peter,Chukwu,peter.chukwu@yabatech.edu.ng,6349878620,2024/2025,1st Semester,BAM 101,Intro to Business Admin,3,72,24,56,80,A,4.0
P/ND/23/97043,Electrical Engineering,ND2,Female,19,Imo,Angela,Uche,angela.uche@yabatech.edu.ng,(927)557-7890x2049,2024/2025,1st Semester,EEC 115,Electrical Graphics,2,100,16,38,54,CD,2.5
P/ND/23/97043,Electrical Engineering,ND2,Female,19,Imo,Angela,Uche,angela.uche@yabatech.edu.ng,(927)557-7890x2049,2024/2025,1st Semester,GNS 101,Use of English,2,87,16,38,54,CD,2.5
P/ND/23/97043,Electrical Engineering,ND2,Female,19,Imo,Angela,Uche,angela.uche@yabatech.edu.ng,(927)557-7890x2049,2024/2025,1st Semester,MTH 111,Logic & Linear Algebra,2,79,18,42,60,BC,3.0
P/ND/23/97043,Electrical Engineering,ND2,Female,19,Imo,Angela,Uche,angela.uche@yabatech.edu.ng,(927)557-7890x2049,2024/2025,1st Semester,MEC 112,Mechanical Workshop,2,82,21,49,70,AB,3.5
P/ND/23/97043,Electrical Engineering,ND2,Female,19,Imo,Angela,Uche,angela.uche@yabatech.edu.ng,(927)557-7890x2049,2024/2025,1st Semester,EEC 111,Electrical Science,3,57,17,41,58,C,2.75
P/HN/23/81010,Civil Engineering,HND2,Female,17,Kwara,Deborah,Balogun,deborah.balogun@yabatech.edu.ng,772.238.8479x849,2024/2025,1st Semester,CEC 110,Fluid Mechanics,4,85,26,61,87,A,4.0
P/HN/23/81010,Civil Engineering,HND2,Female,17,Kwara,Deborah,Balogun,deborah.balogun@yabatech.edu.ng,772.238.8479x849,2024/2025,1st Semester,CEC 101,Engineering Drawing,3,88,25,60,85,A,4.0
P/HN/23/81010,Civil Engineering,HND2,Female,17,Kwara,Deborah,Balogun,deborah.balogun@yabatech.edu.ng,772.238.8479x849,2024/2025,1st Semester,MEC 101,Workshop Technology,2,100,28,65,93,A,4.0
P/ND/23/79718,Electrical Engineering,ND2,Female,26,Sokoto,Mary,Nnamani,mary.nnamani@yabatech.edu.ng,001-776-325-9531x9631,2024/2025,1st Semester,MTH 111,Logic & Linear Algebra,2,85,27,65,92,A,4.0
P/ND/23/79718,Electrical Engineering,ND2,Female,26,Sokoto,Mary,Nnamani,mary.nnamani@yabatech.edu.ng,001-776-325-9531x9631,2024/2025,1st Semester,EEC 111,Electrical Science,3,86,23,55,78,A,4.0
P/ND/23/79718,Electrical Engineering,ND2,Female,26,Sokoto,Mary,Nnamani,mary.nnamani@yabatech.edu.ng,001-776-325-9531x9631,2024/2025,1st Semester,GNS 101,Use of English,2,72,24,58,82,A,4.0
P/ND/23/79718,Electrical Engineering,ND2,Female,26,Sokoto,Mary,Nnamani,mary.nnamani@yabatech.edu.ng,001-776-325-9531x9631,2024/2025,1st Semester,MEC 112,Mechanical Workshop,2,65,25,59,84,A,4.0
P/ND/23/79718,Electrical Engineering,ND2,Female,26,Sokoto,Mary,Nnamani,mary.nnamani@yabatech.edu.ng,001-776-325-9531x9631,2024/2025,1st Semester,EEC 115,Electrical Graphics,2,88,23,55,78,A,4.0
P/ND/23/3019,Computer Science,ND2,Male,20,Benue,Joshua,Adeyemi,joshua.adeyemi@yabatech.edu.ng,560-679-3714,2024/2025,1st Semester,COM 101,Intro to Computing,4,76,25,60,85,A,4.0
P/ND/23/3019,Computer Science,ND2,Male,20,Benue,Joshua,Adeyemi,joshua.adeyemi@yabatech.edu.ng,560-679-3714,2024/2025,1st Semester,STA 111,Intro to Statistics,2,86,22,53,75,A,4.0
P/ND/23/3019,Computer Science,ND2,Male,20,Benue,Joshua,Adeyemi,joshua.adeyemi@yabatech.edu.ng,560-679-3714,2024/2025,1st Semester,COM 112,Digital Electronics,3,83,25,60,85,A,4.0
P/ND/23/3019,Computer Science,ND2,Male,20,Benue,Joshua,Adeyemi,joshua.adeyemi@yabatech.edu.ng,560-679-3714,2024/2025,1st Semester,MTH 111,Logic & Linear Algebra,2,93,23,54,77,A,4.0
P/ND/23/3019,Computer Science,ND2,Male,20,Benue,Joshua,Adeyemi,joshua.adeyemi@yabatech.edu.ng,560-679-3714,2024/2025,1st Semester,COM 113,Intro to Programming,4,49,20,48,68,B,3.25
P/ND/23/3019,Computer Science,ND2,Male,20,Benue,Joshua,Adeyemi,joshua.adeyemi@yabatech.edu.ng,560-679-3714,2024/2025,1st Semester,GNS 101,Use of English,2,73,26,62,88,A,4.0
P/HN/23/8212,Science Lab Tech,HND2,Male,27,Kogi,Hope,Akinwale,hope.akinwale@yabatech.edu.ng,(900)301-4053,2024/2025,1st Semester,STB 111,General Biology,3,47,12,29,41,E,2.0
P/HN/23/8212,Science Lab Tech,HND2,Male,27,Kogi,Hope,Akinwale,hope.akinwale@yabatech.edu.ng,(900)301-4053,2024/2025,1st Semester,MTH 111,Logic & Linear Algebra,2,59,21,49,70,AB,3.5
P/HN/23/8212,Science Lab Tech,HND2,Male,27,Kogi,Hope,Akinwale,hope.akinwale@yabatech.edu.ng,(900)301-4053,2024/2025,1st Semester,STC 112,General Chemistry,3,100,23,53,76,A,4.0
P/HN/23/8212,Science Lab Tech,HND2,Male,27,Kogi,Hope,Akinwale,hope.akinwale@yabatech.edu.ng,(900)301-4053,2024/2025,1st Semester,GLT 111,General Lab Techniques,4,65,22,53,75,A,4.0
P/HN/23/8212,Science Lab Tech,HND2,Male,27,Kogi,Hope,Akinwale,hope.akinwale@yabatech.edu.ng,(900)301-4053,2024/2025,1st Semester,GNS 101,Use of English,2,81,22,53,75,A,4.0
P/HN/23/17028,Science Lab Tech,HND2,Female,30,Oyo,Victoria,Oshodi,victoria.oshodi@yabatech.edu.ng,470-243-4126x25934,2024/2025,1st Semester,GNS 101,Use of English,2,92,25,58,83,A,4.0
P/HN/23/17028,Science Lab Tech,HND2,Female,30,Oyo,Victoria,Oshodi,victoria.oshodi@yabatech.edu.ng,470-243-4126x25934,2024/2025,1st Semester,MTH 111,Logic & Linear Algebra,2,95,26,62,88,A,4.0
P/HN/23/17028,Science Lab Tech,HND2,Female,30,Oyo,Victoria,Oshodi,victoria.oshodi@yabatech.edu.ng,470-243-4126x25934,2024/2025,1st Semester,STB 111,General Biology,3,75,23,54,77,A,4.0
P/HN/23/17028,Science Lab Tech,HND2,Female,30,Oyo,Victoria,Oshodi,victoria.oshodi@yabatech.edu.ng,470-243-4126x25934,2024/2025,1st Semester,GLT 111,General Lab Techniques,4,45,20,47,67,B,3.25
P/HN/23/17028,Science Lab Tech,HND2,Female,30,Oyo,Victoria,Oshodi,victoria.oshodi@yabatech.edu.ng,470-243-4126x25934,2024/2025,1st Semester,STC 112,General Chemistry,3,96,28,65,93,A,4.0
F/ND/23/43676,Electrical Engineering,ND1,Female,23,Borno,Charity,Akinwale,charity.akinwale@yabatech.edu.ng,9012368247,2024/2025,1st Semester,EEC 115,Electrical Graphics,2,70,21,49,70,AB,3.5
F/ND/23/43676,Electrical Engineering,ND1,Female,23,Borno,Charity,Akinwale,charity.akinwale@yabatech.edu.ng,9012368247,2024/2025,1st Semester,EEC 111,Electrical Science,3,77,17,41,58,C,2.75
F/ND/23/43676,Electrical Engineering,ND1,Female,23,Borno,Charity,Akinwale,charity.akinwale@yabatech.edu.ng,9012368247,2024/2025,1st Semester,MTH 111,Logic & Linear Algebra,2,74,21,50,71,AB,3.5
F/ND/23/43676,Electrical Engineering,ND1,Female,23,Borno,Charity,Akinwale,charity.akinwale@yabatech.edu.ng,9012368247,2024/2025,1st Semester,MEC 112,Mechanical Workshop,2,89,17,40,57,C,2.75
F/ND/23/43676,Electrical Engineering,ND1,Female,23,Borno,Charity,Akinwale,charity.akinwale@yabatech.edu.ng,9012368247,2024/2025,1st Semester,GNS 101,Use of English,2,100,19,45,64,BC,3.0
P/HN/23/50585,Science Lab Tech,HND1,Female,18,Yobe,Joy,Ogunleye,joy.ogunleye@yabatech.edu.ng,648.883.1329,2024/2025,1st Semester,MTH 111,Logic & Linear Algebra,2,70,10,25,35,F,0.0
P/HN/23/50585,Science Lab Tech,HND1,Female,18,Yobe,Joy,Ogunleye,joy.ogunleye@yabatech.edu.ng,648.883.1329,2024/2025,1st Semester,STB 111,General Biology,3,80,10,24,34,F,0.0
P/HN/23/50585,Science Lab Tech,HND1,Female,18,Yobe,Joy,Ogunleye,joy.ogunleye@yabatech.edu.ng,648.883.1329,2024/2025,1st Semester,STC 112,General Chemistry,3,46,9,21,30,F,0.0
P/HN/23/50585,Science Lab Tech,HND1,Female,18,Yobe,Joy,Ogunleye,joy.ogunleye@yabatech.edu.ng,648.883.1329,2024/2025,1st Semester,GLT 111,General Lab Techniques,4,54,12,29,41,E,2.0
P/HN/23/50585,Science Lab Tech,HND1,Female,18,Yobe,Joy,Ogunleye,joy.ogunleye@yabatech.edu.ng,648.883.1329,2024/2025,1st Semester,GNS 101,Use of English,2,23,8,19,27,F,0.0
P/HN/23/99866,Electrical Engineering,HND1,Male,24,Anambra,David,Oshodi,david.oshodi@yabatech.edu.ng,218.723.3276x13451,2024/2025,1st Semester,EEC 115,Electrical Graphics,2,72,18,43,61,BC,3.0
P/HN/23/99866,Electrical Engineering,HND1,Male,24,Anambra,David,Oshodi,david.oshodi@yabatech.edu.ng,218.723.3276x13451,2024/2025,1st Semester,MEC 112,Mechanical Workshop,2,86,16,37,53,CD,2.5
P/HN/23/99866,Electrical Engineering,HND1,Male,24,Anambra,David,Oshodi,david.oshodi@yabatech.edu.ng,218.723.3276x13451,2024/2025,1st Semester,GNS 101,Use of English,2,97,16,38,54,CD,2.5
P/HN/23/99866,Electrical Engineering,HND1,Male,24,Anambra,David,Oshodi,david.oshodi@yabatech.edu.ng,218.723.3276x13451,2024/2025,1st Semester,EEC 111,Electrical Science,3,68,16,38,54,CD,2.5
P/HN/23/99866,Electrical Engineering,HND1,Male,24,Anambra,David,Oshodi,david.oshodi@yabatech.edu.ng,218.723.3276x13451,2024/2025,1st Semester,MTH 111,Logic & Linear Algebra,2,87,20,48,68,B,3.25
P/ND/23/5943,Civil Engineering,ND2,Female,16,Niger,Daniel,Olawale,daniel.olawale@yabatech.edu.ng,9498459434,2024/2025,1st Semester,CEC 101,Engineering Drawing,3,91,25,59,84,A,4.0
P/ND/23/5943,Civil Engineering,ND2,Female,16,Niger,Daniel,Olawale,daniel.olawale@yabatech.edu.ng,9498459434,2024/2025,1st Semester,CEC 110,Fluid Mechanics,4,87,29,68,97,A,4.0
P/ND/23/5943,Civil Engineering,ND2,Female,16,Niger,Daniel,Olawale,daniel.olawale@yabatech.edu.ng,9498459434,2024/2025,1st Semester,MEC 101,Workshop Technology,2,99,24,57,81,A,4.0
P/ND/23/31700,Civil Engineering,ND2,Female,22,Nasarawa,Charity,Nnamani,charity.nnamani@yabatech.edu.ng,(201)630-1001,2024/2025,1st Semester,CEC 101,Engineering Drawing,3,87,19,45,64,BC,3.0
P/ND/23/31700,Civil Engineering,ND2,Female,22,Nasarawa,Charity,Nnamani,charity.nnamani@yabatech.edu.ng,(201)630-1001,2024/2025,1st Semester,MEC 101,Workshop Technology,2,98,22,53,75,A,4.0
P/ND/23/31700,Civil Engineering,ND2,Female,22,Nasarawa,Charity,Nnamani,charity.nnamani@yabatech.edu.ng,(201)630-1001,2024/2025,1st Semester,CEC 110,Fluid Mechanics,4,70,19,45,64,BC,3.0
F/HN/23/62738,Mass Communication,HND2,Male,29,Enugu,Joshua,Akinwale,joshua.akinwale@yabatech.edu.ng,676.780.6504,2024/2025,1st Semester,MAC 107,Intro to Broadcasting,3,67,19,45,64,BC,3.0
F/HN/23/62738,Mass Communication,HND2,Male,29,Enugu,Joshua,Akinwale,joshua.akinwale@yabatech.edu.ng,676.780.6504,2024/2025,1st Semester,MAC 115,News Writing,3,77,24,57,81,A,4.0
F/HN/23/62738,Mass Communication,HND2,Male,29,Enugu,Joshua,Akinwale,joshua.akinwale@yabatech.edu.ng,676.780.6504,2024/2025,1st Semester,GNS 127,Citizenship Education,2,77,21,50,71,AB,3.5
F/HN/23/62738,Mass Communication,HND2,Male,29,Enugu,Joshua,Akinwale,joshua.akinwale@yabatech.edu.ng,676.780.6504,2024/2025,1st Semester,GNS 101,Use of English,2,80,22,52,74,AB,3.5
F/HN/23/62738,Mass Communication,HND2,Male,29,Enugu,Joshua,Akinwale,joshua.akinwale@yabatech.edu.ng,676.780.6504,2024/2025,1st Semester,MAC 101,Intro to Mass Comm,3,98,21,49,70,AB,3.5
P/ND/23/91433,Computer Science,ND1,Male,26,Delta,Peter,Chukwu,peter.chukwu@yabatech.edu.ng,567-791-1881x7833,2024/2025,1st Semester,COM 113,Intro to Programming,4,91,23,54,77,A,4.0
P/ND/23/91433,Computer Science,ND1,Male,26,Delta,Peter,Chukwu,peter.chukwu@yabatech.edu.ng,567-791-1881x7833,2024/2025,1st Semester,COM 112,Digital Electronics,3,85,24,57,81,A,4.0
P/ND/23/91433,Computer Science,ND1,Male,26,Delta,Peter,Chukwu,peter.chukwu@yabatech.edu.ng,567-791-1881x7833,2024/2025,1st Semester,GNS 101,Use of English,2,100,23,55,78,A,4.0
P/ND/23/91433,Computer Science,ND1,Male,26,Delta,Peter,Chukwu,peter.chukwu@yabatech.edu.ng,567-791-1881x7833,2024/2025,1st Semester,STA 111,Intro to Statistics,2,86,22,51,73,AB,3.5
P/ND/23/91433,Computer Science,ND1,Male,26,Delta,Peter,Chukwu,peter.chukwu@yabatech.edu.ng,567-791-1881x7833,2024/2025,1st Semester,COM 101,Intro to Computing,4,72,25,59,84,A,4.0
P/ND/23/91433,Computer Science,ND1,Male,26,Delta,Peter,Chukwu,peter.chukwu@yabatech.edu.ng,567-791-1881x7833,2024/2025,1st Semester,MTH 111,Logic & Linear Algebra,2,50,26,61,87,A,4.0
F/ND/23/58874,Business Administration,ND1,Female,17,Jigawa,Angela,Obi,angela.obi@yabatech.edu.ng,953.996.6828,2024/2025,1st Semester,BAM 101,Intro to Business Admin,3,74,22,52,74,AB,3.5
F/ND/23/58874,Business Administration,ND1,Female,17,Jigawa,Angela,Obi,angela.obi@yabatech.edu.ng,953.996.6828,2024/2025,1st Semester,ECO 101,Intro to Economics,2,76,24,57,81,A,4.0
F/ND/23/58874,Business Administration,ND1,Female,17,Jigawa,Angela,Obi,angela.obi@yabatech.edu.ng,953.996.6828,2024/2025,1st Semester,ACC 111,Intro to Accounting,3,70,27,63,90,A,4.0
F/HN/23/70742,Computer Science,HND1,Female,30,Sokoto,Faith,Abiola,faith.abiola@yabatech.edu.ng,(382)846-3322x696,2024/2025,1st Semester,COM 112,Digital Electronics,3,100,24,56,80,A,4.0
F/HN/23/70742,Computer Science,HND1,Female,30,Sokoto,Faith,Abiola,faith.abiola@yabatech.edu.ng,(382)846-3322x696,2024/2025,1st Semester,MTH 111,Logic & Linear Algebra,2,79,22,52,74,AB,3.5
F/HN/23/70742,Computer Science,HND1,Female,30,Sokoto,Faith,Abiola,faith.abiola@yabatech.edu.ng,(382)846-3322x696,2024/2025,1st Semester,COM 101,Intro to Computing,4,71,27,63,90,A,4.0
F/HN/23/70742,Computer Science,HND1,Female,30,Sokoto,Faith,Abiola,faith.abiola@yabatech.edu.ng,(382)846-3322x696,2024/2025,1st Semester,STA 111,Intro to Statistics,2,100,22,51,73,AB,3.5
F/HN/23/70742,Computer Science,HND1,Female,30,Sokoto,Faith,Abiola,faith.abiola@yabatech.edu.ng,(382)846-3322x696,2024/2025,1st Semester,COM 113,Intro to Programming,4,80,26,61,87,A,4.0
P/HN/23/58738,Mass Communication,HND2,Male,18,Imo,Peter,Oyekan,peter.oyekan@yabatech.edu.ng,001-466-425-1353,2024/2025,1st Semester,MAC 115,News Writing,3,54,9,21,30,F,0.0
P/HN/23/58738,Mass Communication,HND2,Male,18,Imo,Peter,Oyekan,peter.oyekan@yabatech.edu.ng,001-466-425-1353,2024/2025,1st Semester,MAC 101,Intro to Mass Comm,3,73,12,29,41,E,2.0
P/HN/23/58738,Mass Communication,HND2,Male,18,Imo,Peter,Oyekan,peter.oyekan@yabatech.edu.ng,001-466-425-1353,2024/2025,1st Semester,GNS 101,Use of English,2,51,12,29,41,E,2.0
P/HN/23/58738,Mass Communication,HND2,Male,18,Imo,Peter,Oyekan,peter.oyekan@yabatech.edu.ng,001-466-425-1353,2024/2025,1st Semester,GNS 127,Citizenship Education,2,65,10,23,33,F,0.0
P/HN/23/58738,Mass Communication,HND2,Male,18,Imo,Peter,Oyekan,peter.oyekan@yabatech.edu.ng,001-466-425-1353,2024/2025,1st Semester,MAC 107,Intro to Broadcasting,3,28,4,10,14,F,0.0
P/ND/23/84411,Business Administration,ND2,Male,19,Plateau,Paul,Olawale,paul.olawale@yabatech.edu.ng,926.603.9336,2024/2025,1st Semester,ACC 111,Intro to Accounting,3,38,10,24,34,F,0.0
P/ND/23/84411,Business Administration,ND2,Male,19,Plateau,Paul,Olawale,paul.olawale@yabatech.edu.ng,926.603.9336,2024/2025,1st Semester,BAM 101,Intro to Business Admin,3,60,12,28,40,E,2.0
P/ND/23/84411,Business Administration,ND2,Male,19,Plateau,Paul,Olawale,paul.olawale@yabatech.edu.ng,926.603.9336,2024/2025,1st Semester,ECO 101,Intro to Economics,2,43,12,29,41,E,2.0
P/HN/23/35184,Civil Engineering,HND2,Female,16,Anambra,Comfort,Nnamani,comfort.nnamani@yabatech.edu.ng,849-322-0210x5992,2024/2025,1st Semester,MEC 101,Workshop Technology,2,25,16,38,54,CD,2.5
P/HN/23/35184,Civil Engineering,HND2,Female,16,Anambra,Comfort,Nnamani,comfort.nnamani@yabatech.edu.ng,849-322-0210x5992,2024/2025,1st Semester,CEC 110,Fluid Mechanics,4,37,13,30,43,E,2.0
P/HN/23/35184,Civil Engineering,HND2,Female,16,Anambra,Comfort,Nnamani,comfort.nnamani@yabatech.edu.ng,849-322-0210x5992,2024/2025,1st Semester,CEC 101,Engineering Drawing,3,47,13,31,44,E,2.0
F/ND/23/49966,Civil Engineering,ND1,Female,19,Kebbi,Joseph,Ogunleye,joseph.ogunleye@yabatech.edu.ng,287.376.3921x6837,2024/2025,1st Semester,MEC 101,Workshop Technology,2,69,26,61,87,A,4.0
F/ND/23/49966,Civil Engineering,ND1,Female,19,Kebbi,Joseph,Ogunleye,joseph.ogunleye@yabatech.edu.ng,287.376.3921x6837,2024/2025,1st Semester,CEC 101,Engineering Drawing,3,68,30,70,100,A,4.0
F/ND/23/49966,Civil Engineering,ND1,Female,19,Kebbi,Joseph,Ogunleye,joseph.ogunleye@yabatech.edu.ng,287.376.3921x6837,2024/2025,1st Semester,CEC 110,Fluid Mechanics,4,87,27,63,90,A,4.0
P/ND/23/22105,Science Lab Tech,ND1,Female,22,Plateau,Stephen,Oshodi,stephen.oshodi@yabatech.edu.ng,001-790-205-4488x53505,2024/2025,1st Semester,GNS 101,Use of English,2,72,21,51,72,AB,3.5
P/ND/23/22105,Science Lab Tech,ND1,Female,22,Plateau,Stephen,Oshodi,stephen.oshodi@yabatech.edu.ng,001-790-205-4488x53505,2024/2025,1st Semester,STC 112,General Chemistry,3,86,24,56,80,A,4.0
P/ND/23/22105,Science Lab Tech,ND1,Female,22,Plateau,Stephen,Oshodi,stephen.oshodi@yabatech.edu.ng,001-790-205-4488x53505,2024/2025,1st Semester,MTH 111,Logic & Linear Algebra,2,68,20,47,67,B,3.25
P/ND/23/22105,Science Lab Tech,ND1,Female,22,Plateau,Stephen,Oshodi,stephen.oshodi@yabatech.edu.ng,001-790-205-4488x53505,2024/2025,1st Semester,STB 111,General Biology,3,80,22,51,73,AB,3.5
P/ND/23/22105,Science Lab Tech,ND1,Female,22,Plateau,Stephen,Oshodi,stephen.oshodi@yabatech.edu.ng,001-790-205-4488x53505,2024/2025,1st Semester,GLT 111,General Lab Techniques,4,96,20,47,67,B,3.25
F/HN/23/38997,Computer Science,HND2,Female,22,Anambra,Gabriel,Ojo,gabriel.ojo@yabatech.edu.ng,3932372519,2024/2025,1st Semester,COM 112,Digital Electronics,3,80,29,67,96,A,4.0
F/HN/23/38997,Computer Science,HND2,Female,22,Anambra,Gabriel,Ojo,gabriel.ojo@yabatech.edu.ng,3932372519,2024/2025,1st Semester,STA 111,Intro to Statistics,2,84,29,69,98,A,4.0
F/HN/23/38997,Computer Science,HND2,Female,22,Anambra,Gabriel,Ojo,gabriel.ojo@yabatech.edu.ng,3932372519,2024/2025,1st Semester,COM 113,Intro to Programming,4,62,28,66,94,A,4.0
F/HN/23/38997,Computer Science,HND2,Female,22,Anambra,Gabriel,Ojo,gabriel.ojo@yabatech.edu.ng,3932372519,2024/2025,1st Semester,MTH 111,Logic & Linear Algebra,2,67,28,66,94,A,4.0
F/HN/23/38997,Computer Science,HND2,Female,22,Anambra,Gabriel,Ojo,gabriel.ojo@yabatech.edu.ng,3932372519,2024/2025,1st Semester,COM 101,Intro to Computing,4,97,26,61,87,A,4.0
P/HN/23/35284,Civil Engineering,HND1,Female,20,Cross River,David,Nnamani,david.nnamani@yabatech.edu.ng,667-549-1296x68108,2024/2025,1st Semester,CEC 101,Engineering Drawing,3,70,21,49,70,AB,3.5
P/HN/23/35284,Civil Engineering,HND1,Female,20,Cross River,David,Nnamani,david.nnamani@yabatech.edu.ng,667-549-1296x68108,2024/2025,1st Semester,MEC 101,Workshop Technology,2,68,20,48,68,B,3.25
P/HN/23/35284,Civil Engineering,HND1,Female,20,Cross River,David,Nnamani,david.nnamani@yabatech.edu.ng,667-549-1296x68108,2024/2025,1st Semester,CEC 110,Fluid Mechanics,4,74,18,43,61,BC,3.0
F/HN/23/39808,Civil Engineering,HND1,Female,20,Ekiti,Mary,Ekwueme,mary.ekwueme@yabatech.edu.ng,358.929.8242x838,2024/2025,1st Semester,CEC 101,Engineering Drawing,3,73,24,58,82,A,4.0
F/HN/23/39808,Civil Engineering,HND1,Female,20,Ekiti,Mary,Ekwueme,mary.ekwueme@yabatech.edu.ng,358.929.8242x838,2024/2025,1st Semester,MEC 101,Workshop Technology,2,89,24,58,82,A,4.0
F/HN/23/39808,Civil Engineering,HND1,Female,20,Ekiti,Mary,Ekwueme,mary.ekwueme@yabatech.edu.ng,358.929.8242x838,2024/2025,1st Semester,CEC 110,Fluid Mechanics,4,73,27,65,92,A,4.0
F/ND/23/71956,Business Administration,ND2,Female,18,Ogun,Hope,Akinwale,hope.akinwale@yabatech.edu.ng,345-793-0032,2024/2025,1st Semester,ECO 101,Intro to Economics,2,40,10,25,35,F,0.0
F/ND/23/71956,Business Administration,ND2,Female,18,Ogun,Hope,Akinwale,hope.akinwale@yabatech.edu.ng,345-793-0032,2024/2025,1st Semester,ACC 111,Intro to Accounting,3,51,15,35,50,CD,2.5
F/ND/23/71956,Business Administration,ND2,Female,18,Ogun,Hope,Akinwale,hope.akinwale@yabatech.edu.ng,345-793-0032,2024/2025,1st Semester,BAM 101,Intro to Business Admin,3,46,8,20,28,F,0.0
P/HN/23/56229,Electrical Engineering,HND1,Male,23,Benue,Ruth,Ibrahim,ruth.ibrahim@yabatech.edu.ng,001-600-617-1951x408,2024/2025,1st Semester,EEC 115,Electrical Graphics,2,68,29,69,98,A,4.0
P/HN/23/56229,Electrical Engineering,HND1,Male,23,Benue,Ruth,Ibrahim,ruth.ibrahim@yabatech.edu.ng,001-600-617-1951x408,2024/2025,1st Semester,MEC 112,Mechanical Workshop,2,74,29,69,98,A,4.0
P/HN/23/56229,Electrical Engineering,HND1,Male,23,Benue,Ruth,Ibrahim,ruth.ibrahim@yabatech.edu.ng,001-600-617-1951x408,2024/2025,1st Semester,EEC 111,Electrical Science,3,89,24,57,81,A,4.0
P/HN/23/56229,Electrical Engineering,HND1,Male,23,Benue,Ruth,Ibrahim,ruth.ibrahim@yabatech.edu.ng,001-600-617-1951x408,2024/2025,1st Semester,MTH 111,Logic & Linear Algebra,2,77,25,60,85,A,4.0
P/HN/23/56229,Electrical Engineering,HND1,Male,23,Benue,Ruth,Ibrahim,ruth.ibrahim@yabatech.edu.ng,001-600-617-1951x408,2024/2025,1st Semester,GNS 101,Use of English,2,73,26,62,88,A,4.0
P/ND/23/29062,Electrical Engineering,ND1,Male,22,Adamawa,Emmanuel,Abiola,emmanuel.abiola@yabatech.edu.ng,631-941-7837,2024/2025,1st Semester,EEC 115,Electrical Graphics,2,79,27,64,91,A,4.0
P/ND/23/29062,Electrical Engineering,ND1,Male,22,Adamawa,Emmanuel,Abiola,emmanuel.abiola@yabatech.edu.ng,631-941-7837,2024/2025,1st Semester,MTH 111,Logic & Linear Algebra,2,69,27,63,90,A,4.0
P/ND/23/29062,Electrical Engineering,ND1,Male,22,Adamawa,Emmanuel,Abiola,emmanuel.abiola@yabatech.edu.ng,631-941-7837,2024/2025,1st Semester,MEC 112,Mechanical Workshop,2,78,30,70,100,A,4.0
P/ND/23/29062,Electrical Engineering,ND1,Male,22,Adamawa,Emmanuel,Abiola,emmanuel.abiola@yabatech.edu.ng,631-941-7837,2024/2025,1st Semester,GNS 101,Use of English,2,100,27,64,91,A,4.0
P/ND/23/29062,Electrical Engineering,ND1,Male,22,Adamawa,Emmanuel,Abiola,emmanuel.abiola@yabatech.edu.ng,631-941-7837,2024/2025,1st Semester,EEC 111,Electrical Science,3,100,30,70,100,A,4.0
F/ND/23/1475,Science Lab Tech,ND1,Female,25,Anambra,Mary,Balogun,mary.balogun@yabatech.edu.ng,789-879-8436x571,2024/2025,1st Semester,GLT 111,General Lab Techniques,4,48,9,22,31,F,0.0
F/ND/23/1475,Science Lab Tech,ND1,Female,25,Anambra,Mary,Balogun,mary.balogun@yabatech.edu.ng,789-879-8436x571,2024/2025,1st Semester,STC 112,General Chemistry,3,37,2,6,8,F,0.0
F/ND/23/1475,Science Lab Tech,ND1,Female,25,Anambra,Mary,Balogun,mary.balogun@yabatech.edu.ng,789-879-8436x571,2024/2025,1st Semester,STB 111,General Biology,3,30,4,11,15,F,0.0
F/ND/23/1475,Science Lab Tech,ND1,Female,25,Anambra,Mary,Balogun,mary.balogun@yabatech.edu.ng,789-879-8436x571,2024/2025,1st Semester,GNS 101,Use of English,2,55,12,29,41,E,2.0
F/ND/23/1475,Science Lab Tech,ND1,Female,25,Anambra,Mary,Balogun,mary.balogun@yabatech.edu.ng,789-879-8436x571,2024/2025,1st Semester,MTH 111,Logic & Linear Algebra,2,45,9,22,31,F,0.0
P/HN/23/37603,Business Administration,HND1,Male,27,Ondo,Nathaniel,Abiola,nathaniel.abiola@yabatech.edu.ng,(769)680-5881x7962,2024/2025,1st Semester,ECO 101,Intro to Economics,2,77,30,70,100,A,4.0
P/HN/23/37603,Business Administration,HND1,Male,27,Ondo,Nathaniel,Abiola,nathaniel.abiola@yabatech.edu.ng,(769)680-5881x7962,2024/2025,1st Semester,BAM 101,Intro to Business Admin,3,37,19,45,64,BC,3.0
P/HN/23/37603,Business Administration,HND1,Male,27,Ondo,Nathaniel,Abiola,nathaniel.abiola@yabatech.edu.ng,(769)680-5881x7962,2024/2025,1st Semester,ACC 111,Intro to Accounting,3,78,27,63,90,A,4.0
F/ND/23/32944,Science Lab Tech,ND1,Male,29,Borno,Michael,Oyekan,michael.oyekan@yabatech.edu.ng,616.408.2290x83317,2024/2025,1st Semester,GNS 101,Use of English,2,59,15,36,51,CD,2.5
F/ND/23/32944,Science Lab Tech,ND1,Male,29,Borno,Michael,Oyekan,michael.oyekan@yabatech.edu.ng,616.408.2290x83317,2024/2025,1st Semester,STB 111,General Biology,3,54,11,27,38,F,0.0
F/ND/23/32944,Science Lab Tech,ND1,Male,29,Borno,Michael,Oyekan,michael.oyekan@yabatech.edu.ng,616.408.2290x83317,2024/2025,1st Semester,MTH 111,Logic & Linear Algebra,2,55,13,31,44,E,2.0
F/ND/23/32944,Science Lab Tech,ND1,Male,29,Borno,Michael,Oyekan,michael.oyekan@yabatech.edu.ng,616.408.2290x83317,2024/2025,1st Semester,STC 112,General Chemistry,3,28,6,15,21,F,0.0
F/ND/23/32944,Science Lab Tech,ND1,Male,29,Borno,Michael,Oyekan,michael.oyekan@yabatech.edu.ng,616.408.2290x83317,2024/2025,1st Semester,GLT 111,General Lab Techniques,4,27,10,24,34,F,0.0
P/ND/23/15474,Civil Engineering,ND1,Male,22,Lagos,Charity,Akinwale,charity.akinwale@yabatech.edu.ng,420.952.7629,2024/2025,1st Semester,MEC 101,Workshop Technology,2,69,11,26,37,F,0.0
P/ND/23/15474,Civil Engineering,ND1,Male,22,Lagos,Charity,Akinwale,charity.akinwale@yabatech.edu.ng,420.952.7629,2024/2025,1st Semester,CEC 101,Engineering Drawing,3,66,10,23,33,F,0.0
P/ND/23/15474,Civil Engineering,ND1,Male,22,Lagos,Charity,Akinwale,charity.akinwale@yabatech.edu.ng,420.952.7629,2024/2025,1st Semester,CEC 110,Fluid Mechanics,4,54,11,27,38,F,0.0
P/ND/23/46746,Civil Engineering,ND2,Female,30,Zamfara,Daniel,Akinwale,daniel.akinwale@yabatech.edu.ng,001-951-816-5256x54012,2024/2025,1st Semester,CEC 110,Fluid Mechanics,4,55,15,35,50,CD,2.5
P/ND/23/46746,Civil Engineering,ND2,Female,30,Zamfara,Daniel,Akinwale,daniel.akinwale@yabatech.edu.ng,001-951-816-5256x54012,2024/2025,1st Semester,MEC 101,Workshop Technology,2,58,12,28,40,E,2.0
P/ND/23/46746,Civil Engineering,ND2,Female,30,Zamfara,Daniel,Akinwale,daniel.akinwale@yabatech.edu.ng,001-951-816-5256x54012,2024/2025,1st Semester,CEC 101,Engineering Drawing,3,36,6,14,20,F,0.0
P/ND/23/80391,Science Lab Tech,ND1,Male,20,Plateau,Joshua,Okonkwo,joshua.okonkwo@yabatech.edu.ng,+1-524-810-5583,2024/2025,1st Semester,STB 111,General Biology,3,82,23,53,76,A,4.0
P/ND/23/80391,Science Lab Tech,ND1,Male,20,Plateau,Joshua,Okonkwo,joshua.okonkwo@yabatech.edu.ng,+1-524-810-5583,2024/2025,1st Semester,GLT 111,General Lab Techniques,4,100,27,63,90,A,4.0
P/ND/23/80391,Science Lab Tech,ND1,Male,20,Plateau,Joshua,Okonkwo,joshua.okonkwo@yabatech.edu.ng,+1-524-810-5583,2024/2025,1st Semester,MTH 111,Logic & Linear Algebra,2,47,24,56,80,A,4.0
P/ND/23/80391,Science Lab Tech,ND1,Male,20,Plateau,Joshua,Okonkwo,joshua.okonkwo@yabatech.edu.ng,+1-524-810-5583,2024/2025,1st Semester,GNS 101,Use of English,2,84,22,52,74,AB,3.5
P/ND/23/80391,Science Lab Tech,ND1,Male,20,Plateau,Joshua,Okonkwo,joshua.okonkwo@yabatech.edu.ng,+1-524-810-5583,2024/2025,1st Semester,STC 112,General Chemistry,3,61,24,56,80,A,4.0
F/ND/23/59531,Science Lab Tech,ND2,Male,19,Adamawa,Patience,Chukwu,patience.chukwu@yabatech.edu.ng,972.202.5456,2024/2025,1st Semester,GLT 111,General Lab Techniques,4,77,22,52,74,AB,3.5
F/ND/23/59531,Science Lab Tech,ND2,Male,19,Adamawa,Patience,Chukwu,patience.chukwu@yabatech.edu.ng,972.202.5456,2024/2025,1st Semester,STB 111,General Biology,3,86,21,50,71,AB,3.5
F/ND/23/59531,Science Lab Tech,ND2,Male,19,Adamawa,Patience,Chukwu,patience.chukwu@yabatech.edu.ng,972.202.5456,2024/2025,1st Semester,STC 112,General Chemistry,3,87,22,51,73,AB,3.5
F/ND/23/59531,Science Lab Tech,ND2,Male,19,Adamawa,Patience,Chukwu,patience.chukwu@yabatech.edu.ng,972.202.5456,2024/2025,1st Semester,MTH 111,Logic & Linear Algebra,2,85,19,45,64,BC,3.0
F/ND/23/59531,Science Lab Tech,ND2,Male,19,Adamawa,Patience,Chukwu,patience.chukwu@yabatech.edu.ng,972.202.5456,2024/2025,1st Semester,GNS 101,Use of English,2,71,23,55,78,A,4.0
F/ND/23/50597,Computer Science,ND2,Female,22,Adamawa,Esther,Ibrahim,esther.ibrahim@yabatech.edu.ng,590.264.7782,2024/2025,1st Semester,MTH 111,Logic & Linear Algebra,2,52,7,17,24,F,0.0
F/ND/23/50597,Computer Science,ND2,Female,22,Adamawa,Esther,Ibrahim,esther.ibrahim@yabatech.edu.ng,590.264.7782,2024/2025,1st Semester,COM 113,Intro to Programming,4,24,4,10,14,F,0.0
F/ND/23/50597,Computer Science,ND2,Female,22,Adamawa,Esther,Ibrahim,esther.ibrahim@yabatech.edu.ng,590.264.7782,2024/2025,1st Semester,COM 112,Digital Electronics,3,38,7,18,25,F,0.0
F/ND/23/50597,Computer Science,ND2,Female,22,Adamawa,Esther,Ibrahim,esther.ibrahim@yabatech.edu.ng,590.264.7782,2024/2025,1st Semester,GNS 101,Use of English,2,72,8,19,27,F,0.0
F/ND/23/50597,Computer Science,ND2,Female,22,Adamawa,Esther,Ibrahim,esther.ibrahim@yabatech.edu.ng,590.264.7782,2024/2025,1st Semester,COM 101,Intro to Computing,4,58,8,20,28,F,0.0
F/ND/23/50597,Computer Science,ND2,Female,22,Adamawa,Esther,Ibrahim,esther.ibrahim@yabatech.edu.ng,590.264.7782,2024/2025,1st Semester,STA 111,Intro to Statistics,2,54,11,27,38,F,0.0
F/HN/23/43871,Business Administration,HND1,Male,27,Abia,Elizabeth,Okonkwo,elizabeth.okonkwo@yabatech.edu.ng,353-320-5097x8893,2024/2025,1st Semester,ACC 111,Intro to Accounting,3,80,27,63,90,A,4.0
F/HN/23/43871,Business Administration,HND1,Male,27,Abia,Elizabeth,Okonkwo,elizabeth.okonkwo@yabatech.edu.ng,353-320-5097x8893,2024/2025,1st Semester,BAM 101,Intro to Business Admin,3,68,30,70,100,A,4.0
F/HN/23/43871,Business Administration,HND1,Male,27,Abia,Elizabeth,Okonkwo,elizabeth.okonkwo@yabatech.edu.ng,353-320-5097x8893,2024/2025,1st Semester,ECO 101,Intro to Economics,2,87,30,70,100,A,4.0
P/HN/23/10833,Business Administration,HND2,Female,24,Kano,Gabriel,Okafor,gabriel.okafor@yabatech.edu.ng,001-915-289-2503x355,2024/2025,1st Semester,ECO 101,Intro to Economics,2,31,7,17,24,F,0.0
P/HN/23/10833,Business Administration,HND2,Female,24,Kano,Gabriel,Okafor,gabriel.okafor@yabatech.edu.ng,001-915-289-2503x355,2024/2025,1st Semester,BAM 101,Intro to Business Admin,3,65,9,21,30,F,0.0
P/HN/23/10833,Business Administration,HND2,Female,24,Kano,Gabriel,Okafor,gabriel.okafor@yabatech.edu.ng,001-915-289-2503x355,2024/2025,1st Semester,ACC 111,Intro to Accounting,3,54,9,22,31,F,0.0
P/ND/23/58603,Business Administration,ND1,Male,30,Imo,Ruth,Eze,ruth.eze@yabatech.edu.ng,772-367-9860x0308,2024/2025,1st Semester,BAM 101,Intro to Business Admin,3,34,16,37,53,CD,2.5
P/ND/23/58603,Business Administration,ND1,Male,30,Imo,Ruth,Eze,ruth.eze@yabatech.edu.ng,772-367-9860x0308,2024/2025,1st Semester,ACC 111,Intro to Accounting,3,47,11,26,37,F,0.0
P/ND/23/58603,Business Administration,ND1,Male,30,Imo,Ruth,Eze,ruth.eze@yabatech.edu.ng,772-367-9860x0308,2024/2025,1st Semester,ECO 101,Intro to Economics,2,57,16,37,53,CD,2.5
P/HN/23/80149,Mass Communication,HND1,Male,20,Cross River,Joy,Obi,joy.obi@yabatech.edu.ng,889.381.1614,2024/2025,1st Semester,MAC 101,Intro to Mass Comm,3,89,26,61,87,A,4.0
P/HN/23/80149,Mass Communication,HND1,Male,20,Cross River,Joy,Obi,joy.obi@yabatech.edu.ng,889.381.1614,2024/2025,1st Semester,MAC 107,Intro to Broadcasting,3,84,28,65,93,A,4.0
P/HN/23/80149,Mass Communication,HND1,Male,20,Cross River,Joy,Obi,joy.obi@yabatech.edu.ng,889.381.1614,2024/2025,1st Semester,GNS 101,Use of English,2,94,27,64,91,A,4.0
P/HN/23/80149,Mass Communication,HND1,Male,20,Cross River,Joy,Obi,joy.obi@yabatech.edu.ng,889.381.1614,2024/2025,1st Semester,MAC 115,News Writing,3,66,22,52,74,AB,3.5
P/HN/23/80149,Mass Communication,HND1,Male,20,Cross River,Joy,Obi,joy.obi@yabatech.edu.ng,889.381.1614,2024/2025,1st Semester,GNS 127,Citizenship Education,2,83,28,65,93,A,4.0
F/ND/23/14367,Civil Engineering,ND2,Male,16,Kebbi,Victoria,Okonkwo,victoria.okonkwo@yabatech.edu.ng,+1-762-405-6132x845,2024/2025,1st Semester,CEC 110,Fluid Mechanics,4,100,22,53,75,A,4.0
F/ND/23/14367,Civil Engineering,ND2,Male,16,Kebbi,Victoria,Okonkwo,victoria.okonkwo@yabatech.edu.ng,+1-762-405-6132x845,2024/2025,1st Semester,MEC 101,Workshop Technology,2,58,25,58,83,A,4.0
F/ND/23/14367,Civil Engineering,ND2,Male,16,Kebbi,Victoria,Okonkwo,victoria.okonkwo@yabatech.edu.ng,+1-762-405-6132x845,2024/2025,1st Semester,CEC 101,Engineering Drawing,3,71,28,67,95,A,4.0
F/HN/23/42417,Science Lab Tech,HND2,Female,24,Benue,Benjamin,Uche,benjamin.uche@yabatech.edu.ng,001-231-819-4316x14644,2024/2025,1st Semester,GLT 111,General Lab Techniques,4,41,9,21,30,F,0.0
F/HN/23/42417,Science Lab Tech,HND2,Female,24,Benue,Benjamin,Uche,benjamin.uche@yabatech.edu.ng,001-231-819-4316x14644,2024/2025,1st Semester,STB 111,General Biology,3,71,19,45,64,BC,3.0
F/HN/23/42417,Science Lab Tech,HND2,Female,24,Benue,Benjamin,Uche,benjamin.uche@yabatech.edu.ng,001-231-819-4316x14644,2024/2025,1st Semester,STC 112,General Chemistry,3,59,16,38,54,CD,2.5
F/HN/23/42417,Science Lab Tech,HND2,Female,24,Benue,Benjamin,Uche,benjamin.uche@yabatech.edu.ng,001-231-819-4316x14644,2024/2025,1st Semester,MTH 111,Logic & Linear Algebra,2,47,13,32,45,D,2.25
F/HN/23/42417,Science Lab Tech,HND2,Female,24,Benue,Benjamin,Uche,benjamin.uche@yabatech.edu.ng,001-231-819-4316x14644,2024/2025,1st Semester,GNS 101,Use of English,2,31,11,27,38,F,0.0
F/ND/23/36633,Mass Communication,ND2,Male,30,Taraba,Samuel,Okafor,samuel.okafor@yabatech.edu.ng,001-448-710-6183x0463,2024/2025,1st Semester,GNS 101,Use of English,2,91,26,60,86,A,4.0
F/ND/23/36633,Mass Communication,ND2,Male,30,Taraba,Samuel,Okafor,samuel.okafor@yabatech.edu.ng,001-448-710-6183x0463,2024/2025,1st Semester,GNS 127,Citizenship Education,2,77,22,51,73,AB,3.5
F/ND/23/36633,Mass Communication,ND2,Male,30,Taraba,Samuel,Okafor,samuel.okafor@yabatech.edu.ng,001-448-710-6183x0463,2024/2025,1st Semester,MAC 101,Intro to Mass Comm,3,85,27,65,92,A,4.0
F/ND/23/36633,Mass Communication,ND2,Male,30,Taraba,Samuel,Okafor,samuel.okafor@yabatech.edu.ng,001-448-710-6183x0463,2024/2025,1st Semester,MAC 107,Intro to Broadcasting,3,68,25,59,84,A,4.0
F/ND/23/36633,Mass Communication,ND2,Male,30,Taraba,Samuel,Okafor,samuel.okafor@yabatech.edu.ng,001-448-710-6183x0463,2024/2025,1st Semester,MAC 115,News Writing,3,100,25,58,83,A,4.0
P/ND/23/38220,Mass Communication,ND1,Male,28,Gombe,Faith,Oshodi,faith.oshodi@yabatech.edu.ng,(536)380-0995x9538,2024/2025,1st Semester,GNS 101,Use of English,2,100,21,50,71,AB,3.5
P/ND/23/38220,Mass Communication,ND1,Male,28,Gombe,Faith,Oshodi,faith.oshodi@yabatech.edu.ng,(536)380-0995x9538,2024/2025,1st Semester,MAC 115,News Writing,3,67,23,54,77,A,4.0
P/ND/23/38220,Mass Communication,ND1,Male,28,Gombe,Faith,Oshodi,faith.oshodi@yabatech.edu.ng,(536)380-0995x9538,2024/2025,1st Semester,GNS 127,Citizenship Education,2,82,23,55,78,A,4.0
P/ND/23/38220,Mass Communication,ND1,Male,28,Gombe,Faith,Oshodi,faith.oshodi@yabatech.edu.ng,(536)380-0995x9538,2024/2025,1st Semester,MAC 101,Intro to Mass Comm,3,42,20,47,67,B,3.25
P/ND/23/38220,Mass Communication,ND1,Male,28,Gombe,Faith,Oshodi,faith.oshodi@yabatech.edu.ng,(536)380-0995x9538,2024/2025,1st Semester,MAC 107,Intro to Broadcasting,3,76,21,49,70,AB,3.5
F/ND/23/26479,Science Lab Tech,ND1,Female,24,Edo,Peter,Obi,peter.obi@yabatech.edu.ng,001-713-359-1166x223,2024/2025,1st Semester,MTH 111,Logic & Linear Algebra,2,100,17,40,57,C,2.75
F/ND/23/26479,Science Lab Tech,ND1,Female,24,Edo,Peter,Obi,peter.obi@yabatech.edu.ng,001-713-359-1166x223,2024/2025,1st Semester,STC 112,General Chemistry,3,85,19,45,64,BC,3.0
F/ND/23/26479,Science Lab Tech,ND1,Female,24,Edo,Peter,Obi,peter.obi@yabatech.edu.ng,001-713-359-1166x223,2024/2025,1st Semester,GNS 101,Use of English,2,82,18,43,61,BC,3.0
F/ND/23/26479,Science Lab Tech,ND1,Female,24,Edo,Peter,Obi,peter.obi@yabatech.edu.ng,001-713-359-1166x223,2024/2025,1st Semester,STB 111,General Biology,3,100,20,47,67,B,3.25
F/ND/23/26479,Science Lab Tech,ND1,Female,24,Edo,Peter,Obi,peter.obi@yabatech.edu.ng,001-713-359-1166x223,2024/2025,1st Semester,GLT 111,General Lab Techniques,4,86,22,52,74,AB,3.5
F/ND/23/97042,Mass Communication,ND1,Female,28,Abia,Philip,Adeyemi,philip.adeyemi@yabatech.edu.ng,285.731.2412,2024/2025,1st Semester,MAC 101,Intro to Mass Comm,3,97,28,65,93,A,4.0
F/ND/23/97042,Mass Communication,ND1,Female,28,Abia,Philip,Adeyemi,philip.adeyemi@yabatech.edu.ng,285.731.2412,2024/2025,1st Semester,GNS 127,Citizenship Education,2,100,25,58,83,A,4.0
F/ND/23/97042,Mass Communication,ND1,Female,28,Abia,Philip,Adeyemi,philip.adeyemi@yabatech.edu.ng,285.731.2412,2024/2025,1st Semester,GNS 101,Use of English,2,92,28,66,94,A,4.0
F/ND/23/97042,Mass Communication,ND1,Female,28,Abia,Philip,Adeyemi,philip.adeyemi@yabatech.edu.ng,285.731.2412,2024/2025,1st Semester,MAC 115,News Writing,3,98,27,63,90,A,4.0
F/ND/23/97042,Mass Communication,ND1,Female,28,Abia,Philip,Adeyemi,philip.adeyemi@yabatech.edu.ng,285.731.2412,2024/2025,1st Semester,MAC 107,Intro to Broadcasting,3,92,24,57,81,A,4.0
F/HN/23/8294,Science Lab Tech,HND2,Female,16,Taraba,Peace,Okonkwo,peace.okonkwo@yabatech.edu.ng,+1-973-341-0403x40470,2024/2025,1st Semester,STB 111,General Biology,3,62,27,64,91,A,4.0
F/HN/23/8294,Science Lab Tech,HND2,Female,16,Taraba,Peace,Okonkwo,peace.okonkwo@yabatech.edu.ng,+1-973-341-0403x40470,2024/2025,1st Semester,GNS 101,Use of English,2,84,29,67,96,A,4.0
F/HN/23/8294,Science Lab Tech,HND2,Female,16,Taraba,Peace,Okonkwo,peace.okonkwo@yabatech.edu.ng,+1-973-341-0403x40470,2024/2025,1st Semester,STC 112,General Chemistry,3,76,23,55,78,A,4.0
F/HN/23/8294,Science Lab Tech,HND2,Female,16,Taraba,Peace,Okonkwo,peace.okonkwo@yabatech.edu.ng,+1-973-341-0403x40470,2024/2025,1st Semester,MTH 111,Logic & Linear Algebra,2,62,23,55,78,A,4.0
F/HN/23/8294,Science Lab Tech,HND2,Female,16,Taraba,Peace,Okonkwo,peace.okonkwo@yabatech.edu.ng,+1-973-341-0403x40470,2024/2025,1st Semester,GLT 111,General Lab Techniques,4,88,23,55,78,A,4.0
P/ND/23/52866,Computer Science,ND1,Female,17,Delta,Peter,Obi,peter.obi@yabatech.edu.ng,(590)989-9014x0041,2024/2025,1st Semester,COM 113,Intro to Programming,4,74,25,60,85,A,4.0
P/ND/23/52866,Computer Science,ND1,Female,17,Delta,Peter,Obi,peter.obi@yabatech.edu.ng,(590)989-9014x0041,2024/2025,1st Semester,MTH 111,Logic & Linear Algebra,2,76,29,68,97,A,4.0
P/ND/23/52866,Computer Science,ND1,Female,17,Delta,Peter,Obi,peter.obi@yabatech.edu.ng,(590)989-9014x0041,2024/2025,1st Semester,COM 112,Digital Electronics,3,52,24,57,81,A,4.0
P/ND/23/52866,Computer Science,ND1,Female,17,Delta,Peter,Obi,peter.obi@yabatech.edu.ng,(590)989-9014x0041,2024/2025,1st Semester,STA 111,Intro to Statistics,2,100,23,55,78,A,4.0
P/ND/23/52866,Computer Science,ND1,Female,17,Delta,Peter,Obi,peter.obi@yabatech.edu.ng,(590)989-9014x0041,2024/2025,1st Semester,GNS 101,Use of English,2,71,29,68,97,A,4.0
P/ND/23/76231,Civil Engineering,ND2,Female,25,Ondo,Cornelius,Obi,cornelius.obi@yabatech.edu.ng,001-771-350-1664x63664,2024/2025,1st Semester,CEC 101,Engineering Drawing,3,60,14,34,48,D,2.25
P/ND/23/76231,Civil Engineering,ND2,Female,25,Ondo,Cornelius,Obi,cornelius.obi@yabatech.edu.ng,001-771-350-1664x63664,2024/2025,1st Semester,CEC 110,Fluid Mechanics,4,21,10,23,33,F,0.0
P/ND/23/76231,Civil Engineering,ND2,Female,25,Ondo,Cornelius,Obi,cornelius.obi@yabatech.edu.ng,001-771-350-1664x63664,2024/2025,1st Semester,MEC 101,Workshop Technology,2,59,10,25,35,F,0.0
F/HN/23/62635,Electrical Engineering,HND2,Female,25,Delta,James,Uche,james.uche@yabatech.edu.ng,(802)845-9017,2024/2025,1st Semester,EEC 111,Electrical Science,3,87,27,64,91,A,4.0
F/HN/23/62635,Electrical Engineering,HND2,Female,25,Delta,James,Uche,james.uche@yabatech.edu.ng,(802)845-9017,2024/2025,1st Semester,GNS 101,Use of English,2,73,23,55,78,A,4.0
F/HN/23/62635,Electrical Engineering,HND2,Female,25,Delta,James,Uche,james.uche@yabatech.edu.ng,(802)845-9017,2024/2025,1st Semester,MEC 112,Mechanical Workshop,2,74,26,60,86,A,4.0
F/HN/23/62635,Electrical Engineering,HND2,Female,25,Delta,James,Uche,james.uche@yabatech.edu.ng,(802)845-9017,2024/2025,1st Semester,EEC 115,Electrical Graphics,2,77,22,52,74,AB,3.5
F/HN/23/62635,Electrical Engineering,HND2,Female,25,Delta,James,Uche,james.uche@yabatech.edu.ng,(802)845-9017,2024/2025,1st Semester,MTH 111,Logic & Linear Algebra,2,93,22,52,74,AB,3.5
F/ND/23/10779,Mass Communication,ND1,Female,24,Adamawa,Joseph,Ibrahim,joseph.ibrahim@yabatech.edu.ng,(437)759-6426,2024/2025,1st Semester,GNS 101,Use of English,2,64,14,34,48,D,2.25
F/ND/23/10779,Mass Communication,ND1,Female,24,Adamawa,Joseph,Ibrahim,joseph.ibrahim@yabatech.edu.ng,(437)759-6426,2024/2025,1st Semester,MAC 101,Intro to Mass Comm,3,43,16,37,53,CD,2.5
F/ND/23/10779,Mass Communication,ND1,Female,24,Adamawa,Joseph,Ibrahim,joseph.ibrahim@yabatech.edu.ng,(437)759-6426,2024/2025,1st Semester,MAC 115,News Writing,3,55,14,33,47,D,2.25
F/ND/23/10779,Mass Communication,ND1,Female,24,Adamawa,Joseph,Ibrahim,joseph.ibrahim@yabatech.edu.ng,(437)759-6426,2024/2025,1st Semester,GNS 127,Citizenship Education,2,55,14,34,48,D,2.25
F/ND/23/10779,Mass Communication,ND1,Female,24,Adamawa,Joseph,Ibrahim,joseph.ibrahim@yabatech.edu.ng,(437)759-6426,2024/2025,1st Semester,MAC 107,Intro to Broadcasting,3,78,14,34,48,D,2.25
P/ND/23/50959,Business Administration,ND2,Female,22,Kaduna,Simon,Adetokunbo,simon.adetokunbo@yabatech.edu.ng,001-568-918-6963x978,2024/2025,1st Semester,ACC 111,Intro to Accounting,3,69,23,55,78,A,4.0
P/ND/23/50959,Business Administration,ND2,Female,22,Kaduna,Simon,Adetokunbo,simon.adetokunbo@yabatech.edu.ng,001-568-918-6963x978,2024/2025,1st Semester,BAM 101,Intro to Business Admin,3,69,24,56,80,A,4.0
P/ND/23/50959,Business Administration,ND2,Female,22,Kaduna,Simon,Adetokunbo,simon.adetokunbo@yabatech.edu.ng,001-568-918-6963x978,2024/2025,1st Semester,ECO 101,Intro to Economics,2,100,24,57,81,A,4.0
P/HN/23/38748,Science Lab Tech,HND1,Female,16,Yobe,Grace,Chukwu,grace.chukwu@yabatech.edu.ng,3688271064,2024/2025,1st Semester,GNS 101,Use of English,2,81,17,41,58,C,2.75
P/HN/23/38748,Science Lab Tech,HND1,Female,16,Yobe,Grace,Chukwu,grace.chukwu@yabatech.edu.ng,3688271064,2024/2025,1st Semester,STB 111,General Biology,3,58,22,52,74,AB,3.5
P/HN/23/38748,Science Lab Tech,HND1,Female,16,Yobe,Grace,Chukwu,grace.chukwu@yabatech.edu.ng,3688271064,2024/2025,1st Semester,STC 112,General Chemistry,3,84,19,44,63,BC,3.0
P/HN/23/38748,Science Lab Tech,HND1,Female,16,Yobe,Grace,Chukwu,grace.chukwu@yabatech.edu.ng,3688271064,2024/2025,1st Semester,MTH 111,Logic & Linear Algebra,2,97,19,45,64,BC,3.0
P/HN/23/38748,Science Lab Tech,HND1,Female,16,Yobe,Grace,Chukwu,grace.chukwu@yabatech.edu.ng,3688271064,2024/2025,1st Semester,GLT 111,General Lab Techniques,4,79,18,43,61,BC,3.0
F/ND/23/71230,Mass Communication,ND1,Female,21,Kwara,Stephen,Obi,stephen.obi@yabatech.edu.ng,204.709.2359,2024/2025,1st Semester,GNS 127,Citizenship Education,2,45,13,31,44,E,2.0
F/ND/23/71230,Mass Communication,ND1,Female,21,Kwara,Stephen,Obi,stephen.obi@yabatech.edu.ng,204.709.2359,2024/2025,1st Semester,MAC 101,Intro to Mass Comm,3,71,15,35,50,CD,2.5
F/ND/23/71230,Mass Communication,ND1,Female,21,Kwara,Stephen,Obi,stephen.obi@yabatech.edu.ng,204.709.2359,2024/2025,1st Semester,MAC 107,Intro to Broadcasting,3,57,10,25,35,F,0.0
F/ND/23/71230,Mass Communication,ND1,Female,21,Kwara,Stephen,Obi,stephen.obi@yabatech.edu.ng,204.709.2359,2024/2025,1st Semester,GNS 101,Use of English,2,46,8,20,28,F,0.0
F/ND/23/71230,Mass Communication,ND1,Female,21,Kwara,Stephen,Obi,stephen.obi@yabatech.edu.ng,204.709.2359,2024/2025,1st Semester,MAC 115,News Writing,3,47,13,30,43,E,2.0
F/HN/23/96497,Mass Communication,HND1,Male,27,Zamfara,Faith,Uche,faith.uche@yabatech.edu.ng,411-713-6901x50352,2024/2025,1st Semester,GNS 127,Citizenship Education,2,90,30,70,100,A,4.0
F/HN/23/96497,Mass Communication,HND1,Male,27,Zamfara,Faith,Uche,faith.uche@yabatech.edu.ng,411-713-6901x50352,2024/2025,1st Semester,MAC 107,Intro to Broadcasting,3,61,30,70,100,A,4.0
F/HN/23/96497,Mass Communication,HND1,Male,27,Zamfara,Faith,Uche,faith.uche@yabatech.edu.ng,411-713-6901x50352,2024/2025,1st Semester,GNS 101,Use of English,2,95,28,65,93,A,4.0
F/HN/23/96497,Mass Communication,HND1,Male,27,Zamfara,Faith,Uche,faith.uche@yabatech.edu.ng,411-713-6901x50352,2024/2025,1st Semester,MAC 115,News Writing,3,89,30,70,100,A,4.0
F/HN/23/96497,Mass Communication,HND1,Male,27,Zamfara,Faith,Uche,faith.uche@yabatech.edu.ng,411-713-6901x50352,2024/2025,1st Semester,MAC 101,Intro to Mass Comm,3,84,30,70,100,A,4.0
P/ND/23/84534,Business Administration,ND2,Male,25,Enugu,James,Okonkwo,james.okonkwo@yabatech.edu.ng,+1-864-649-2038,2024/2025,1st Semester,ECO 101,Intro to Economics,2,30,10,24,34,F,0.0
P/ND/23/84534,Business Administration,ND2,Male,25,Enugu,James,Okonkwo,james.okonkwo@yabatech.edu.ng,+1-864-649-2038,2024/2025,1st Semester,BAM 101,Intro to Business Admin,3,60,14,33,47,D,2.25
P/ND/23/84534,Business Administration,ND2,Male,25,Enugu,James,Okonkwo,james.okonkwo@yabatech.edu.ng,+1-864-649-2038,2024/2025,1st Semester,ACC 111,Intro to Accounting,3,73,14,34,48,D,2.25
F/HN/23/27659,Science Lab Tech,HND2,Female,22,Ogun,Comfort,Olawale,comfort.olawale@yabatech.edu.ng,001-849-749-9945,2024/2025,1st Semester,STC 112,General Chemistry,3,83,26,62,88,A,4.0
F/HN/23/27659,Science Lab Tech,HND2,Female,22,Ogun,Comfort,Olawale,comfort.olawale@yabatech.edu.ng,001-849-749-9945,2024/2025,1st Semester,GNS 101,Use of English,2,39,24,58,82,A,4.0
F/HN/23/27659,Science Lab Tech,HND2,Female,22,Ogun,Comfort,Olawale,comfort.olawale@yabatech.edu.ng,001-849-749-9945,2024/2025,1st Semester,MTH 111,Logic & Linear Algebra,2,84,30,70,100,A,4.0
F/HN/23/27659,Science Lab Tech,HND2,Female,22,Ogun,Comfort,Olawale,comfort.olawale@yabatech.edu.ng,001-849-749-9945,2024/2025,1st Semester,STB 111,General Biology,3,89,28,67,95,A,4.0
F/HN/23/27659,Science Lab Tech,HND2,Female,22,Ogun,Comfort,Olawale,comfort.olawale@yabatech.edu.ng,001-849-749-9945,2024/2025,1st Semester,GLT 111,General Lab Techniques,4,69,30,70,100,A,4.0
F/ND/23/93233,Mass Communication,ND2,Male,29,Kogi,Agnes,Ojo,agnes.ojo@yabatech.edu.ng,+1-675-289-0199x9330,2024/2025,1st Semester,GNS 127,Citizenship Education,2,78,23,54,77,A,4.0
F/ND/23/93233,Mass Communication,ND2,Male,29,Kogi,Agnes,Ojo,agnes.ojo@yabatech.edu.ng,+1-675-289-0199x9330,2024/2025,1st Semester,MAC 101,Intro to Mass Comm,3,52,24,57,81,A,4.0
F/ND/23/93233,Mass Communication,ND2,Male,29,Kogi,Agnes,Ojo,agnes.ojo@yabatech.edu.ng,+1-675-289-0199x9330,2024/2025,1st Semester,MAC 107,Intro to Broadcasting,3,71,26,62,88,A,4.0
F/ND/23/93233,Mass Communication,ND2,Male,29,Kogi,Agnes,Ojo,agnes.ojo@yabatech.edu.ng,+1-675-289-0199x9330,2024/2025,1st Semester,MAC 115,News Writing,3,68,24,57,81,A,4.0
F/ND/23/93233,Mass Communication,ND2,Male,29,Kogi,Agnes,Ojo,agnes.ojo@yabatech.edu.ng,+1-675-289-0199x9330,2024/2025,1st Semester,GNS 101,Use of English,2,72,27,63,90,A,4.0
P/HN/23/51856,Civil Engineering,HND1,Male,25,Plateau,Andrew,Adeyemi,andrew.adeyemi@yabatech.edu.ng,415-998-4830x44360,2024/2025,1st Semester,CEC 101,Engineering Drawing,3,52,14,33,47,D,2.25
P/HN/23/51856,Civil Engineering,HND1,Male,25,Plateau,Andrew,Adeyemi,andrew.adeyemi@yabatech.edu.ng,415-998-4830x44360,2024/2025,1st Semester,MEC 101,Workshop Technology,2,43,9,22,31,F,0.0
P/HN/23/51856,Civil Engineering,HND1,Male,25,Plateau,Andrew,Adeyemi,andrew.adeyemi@yabatech.edu.ng,415-998-4830x44360,2024/2025,1st Semester,CEC 110,Fluid Mechanics,4,44,9,23,32,F,0.0
F/HN/23/14273,Science Lab Tech,HND1,Female,19,Kwara,Benjamin,Oyekan,benjamin.oyekan@yabatech.edu.ng,905-764-6631x4726,2024/2025,1st Semester,STB 111,General Biology,3,92,23,55,78,A,4.0
F/HN/23/14273,Science Lab Tech,HND1,Female,19,Kwara,Benjamin,Oyekan,benjamin.oyekan@yabatech.edu.ng,905-764-6631x4726,2024/2025,1st Semester,GLT 111,General Lab Techniques,4,100,27,64,91,A,4.0
F/HN/23/14273,Science Lab Tech,HND1,Female,19,Kwara,Benjamin,Oyekan,benjamin.oyekan@yabatech.edu.ng,905-764-6631x4726,2024/2025,1st Semester,GNS 101,Use of English,2,81,29,68,97,A,4.0
F/HN/23/14273,Science Lab Tech,HND1,Female,19,Kwara,Benjamin,Oyekan,benjamin.oyekan@yabatech.edu.ng,905-764-6631x4726,2024/2025,1st Semester,STC 112,General Chemistry,3,55,24,57,81,A,4.0
F/HN/23/14273,Science Lab Tech,HND1,Female,19,Kwara,Benjamin,Oyekan,benjamin.oyekan@yabatech.edu.ng,905-764-6631x4726,2024/2025,1st Semester,MTH 111,Logic & Linear Algebra,2,99,24,56,80,A,4.0
F/HN/23/79946,Computer Science,HND2,Male,17,Benue,James,Ekwueme,james.ekwueme@yabatech.edu.ng,201.519.4457,2024/2025,1st Semester,COM 101,Intro to Computing,4,98,23,55,78,A,4.0
F/HN/23/79946,Computer Science,HND2,Male,17,Benue,James,Ekwueme,james.ekwueme@yabatech.edu.ng,201.519.4457,2024/2025,1st Semester,STA 111,Intro to Statistics,2,90,26,60,86,A,4.0
F/HN/23/79946,Computer Science,HND2,Male,17,Benue,James,Ekwueme,james.ekwueme@yabatech.edu.ng,201.519.4457,2024/2025,1st Semester,GNS 101,Use of English,2,94,24,57,81,A,4.0
F/HN/23/79946,Computer Science,HND2,Male,17,Benue,James,Ekwueme,james.ekwueme@yabatech.edu.ng,201.519.4457,2024/2025,1st Semester,COM 113,Intro to Programming,4,85,29,67,96,A,4.0
F/HN/23/79946,Computer Science,HND2,Male,17,Benue,James,Ekwueme,james.ekwueme@yabatech.edu.ng,201.519.4457,2024/2025,1st Semester,MTH 111,Logic & Linear Algebra,2,49,21,49,70,AB,3.5
F/HN/23/79946,Computer Science,HND2,Male,17,Benue,James,Ekwueme,james.ekwueme@yabatech.edu.ng,201.519.4457,2024/2025,1st Semester,COM 112,Digital Electronics,3,75,27,63,90,A,4.0
P/ND/23/193,Civil Engineering,ND2,Male,19,Kebbi,Charity,Nnamani,charity.nnamani@yabatech.edu.ng,611.749.7493,2024/2025,1st Semester,CEC 110,Fluid Mechanics,4,45,12,28,40,E,2.0
P/ND/23/193,Civil Engineering,ND2,Male,19,Kebbi,Charity,Nnamani,charity.nnamani@yabatech.edu.ng,611.749.7493,2024/2025,1st Semester,MEC 101,Workshop Technology,2,53,15,35,50,CD,2.5
P/ND/23/193,Civil Engineering,ND2,Male,19,Kebbi,Charity,Nnamani,charity.nnamani@yabatech.edu.ng,611.749.7493,2024/2025,1st Semester,CEC 101,Engineering Drawing,3,51,12,30,42,E,2.0
F/ND/23/26015,Business Administration,ND2,Female,24,Kaduna,Mark,Balogun,mark.balogun@yabatech.edu.ng,001-387-764-2521,2024/2025,1st Semester,ECO 101,Intro to Economics,2,64,21,51,72,AB,3.5
F/ND/23/26015,Business Administration,ND2,Female,24,Kaduna,Mark,Balogun,mark.balogun@yabatech.edu.ng,001-387-764-2521,2024/2025,1st Semester,ACC 111,Intro to Accounting,3,99,27,63,90,A,4.0
F/ND/23/26015,Business Administration,ND2,Female,24,Kaduna,Mark,Balogun,mark.balogun@yabatech.edu.ng,001-387-764-2521,2024/2025,1st Semester,BAM 101,Intro to Business Admin,3,77,22,51,73,AB,3.5
P/ND/23/53710,Mass Communication,ND1,Female,17,Benue,Gloria,Oyekan,gloria.oyekan@yabatech.edu.ng,+1-258-965-8024,2024/2025,1st Semester,MAC 115,News Writing,3,47,8,20,28,F,0.0
P/ND/23/53710,Mass Communication,ND1,Female,17,Benue,Gloria,Oyekan,gloria.oyekan@yabatech.edu.ng,+1-258-965-8024,2024/2025,1st Semester,MAC 101,Intro to Mass Comm,3,41,5,13,18,F,0.0
P/ND/23/53710,Mass Communication,ND1,Female,17,Benue,Gloria,Oyekan,gloria.oyekan@yabatech.edu.ng,+1-258-965-8024,2024/2025,1st Semester,GNS 127,Citizenship Education,2,44,6,14,20,F,0.0
P/ND/23/53710,Mass Communication,ND1,Female,17,Benue,Gloria,Oyekan,gloria.oyekan@yabatech.edu.ng,+1-258-965-8024,2024/2025,1st Semester,MAC 107,Intro to Broadcasting,3,48,5,13,18,F,0.0
P/ND/23/53710,Mass Communication,ND1,Female,17,Benue,Gloria,Oyekan,gloria.oyekan@yabatech.edu.ng,+1-258-965-8024,2024/2025,1st Semester,GNS 101,Use of English,2,66,10,23,33,F,0.0
P/ND/23/7881,Electrical Engineering,ND1,Male,19,Edo,Philip,Ogunleye,philip.ogunleye@yabatech.edu.ng,874.200.8665x0680,2024/2025,1st Semester,EEC 111,Electrical Science,3,92,27,64,91,A,4.0
P/ND/23/7881,Electrical Engineering,ND1,Male,19,Edo,Philip,Ogunleye,philip.ogunleye@yabatech.edu.ng,874.200.8665x0680,2024/2025,1st Semester,MTH 111,Logic & Linear Algebra,2,85,30,70,100,A,4.0
P/ND/23/7881,Electrical Engineering,ND1,Male,19,Edo,Philip,Ogunleye,philip.ogunleye@yabatech.edu.ng,874.200.8665x0680,2024/2025,1st Semester,GNS 101,Use of English,2,95,29,68,97,A,4.0
P/ND/23/7881,Electrical Engineering,ND1,Male,19,Edo,Philip,Ogunleye,philip.ogunleye@yabatech.edu.ng,874.200.8665x0680,2024/2025,1st Semester,MEC 112,Mechanical Workshop,2,72,28,65,93,A,4.0
P/ND/23/7881,Electrical Engineering,ND1,Male,19,Edo,Philip,Ogunleye,philip.ogunleye@yabatech.edu.ng,874.200.8665x0680,2024/2025,1st Semester,EEC 115,Electrical Graphics,2,98,30,70,100,A,4.0
P/ND/23/23130,Mass Communication,ND1,Male,20,Edo,Simon,Obasanjo,simon.obasanjo@yabatech.edu.ng,938.757.6753x8089,2024/2025,1st Semester,GNS 127,Citizenship Education,2,28,3,7,10,F,0.0
P/ND/23/23130,Mass Communication,ND1,Male,20,Edo,Simon,Obasanjo,simon.obasanjo@yabatech.edu.ng,938.757.6753x8089,2024/2025,1st Semester,GNS 101,Use of English,2,56,11,26,37,F,0.0
P/ND/23/23130,Mass Communication,ND1,Male,20,Edo,Simon,Obasanjo,simon.obasanjo@yabatech.edu.ng,938.757.6753x8089,2024/2025,1st Semester,MAC 115,News Writing,3,16,6,14,20,F,0.0
P/ND/23/23130,Mass Communication,ND1,Male,20,Edo,Simon,Obasanjo,simon.obasanjo@yabatech.edu.ng,938.757.6753x8089,2024/2025,1st Semester,MAC 101,Intro to Mass Comm,3,42,8,18,26,F,0.0
P/ND/23/23130,Mass Communication,ND1,Male,20,Edo,Simon,Obasanjo,simon.obasanjo@yabatech.edu.ng,938.757.6753x8089,2024/2025,1st Semester,MAC 107,Intro to Broadcasting,3,55,8,19,27,F,0.0
F/ND/23/63790,Civil Engineering,ND1,Female,17,Benue,Gloria,Okafor,gloria.okafor@yabatech.edu.ng,592.381.9800x87506,2024/2025,1st Semester,CEC 101,Engineering Drawing,3,46,12,28,40,E,2.0
F/ND/23/63790,Civil Engineering,ND1,Female,17,Benue,Gloria,Okafor,gloria.okafor@yabatech.edu.ng,592.381.9800x87506,2024/2025,1st Semester,CEC 110,Fluid Mechanics,4,51,13,31,44,E,2.0
F/ND/23/63790,Civil Engineering,ND1,Female,17,Benue,Gloria,Okafor,gloria.okafor@yabatech.edu.ng,592.381.9800x87506,2024/2025,1st Semester,MEC 101,Workshop Technology,2,65,16,38,54,CD,2.5
P/ND/23/47179,Science Lab Tech,ND1,Male,22,Ogun,Sarah,Ibrahim,sarah.ibrahim@yabatech.edu.ng,3639762548,2024/2025,1st Semester,STB 111,General Biology,3,29,12,28,40,E,2.0
P/ND/23/47179,Science Lab Tech,ND1,Male,22,Ogun,Sarah,Ibrahim,sarah.ibrahim@yabatech.edu.ng,3639762548,2024/2025,1st Semester,GNS 101,Use of English,2,6,8,20,28,F,0.0
P/ND/23/47179,Science Lab Tech,ND1,Male,22,Ogun,Sarah,Ibrahim,sarah.ibrahim@yabatech.edu.ng,3639762548,2024/2025,1st Semester,MTH 111,Logic & Linear Algebra,2,61,16,38,54,CD,2.5
P/ND/23/47179,Science Lab Tech,ND1,Male,22,Ogun,Sarah,Ibrahim,sarah.ibrahim@yabatech.edu.ng,3639762548,2024/2025,1st Semester,STC 112,General Chemistry,3,36,14,33,47,D,2.25
P/ND/23/47179,Science Lab Tech,ND1,Male,22,Ogun,Sarah,Ibrahim,sarah.ibrahim@yabatech.edu.ng,3639762548,2024/2025,1st Semester,GLT 111,General Lab Techniques,4,51,13,30,43,E,2.0
F/ND/23/45964,Electrical Engineering,ND2,Male,18,Gombe,Peace,Ogunleye,peace.ogunleye@yabatech.edu.ng,001-912-422-5908,2024/2025,1st Semester,EEC 111,Electrical Science,3,77,22,51,73,AB,3.5
F/ND/23/45964,Electrical Engineering,ND2,Male,18,Gombe,Peace,Ogunleye,peace.ogunleye@yabatech.edu.ng,001-912-422-5908,2024/2025,1st Semester,EEC 115,Electrical Graphics,2,64,20,46,66,B,3.25
F/ND/23/45964,Electrical Engineering,ND2,Male,18,Gombe,Peace,Ogunleye,peace.ogunleye@yabatech.edu.ng,001-912-422-5908,2024/2025,1st Semester,GNS 101,Use of English,2,76,21,50,71,AB,3.5
F/ND/23/45964,Electrical Engineering,ND2,Male,18,Gombe,Peace,Ogunleye,peace.ogunleye@yabatech.edu.ng,001-912-422-5908,2024/2025,1st Semester,MEC 112,Mechanical Workshop,2,72,19,46,65,B,3.25
F/ND/23/45964,Electrical Engineering,ND2,Male,18,Gombe,Peace,Ogunleye,peace.ogunleye@yabatech.edu.ng,001-912-422-5908,2024/2025,1st Semester,MTH 111,Logic & Linear Algebra,2,84,24,56,80,A,4.0
F/ND/23/48434,Civil Engineering,ND2,Male,21,Sokoto,John,Adetokunbo,john.adetokunbo@yabatech.edu.ng,001-949-518-7247x67337,2024/2025,1st Semester,MEC 101,Workshop Technology,2,61,29,67,96,A,4.0
F/ND/23/48434,Civil Engineering,ND2,Male,21,Sokoto,John,Adetokunbo,john.adetokunbo@yabatech.edu.ng,001-949-518-7247x67337,2024/2025,1st Semester,CEC 110,Fluid Mechanics,4,88,30,70,100,A,4.0
F/ND/23/48434,Civil Engineering,ND2,Male,21,Sokoto,John,Adetokunbo,john.adetokunbo@yabatech.edu.ng,001-949-518-7247x67337,2024/2025,1st Semester,CEC 101,Engineering Drawing,3,100,27,64,91,A,4.0
F/HN/23/77604,Computer Science,HND1,Male,26,Adamawa,Daniel,Obi,daniel.obi@yabatech.edu.ng,505-844-1448x22868,2024/2025,1st Semester,GNS 101,Use of English,2,52,21,49,70,AB,3.5
F/HN/23/77604,Computer Science,HND1,Male,26,Adamawa,Daniel,Obi,daniel.obi@yabatech.edu.ng,505-844-1448x22868,2024/2025,1st Semester,COM 112,Digital Electronics,3,91,21,49,70,AB,3.5
F/HN/23/77604,Computer Science,HND1,Male,26,Adamawa,Daniel,Obi,daniel.obi@yabatech.edu.ng,505-844-1448x22868,2024/2025,1st Semester,COM 113,Intro to Programming,4,86,20,47,67,B,3.25
F/HN/23/77604,Computer Science,HND1,Male,26,Adamawa,Daniel,Obi,daniel.obi@yabatech.edu.ng,505-844-1448x22868,2024/2025,1st Semester,MTH 111,Logic & Linear Algebra,2,41,9,21,30,F,0.0
F/HN/23/77604,Computer Science,HND1,Male,26,Adamawa,Daniel,Obi,daniel.obi@yabatech.edu.ng,505-844-1448x22868,2024/2025,1st Semester,STA 111,Intro to Statistics,2,78,19,45,64,BC,3.0
F/HN/23/77604,Computer Science,HND1,Male,26,Adamawa,Daniel,Obi,daniel.obi@yabatech.edu.ng,505-844-1448x22868,2024/2025,1st Semester,COM 101,Intro to Computing,4,100,17,40,57,C,2.75
P/HN/23/79653,Business Administration,HND2,Female,23,Benue,Paul,Olawale,paul.olawale@yabatech.edu.ng,001-635-670-5331x851,2024/2025,1st Semester,BAM 101,Intro to Business Admin,3,98,20,48,68,B,3.25
P/HN/23/79653,Business Administration,HND2,Female,23,Benue,Paul,Olawale,paul.olawale@yabatech.edu.ng,001-635-670-5331x851,2024/2025,1st Semester,ACC 111,Intro to Accounting,3,87,17,41,58,C,2.75
P/HN/23/79653,Business Administration,HND2,Female,23,Benue,Paul,Olawale,paul.olawale@yabatech.edu.ng,001-635-670-5331x851,2024/2025,1st Semester,ECO 101,Intro to Economics,2,42,17,40,57,C,2.75
P/HN/23/90715,Electrical Engineering,HND2,Female,24,Abia,Peace,Eze,peace.eze@yabatech.edu.ng,908.291.4993x74687,2024/2025,1st Semester,GNS 101,Use of English,2,71,28,66,94,A,4.0
P/HN/23/90715,Electrical Engineering,HND2,Female,24,Abia,Peace,Eze,peace.eze@yabatech.edu.ng,908.291.4993x74687,2024/2025,1st Semester,MTH 111,Logic & Linear Algebra,2,97,24,56,80,A,4.0
P/HN/23/90715,Electrical Engineering,HND2,Female,24,Abia,Peace,Eze,peace.eze@yabatech.edu.ng,908.291.4993x74687,2024/2025,1st Semester,MEC 112,Mechanical Workshop,2,84,28,67,95,A,4.0
P/HN/23/90715,Electrical Engineering,HND2,Female,24,Abia,Peace,Eze,peace.eze@yabatech.edu.ng,908.291.4993x74687,2024/2025,1st Semester,EEC 115,Electrical Graphics,2,62,23,55,78,A,4.0
P/HN/23/90715,Electrical Engineering,HND2,Female,24,Abia,Peace,Eze,peace.eze@yabatech.edu.ng,908.291.4993x74687,2024/2025,1st Semester,EEC 111,Electrical Science,3,72,29,69,98,A,4.0
P/HN/23/6214,Science Lab Tech,HND1,Male,30,Ogun,Paul,Nnamani,paul.nnamani@yabatech.edu.ng,691-724-9645,2024/2025,1st Semester,GNS 101,Use of English,2,85,25,59,84,A,4.0
P/HN/23/6214,Science Lab Tech,HND1,Male,30,Ogun,Paul,Nnamani,paul.nnamani@yabatech.edu.ng,691-724-9645,2024/2025,1st Semester,GLT 111,General Lab Techniques,4,100,21,50,71,AB,3.5
P/HN/23/6214,Science Lab Tech,HND1,Male,30,Ogun,Paul,Nnamani,paul.nnamani@yabatech.edu.ng,691-724-9645,2024/2025,1st Semester,MTH 111,Logic & Linear Algebra,2,85,22,52,74,AB,3.5
P/HN/23/6214,Science Lab Tech,HND1,Male,30,Ogun,Paul,Nnamani,paul.nnamani@yabatech.edu.ng,691-724-9645,2024/2025,1st Semester,STC 112,General Chemistry,3,87,22,53,75,A,4.0
P/HN/23/6214,Science Lab Tech,HND1,Male,30,Ogun,Paul,Nnamani,paul.nnamani@yabatech.edu.ng,691-724-9645,2024/2025,1st Semester,STB 111,General Biology,3,74,23,54,77,A,4.0
P/HN/23/3551,Mass Communication,HND1,Male,23,Sokoto,Juliet,Ekwueme,juliet.ekwueme@yabatech.edu.ng,9252074620,2024/2025,1st Semester,MAC 107,Intro to Broadcasting,3,40,7,18,25,F,0.0
P/HN/23/3551,Mass Communication,HND1,Male,23,Sokoto,Juliet,Ekwueme,juliet.ekwueme@yabatech.edu.ng,9252074620,2024/2025,1st Semester,GNS 101,Use of English,2,27,8,19,27,F,0.0
P/HN/23/3551,Mass Communication,HND1,Male,23,Sokoto,Juliet,Ekwueme,juliet.ekwueme@yabatech.edu.ng,9252074620,2024/2025,1st Semester,MAC 101,Intro to Mass Comm,3,19,12,28,40,E,2.0
P/HN/23/3551,Mass Communication,HND1,Male,23,Sokoto,Juliet,Ekwueme,juliet.ekwueme@yabatech.edu.ng,9252074620,2024/2025,1st Semester,GNS 127,Citizenship Education,2,40,8,19,27,F,0.0
P/HN/23/3551,Mass Communication,HND1,Male,23,Sokoto,Juliet,Ekwueme,juliet.ekwueme@yabatech.edu.ng,9252074620,2024/2025,1st Semester,MAC 115,News Writing,3,53,13,30,43,E,2.0
F/HN/23/63273,Science Lab Tech,HND1,Female,30,Niger,Joshua,Oshodi,joshua.oshodi@yabatech.edu.ng,481.272.7649x5614,2024/2025,1st Semester,GNS 101,Use of English,2,55,18,44,62,BC,3.0
F/HN/23/63273,Science Lab Tech,HND1,Female,30,Niger,Joshua,Oshodi,joshua.oshodi@yabatech.edu.ng,481.272.7649x5614,2024/2025,1st Semester,STC 112,General Chemistry,3,32,11,26,37,F,0.0
F/HN/23/63273,Science Lab Tech,HND1,Female,30,Niger,Joshua,Oshodi,joshua.oshodi@yabatech.edu.ng,481.272.7649x5614,2024/2025,1st Semester,MTH 111,Logic & Linear Algebra,2,35,15,36,51,CD,2.5
F/HN/23/63273,Science Lab Tech,HND1,Female,30,Niger,Joshua,Oshodi,joshua.oshodi@yabatech.edu.ng,481.272.7649x5614,2024/2025,1st Semester,STB 111,General Biology,3,36,14,33,47,D,2.25
F/HN/23/63273,Science Lab Tech,HND1,Female,30,Niger,Joshua,Oshodi,joshua.oshodi@yabatech.edu.ng,481.272.7649x5614,2024/2025,1st Semester,GLT 111,General Lab Techniques,4,44,15,35,50,CD,2.5
P/HN/23/42145,Business Administration,HND1,Female,16,Nasarawa,Juliet,Ibrahim,juliet.ibrahim@yabatech.edu.ng,+1-735-723-0604,2024/2025,1st Semester,ACC 111,Intro to Accounting,3,87,22,53,75,A,4.0
P/HN/23/42145,Business Administration,HND1,Female,16,Nasarawa,Juliet,Ibrahim,juliet.ibrahim@yabatech.edu.ng,+1-735-723-0604,2024/2025,1st Semester,BAM 101,Intro to Business Admin,3,99,26,62,88,A,4.0
P/HN/23/42145,Business Administration,HND1,Female,16,Nasarawa,Juliet,Ibrahim,juliet.ibrahim@yabatech.edu.ng,+1-735-723-0604,2024/2025,1st Semester,ECO 101,Intro to Economics,2,82,22,53,75,A,4.0
F/HN/23/91136,Electrical Engineering,HND2,Male,19,Ekiti,Sarah,Obi,sarah.obi@yabatech.edu.ng,900.380.1517,2024/2025,1st Semester,GNS 101,Use of English,2,74,26,62,88,A,4.0
F/HN/23/91136,Electrical Engineering,HND2,Male,19,Ekiti,Sarah,Obi,sarah.obi@yabatech.edu.ng,900.380.1517,2024/2025,1st Semester,EEC 111,Electrical Science,3,83,26,61,87,A,4.0
F/HN/23/91136,Electrical Engineering,HND2,Male,19,Ekiti,Sarah,Obi,sarah.obi@yabatech.edu.ng,900.380.1517,2024/2025,1st Semester,MTH 111,Logic & Linear Algebra,2,92,26,61,87,A,4.0
F/HN/23/91136,Electrical Engineering,HND2,Male,19,Ekiti,Sarah,Obi,sarah.obi@yabatech.edu.ng,900.380.1517,2024/2025,1st Semester,EEC 115,Electrical Graphics,2,67,26,61,87,A,4.0
F/HN/23/91136,Electrical Engineering,HND2,Male,19,Ekiti,Sarah,Obi,sarah.obi@yabatech.edu.ng,900.380.1517,2024/2025,1st Semester,MEC 112,Mechanical Workshop,2,83,25,59,84,A,4.0
P/ND/23/66047,Computer Science,ND2,Male,25,Borno,Gabriel,Ogunleye,gabriel.ogunleye@yabatech.edu.ng,(879)449-1483,2024/2025,1st Semester,STA 111,Intro to Statistics,2,82,28,67,95,A,4.0
P/ND/23/66047,Computer Science,ND2,Male,25,Borno,Gabriel,Ogunleye,gabriel.ogunleye@yabatech.edu.ng,(879)449-1483,2024/2025,1st Semester,GNS 101,Use of English,2,76,25,59,84,A,4.0
P/ND/23/66047,Computer Science,ND2,Male,25,Borno,Gabriel,Ogunleye,gabriel.ogunleye@yabatech.edu.ng,(879)449-1483,2024/2025,1st Semester,COM 101,Intro to Computing,4,88,29,68,97,A,4.0
P/ND/23/66047,Computer Science,ND2,Male,25,Borno,Gabriel,Ogunleye,gabriel.ogunleye@yabatech.edu.ng,(879)449-1483,2024/2025,1st Semester,MTH 111,Logic & Linear Algebra,2,77,24,56,80,A,4.0
P/ND/23/66047,Computer Science,ND2,Male,25,Borno,Gabriel,Ogunleye,gabriel.ogunleye@yabatech.edu.ng,(879)449-1483,2024/2025,1st Semester,COM 113,Intro to Programming,4,74,23,55,78,A,4.0
P/ND/23/66047,Computer Science,ND2,Male,25,Borno,Gabriel,Ogunleye,gabriel.ogunleye@yabatech.edu.ng,(879)449-1483,2024/2025,1st Semester,COM 112,Digital Electronics,3,100,23,54,77,A,4.0
P/ND/23/24300,Mass Communication,ND2,Female,25,Ekiti,Hope,Obi,hope.obi@yabatech.edu.ng,584-761-7227,2024/2025,1st Semester,MAC 107,Intro to Broadcasting,3,80,29,68,97,A,4.0
P/ND/23/24300,Mass Communication,ND2,Female,25,Ekiti,Hope,Obi,hope.obi@yabatech.edu.ng,584-761-7227,2024/2025,1st Semester,GNS 127,Citizenship Education,2,78,27,63,90,A,4.0
P/ND/23/24300,Mass Communication,ND2,Female,25,Ekiti,Hope,Obi,hope.obi@yabatech.edu.ng,584-761-7227,2024/2025,1st Semester,GNS 101,Use of English,2,81,30,70,100,A,4.0
P/ND/23/24300,Mass Communication,ND2,Female,25,Ekiti,Hope,Obi,hope.obi@yabatech.edu.ng,584-761-7227,2024/2025,1st Semester,MAC 101,Intro to Mass Comm,3,97,29,68,97,A,4.0
P/ND/23/24300,Mass Communication,ND2,Female,25,Ekiti,Hope,Obi,hope.obi@yabatech.edu.ng,584-761-7227,2024/2025,1st Semester,MAC 115,News Writing,3,54,28,67,95,A,4.0
F/HN/23/19564,Business Administration,HND2,Female,21,Edo,Agnes,Ogunleye,agnes.ogunleye@yabatech.edu.ng,+1-285-711-1550x70688,2024/2025,1st Semester,ECO 101,Intro to Economics,2,68,17,40,57,C,2.75
F/HN/23/19564,Business Administration,HND2,Female,21,Edo,Agnes,Ogunleye,agnes.ogunleye@yabatech.edu.ng,+1-285-711-1550x70688,2024/2025,1st Semester,ACC 111,Intro to Accounting,3,55,17,41,58,C,2.75
F/HN/23/19564,Business Administration,HND2,Female,21,Edo,Agnes,Ogunleye,agnes.ogunleye@yabatech.edu.ng,+1-285-711-1550x70688,2024/2025,1st Semester,BAM 101,Intro to Business Admin,3,43,15,35,50,CD,2.5
P/HN/23/59764,Civil Engineering,HND1,Female,21,Nasarawa,John,Obasanjo,john.obasanjo@yabatech.edu.ng,(685)359-8037,2024/2025,1st Semester,CEC 101,Engineering Drawing,3,100,23,53,76,A,4.0
P/HN/23/59764,Civil Engineering,HND1,Female,21,Nasarawa,John,Obasanjo,john.obasanjo@yabatech.edu.ng,(685)359-8037,2024/2025,1st Semester,MEC 101,Workshop Technology,2,71,26,61,87,A,4.0
P/HN/23/59764,Civil Engineering,HND1,Female,21,Nasarawa,John,Obasanjo,john.obasanjo@yabatech.edu.ng,(685)359-8037,2024/2025,1st Semester,CEC 110,Fluid Mechanics,4,83,22,52,74,AB,3.5
P/ND/23/88679,Computer Science,ND1,Male,21,Gombe,Juliet,Adeyemi,juliet.adeyemi@yabatech.edu.ng,903.537.7005x1977,2024/2025,1st Semester,COM 101,Intro to Computing,4,79,21,49,70,AB,3.5
P/ND/23/88679,Computer Science,ND1,Male,21,Gombe,Juliet,Adeyemi,juliet.adeyemi@yabatech.edu.ng,903.537.7005x1977,2024/2025,1st Semester,COM 113,Intro to Programming,4,83,18,42,60,BC,3.0
P/ND/23/88679,Computer Science,ND1,Male,21,Gombe,Juliet,Adeyemi,juliet.adeyemi@yabatech.edu.ng,903.537.7005x1977,2024/2025,1st Semester,GNS 101,Use of English,2,75,21,49,70,AB,3.5
P/ND/23/88679,Computer Science,ND1,Male,21,Gombe,Juliet,Adeyemi,juliet.adeyemi@yabatech.edu.ng,903.537.7005x1977,2024/2025,1st Semester,COM 112,Digital Electronics,3,77,20,46,66,B,3.25
P/ND/23/88679,Computer Science,ND1,Male,21,Gombe,Juliet,Adeyemi,juliet.adeyemi@yabatech.edu.ng,903.537.7005x1977,2024/2025,1st Semester,STA 111,Intro to Statistics,2,83,24,56,80,A,4.0
F/HN/23/79172,Civil Engineering,HND2,Male,20,Kwara,Deborah,Adetokunbo,deborah.adetokunbo@yabatech.edu.ng,937.695.8789x6875,2024/2025,1st Semester,CEC 110,Fluid Mechanics,4,20,9,21,30,F,0.0
F/HN/23/79172,Civil Engineering,HND2,Male,20,Kwara,Deborah,Adetokunbo,deborah.adetokunbo@yabatech.edu.ng,937.695.8789x6875,2024/2025,1st Semester,MEC 101,Workshop Technology,2,50,16,37,53,CD,2.5
F/HN/23/79172,Civil Engineering,HND2,Male,20,Kwara,Deborah,Adetokunbo,deborah.adetokunbo@yabatech.edu.ng,937.695.8789x6875,2024/2025,1st Semester,CEC 101,Engineering Drawing,3,71,14,34,48,D,2.25
F/HN/23/54583,Civil Engineering,HND2,Male,18,Osun,Juliet,Ojo,juliet.ojo@yabatech.edu.ng,(726)999-1769,2024/2025,1st Semester,CEC 110,Fluid Mechanics,4,64,24,56,80,A,4.0
F/HN/23/54583,Civil Engineering,HND2,Male,18,Osun,Juliet,Ojo,juliet.ojo@yabatech.edu.ng,(726)999-1769,2024/2025,1st Semester,MEC 101,Workshop Technology,2,53,25,58,83,A,4.0
F/HN/23/54583,Civil Engineering,HND2,Male,18,Osun,Juliet,Ojo,juliet.ojo@yabatech.edu.ng,(726)999-1769,2024/2025,1st Semester,CEC 101,Engineering Drawing,3,75,28,67,95,A,4.0
F/ND/23/83824,Computer Science,ND2,Male,18,Benue,David,Adeyemi,david.adeyemi@yabatech.edu.ng,(876)845-9855,2024/2025,1st Semester,STA 111,Intro to Statistics,2,77,23,54,77,A,4.0
F/ND/23/83824,Computer Science,ND2,Male,18,Benue,David,Adeyemi,david.adeyemi@yabatech.edu.ng,(876)845-9855,2024/2025,1st Semester,COM 112,Digital Electronics,3,48,16,37,53,CD,2.5
F/ND/23/83824,Computer Science,ND2,Male,18,Benue,David,Adeyemi,david.adeyemi@yabatech.edu.ng,(876)845-9855,2024/2025,1st Semester,COM 101,Intro to Computing,4,79,23,55,78,A,4.0
F/ND/23/83824,Computer Science,ND2,Male,18,Benue,David,Adeyemi,david.adeyemi@yabatech.edu.ng,(876)845-9855,2024/2025,1st Semester,MTH 111,Logic & Linear Algebra,2,88,22,53,75,A,4.0
F/ND/23/83824,Computer Science,ND2,Male,18,Benue,David,Adeyemi,david.adeyemi@yabatech.edu.ng,(876)845-9855,2024/2025,1st Semester,COM 113,Intro to Programming,4,69,23,54,77,A,4.0
F/ND/23/53911,Electrical Engineering,ND1,Female,28,Akwa Ibom,Esther,Oyekan,esther.oyekan@yabatech.edu.ng,+1-342-641-9794,2024/2025,1st Semester,MTH 111,Logic & Linear Algebra,2,95,29,68,97,A,4.0
F/ND/23/53911,Electrical Engineering,ND1,Female,28,Akwa Ibom,Esther,Oyekan,esther.oyekan@yabatech.edu.ng,+1-342-641-9794,2024/2025,1st Semester,MEC 112,Mechanical Workshop,2,85,30,70,100,A,4.0
F/ND/23/53911,Electrical Engineering,ND1,Female,28,Akwa Ibom,Esther,Oyekan,esther.oyekan@yabatech.edu.ng,+1-342-641-9794,2024/2025,1st Semester,EEC 111,Electrical Science,3,86,25,58,83,A,4.0
F/ND/23/53911,Electrical Engineering,ND1,Female,28,Akwa Ibom,Esther,Oyekan,esther.oyekan@yabatech.edu.ng,+1-342-641-9794,2024/2025,1st Semester,GNS 101,Use of English,2,70,29,69,98,A,4.0
F/ND/23/53911,Electrical Engineering,ND1,Female,28,Akwa Ibom,Esther,Oyekan,esther.oyekan@yabatech.edu.ng,+1-342-641-9794,2024/2025,1st Semester,EEC 115,Electrical Graphics,2,98,29,67,96,A,4.0
P/ND/23/79736,Electrical Engineering,ND2,Male,16,Akwa Ibom,Gloria,Adetokunbo,gloria.adetokunbo@yabatech.edu.ng,850-961-1835,2024/2025,1st Semester,MTH 111,Logic & Linear Algebra,2,88,22,53,75,A,4.0
P/ND/23/79736,Electrical Engineering,ND2,Male,16,Akwa Ibom,Gloria,Adetokunbo,gloria.adetokunbo@yabatech.edu.ng,850-961-1835,2024/2025,1st Semester,EEC 111,Electrical Science,3,100,26,61,87,A,4.0
P/ND/23/79736,Electrical Engineering,ND2,Male,16,Akwa Ibom,Gloria,Adetokunbo,gloria.adetokunbo@yabatech.edu.ng,850-961-1835,2024/2025,1st Semester,EEC 115,Electrical Graphics,2,58,21,49,70,AB,3.5
P/ND/23/79736,Electrical Engineering,ND2,Male,16,Akwa Ibom,Gloria,Adetokunbo,gloria.adetokunbo@yabatech.edu.ng,850-961-1835,2024/2025,1st Semester,GNS 101,Use of English,2,47,20,47,67,B,3.25
P/ND/23/79736,Electrical Engineering,ND2,Male,16,Akwa Ibom,Gloria,Adetokunbo,gloria.adetokunbo@yabatech.edu.ng,850-961-1835,2024/2025,1st Semester,MEC 112,Mechanical Workshop,2,89,26,61,87,A,4.0
F/ND/23/23843,Business Administration,ND2,Female,17,Yobe,Nathaniel,Adetokunbo,nathaniel.adetokunbo@yabatech.edu.ng,910.594.5964x12033,2024/2025,1st Semester,ECO 101,Intro to Economics,2,97,27,65,92,A,4.0
F/ND/23/23843,Business Administration,ND2,Female,17,Yobe,Nathaniel,Adetokunbo,nathaniel.adetokunbo@yabatech.edu.ng,910.594.5964x12033,2024/2025,1st Semester,ACC 111,Intro to Accounting,3,69,24,56,80,A,4.0
F/ND/23/23843,Business Administration,ND2,Female,17,Yobe,Nathaniel,Adetokunbo,nathaniel.adetokunbo@yabatech.edu.ng,910.594.5964x12033,2024/2025,1st Semester,BAM 101,Intro to Business Admin,3,76,25,60,85,A,4.0
F/HN/23/36953,Civil Engineering,HND1,Male,21,Kwara,Emmanuel,Adetokunbo,emmanuel.adetokunbo@yabatech.edu.ng,(914)399-7683x82851,2024/2025,1st Semester,CEC 110,Fluid Mechanics,4,55,14,33,47,D,2.25
F/HN/23/36953,Civil Engineering,HND1,Male,21,Kwara,Emmanuel,Adetokunbo,emmanuel.adetokunbo@yabatech.edu.ng,(914)399-7683x82851,2024/2025,1st Semester,MEC 101,Workshop Technology,2,76,13,31,44,E,2.0
F/HN/23/36953,Civil Engineering,HND1,Male,21,Kwara,Emmanuel,Adetokunbo,emmanuel.adetokunbo@yabatech.edu.ng,(914)399-7683x82851,2024/2025,1st Semester,CEC 101,Engineering Drawing,3,68,14,32,46,D,2.25
F/HN/23/48420,Mass Communication,HND2,Male,30,Zamfara,Nathaniel,Ojo,nathaniel.ojo@yabatech.edu.ng,503-524-8136x24481,2024/2025,1st Semester,MAC 101,Intro to Mass Comm,3,73,19,44,63,BC,3.0
F/HN/23/48420,Mass Communication,HND2,Male,30,Zamfara,Nathaniel,Ojo,nathaniel.ojo@yabatech.edu.ng,503-524-8136x24481,2024/2025,1st Semester,MAC 115,News Writing,3,87,24,56,80,A,4.0
F/HN/23/48420,Mass Communication,HND2,Male,30,Zamfara,Nathaniel,Ojo,nathaniel.ojo@yabatech.edu.ng,503-524-8136x24481,2024/2025,1st Semester,GNS 101,Use of English,2,91,22,53,75,A,4.0
F/HN/23/48420,Mass Communication,HND2,Male,30,Zamfara,Nathaniel,Ojo,nathaniel.ojo@yabatech.edu.ng,503-524-8136x24481,2024/2025,1st Semester,MAC 107,Intro to Broadcasting,3,82,19,45,64,BC,3.0
F/HN/23/48420,Mass Communication,HND2,Male,30,Zamfara,Nathaniel,Ojo,nathaniel.ojo@yabatech.edu.ng,503-524-8136x24481,2024/2025,1st Semester,GNS 127,Citizenship Education,2,47,15,35,50,CD,2.5
F/HN/23/92715,Civil Engineering,HND1,Male,18,Abia,Hope,Okonkwo,hope.okonkwo@yabatech.edu.ng,+1-361-267-5180,2024/2025,1st Semester,CEC 101,Engineering Drawing,3,46,1,3,4,F,0.0
F/HN/23/92715,Civil Engineering,HND1,Male,18,Abia,Hope,Okonkwo,hope.okonkwo@yabatech.edu.ng,+1-361-267-5180,2024/2025,1st Semester,CEC 110,Fluid Mechanics,4,26,4,11,15,F,0.0
F/HN/23/92715,Civil Engineering,HND1,Male,18,Abia,Hope,Okonkwo,hope.okonkwo@yabatech.edu.ng,+1-361-267-5180,2024/2025,1st Semester,MEC 101,Workshop Technology,2,54,11,27,38,F,0.0
P/HN/23/73365,Electrical Engineering,HND2,Female,26,Borno,Joshua,Adeyemi,joshua.adeyemi@yabatech.edu.ng,293.417.5375,2024/2025,1st Semester,GNS 101,Use of English,2,81,20,48,68,B,3.25
P/HN/23/73365,Electrical Engineering,HND2,Female,26,Borno,Joshua,Adeyemi,joshua.adeyemi@yabatech.edu.ng,293.417.5375,2024/2025,1st Semester,MEC 112,Mechanical Workshop,2,90,20,48,68,B,3.25
P/HN/23/73365,Electrical Engineering,HND2,Female,26,Borno,Joshua,Adeyemi,joshua.adeyemi@yabatech.edu.ng,293.417.5375,2024/2025,1st Semester,EEC 115,Electrical Graphics,2,47,19,45,64,BC,3.0
P/HN/23/73365,Electrical Engineering,HND2,Female,26,Borno,Joshua,Adeyemi,joshua.adeyemi@yabatech.edu.ng,293.417.5375,2024/2025,1st Semester,MTH 111,Logic & Linear Algebra,2,77,24,56,80,A,4.0
P/HN/23/73365,Electrical Engineering,HND2,Female,26,Borno,Joshua,Adeyemi,joshua.adeyemi@yabatech.edu.ng,293.417.5375,2024/2025,1st Semester,EEC 111,Electrical Science,3,92,26,61,87,A,4.0
P/HN/23/67596,Computer Science,HND1,Male,17,Ondo,Philip,Akinwale,philip.akinwale@yabatech.edu.ng,(363)929-3038x26102,2024/2025,1st Semester,COM 113,Intro to Programming,4,74,28,67,95,A,4.0
P/HN/23/67596,Computer Science,HND1,Male,17,Ondo,Philip,Akinwale,philip.akinwale@yabatech.edu.ng,(363)929-3038x26102,2024/2025,1st Semester,GNS 101,Use of English,2,72,26,62,88,A,4.0
P/HN/23/67596,Computer Science,HND1,Male,17,Ondo,Philip,Akinwale,philip.akinwale@yabatech.edu.ng,(363)929-3038x26102,2024/2025,1st Semester,COM 101,Intro to Computing,4,76,25,59,84,A,4.0
P/HN/23/67596,Computer Science,HND1,Male,17,Ondo,Philip,Akinwale,philip.akinwale@yabatech.edu.ng,(363)929-3038x26102,2024/2025,1st Semester,MTH 111,Logic & Linear Algebra,2,74,28,65,93,A,4.0
P/HN/23/67596,Computer Science,HND1,Male,17,Ondo,Philip,Akinwale,philip.akinwale@yabatech.edu.ng,(363)929-3038x26102,2024/2025,1st Semester,COM 112,Digital Electronics,3,74,28,66,94,A,4.0
F/ND/23/52736,Science Lab Tech,ND1,Male,25,Taraba,Angela,Ojo,angela.ojo@yabatech.edu.ng,205-445-9018x97857,2024/2025,1st Semester,STC 112,General Chemistry,3,100,30,70,100,A,4.0
F/ND/23/52736,Science Lab Tech,ND1,Male,25,Taraba,Angela,Ojo,angela.ojo@yabatech.edu.ng,205-445-9018x97857,2024/2025,1st Semester,GNS 101,Use of English,2,88,28,65,93,A,4.0
F/ND/23/52736,Science Lab Tech,ND1,Male,25,Taraba,Angela,Ojo,angela.ojo@yabatech.edu.ng,205-445-9018x97857,2024/2025,1st Semester,STB 111,General Biology,3,82,27,64,91,A,4.0
F/ND/23/52736,Science Lab Tech,ND1,Male,25,Taraba,Angela,Ojo,angela.ojo@yabatech.edu.ng,205-445-9018x97857,2024/2025,1st Semester,MTH 111,Logic & Linear Algebra,2,81,30,70,100,A,4.0
F/ND/23/52736,Science Lab Tech,ND1,Male,25,Taraba,Angela,Ojo,angela.ojo@yabatech.edu.ng,205-445-9018x97857,2024/2025,1st Semester,GLT 111,General Lab Techniques,4,87,30,70,100,A,4.0
F/ND/23/60827,Electrical Engineering,ND2,Male,25,Kaduna,Charity,Oyekan,charity.oyekan@yabatech.edu.ng,(255)876-2788x5368,2024/2025,1st Semester,MTH 111,Logic & Linear Algebra,2,67,12,29,41,E,2.0
F/ND/23/60827,Electrical Engineering,ND2,Male,25,Kaduna,Charity,Oyekan,charity.oyekan@yabatech.edu.ng,(255)876-2788x5368,2024/2025,1st Semester,EEC 115,Electrical Graphics,2,66,9,22,31,F,0.0
F/ND/23/60827,Electrical Engineering,ND2,Male,25,Kaduna,Charity,Oyekan,charity.oyekan@yabatech.edu.ng,(255)876-2788x5368,2024/2025,1st Semester,GNS 101,Use of English,2,46,8,18,26,F,0.0
F/ND/23/60827,Electrical Engineering,ND2,Male,25,Kaduna,Charity,Oyekan,charity.oyekan@yabatech.edu.ng,(255)876-2788x5368,2024/2025,1st Semester,MEC 112,Mechanical Workshop,2,28,6,15,21,F,0.0
F/ND/23/60827,Electrical Engineering,ND2,Male,25,Kaduna,Charity,Oyekan,charity.oyekan@yabatech.edu.ng,(255)876-2788x5368,2024/2025,1st Semester,EEC 111,Electrical Science,3,72,10,23,33,F,0.0
P/HN/23/41777,Computer Science,HND1,Male,22,Niger,Comfort,Okafor,comfort.okafor@yabatech.edu.ng,900.928.2709x196,2024/2025,1st Semester,STA 111,Intro to Statistics,2,38,11,27,38,F,0.0
P/HN/23/41777,Computer Science,HND1,Male,22,Niger,Comfort,Okafor,comfort.okafor@yabatech.edu.ng,900.928.2709x196,2024/2025,1st Semester,COM 113,Intro to Programming,4,65,11,27,38,F,0.0
P/HN/23/41777,Computer Science,HND1,Male,22,Niger,Comfort,Okafor,comfort.okafor@yabatech.edu.ng,900.928.2709x196,2024/2025,1st Semester,MTH 111,Logic & Linear Algebra,2,71,11,26,37,F,0.0
P/HN/23/41777,Computer Science,HND1,Male,22,Niger,Comfort,Okafor,comfort.okafor@yabatech.edu.ng,900.928.2709x196,2024/2025,1st Semester,COM 112,Digital Electronics,3,52,15,36,51,CD,2.5
P/HN/23/41777,Computer Science,HND1,Male,22,Niger,Comfort,Okafor,comfort.okafor@yabatech.edu.ng,900.928.2709x196,2024/2025,1st Semester,GNS 101,Use of English,2,51,13,32,45,D,2.25
F/ND/23/1952,Civil Engineering,ND2,Female,25,Nasarawa,Elizabeth,Chukwu,elizabeth.chukwu@yabatech.edu.ng,001-612-873-4176x0213,2024/2025,1st Semester,MEC 101,Workshop Technology,2,99,30,70,100,A,4.0
F/ND/23/1952,Civil Engineering,ND2,Female,25,Nasarawa,Elizabeth,Chukwu,elizabeth.chukwu@yabatech.edu.ng,001-612-873-4176x0213,2024/2025,1st Semester,CEC 110,Fluid Mechanics,4,100,28,66,94,A,4.0
F/ND/23/1952,Civil Engineering,ND2,Female,25,Nasarawa,Elizabeth,Chukwu,elizabeth.chukwu@yabatech.edu.ng,001-612-873-4176x0213,2024/2025,1st Semester,CEC 101,Engineering Drawing,3,75,29,69,98,A,4.0
F/HN/23/91448,Civil Engineering,HND2,Male,28,Borno,Nathaniel,Adetokunbo,nathaniel.adetokunbo@yabatech.edu.ng,+1-798-692-2230x07964,2024/2025,1st Semester,CEC 101,Engineering Drawing,3,66,21,51,72,AB,3.5
F/HN/23/91448,Civil Engineering,HND2,Male,28,Borno,Nathaniel,Adetokunbo,nathaniel.adetokunbo@yabatech.edu.ng,+1-798-692-2230x07964,2024/2025,1st Semester,CEC 110,Fluid Mechanics,4,82,22,51,73,AB,3.5
F/HN/23/91448,Civil Engineering,HND2,Male,28,Borno,Nathaniel,Adetokunbo,nathaniel.adetokunbo@yabatech.edu.ng,+1-798-692-2230x07964,2024/2025,1st Semester,MEC 101,Workshop Technology,2,96,23,54,77,A,4.0
P/HN/23/70524,Science Lab Tech,HND2,Female,24,Osun,Victoria,Okafor,victoria.okafor@yabatech.edu.ng,+1-678-590-3314x218,2024/2025,1st Semester,STC 112,General Chemistry,3,94,14,33,47,D,2.25
P/HN/23/70524,Science Lab Tech,HND2,Female,24,Osun,Victoria,Okafor,victoria.okafor@yabatech.edu.ng,+1-678-590-3314x218,2024/2025,1st Semester,STB 111,General Biology,3,57,18,42,60,BC,3.0
P/HN/23/70524,Science Lab Tech,HND2,Female,24,Osun,Victoria,Okafor,victoria.okafor@yabatech.edu.ng,+1-678-590-3314x218,2024/2025,1st Semester,GLT 111,General Lab Techniques,4,64,18,43,61,BC,3.0
P/HN/23/70524,Science Lab Tech,HND2,Female,24,Osun,Victoria,Okafor,victoria.okafor@yabatech.edu.ng,+1-678-590-3314x218,2024/2025,1st Semester,GNS 101,Use of English,2,64,16,37,53,CD,2.5
P/HN/23/70524,Science Lab Tech,HND2,Female,24,Osun,Victoria,Okafor,victoria.okafor@yabatech.edu.ng,+1-678-590-3314x218,2024/2025,1st Semester,MTH 111,Logic & Linear Algebra,2,38,9,23,32,F,0.0
F/ND/23/70810,Business Administration,ND1,Female,22,Yobe,Paul,Adetokunbo,paul.adetokunbo@yabatech.edu.ng,217-329-7323,2024/2025,1st Semester,ACC 111,Intro to Accounting,3,75,25,59,84,A,4.0
F/ND/23/70810,Business Administration,ND1,Female,22,Yobe,Paul,Adetokunbo,paul.adetokunbo@yabatech.edu.ng,217-329-7323,2024/2025,1st Semester,BAM 101,Intro to Business Admin,3,91,25,58,83,A,4.0
F/ND/23/70810,Business Administration,ND1,Female,22,Yobe,Paul,Adetokunbo,paul.adetokunbo@yabatech.edu.ng,217-329-7323,2024/2025,1st Semester,ECO 101,Intro to Economics,2,65,27,63,90,A,4.0
F/HN/23/28702,Mass Communication,HND1,Male,19,Kogi,Joshua,Chukwu,joshua.chukwu@yabatech.edu.ng,+1-517-876-1193x37165,2024/2025,1st Semester,MAC 101,Intro to Mass Comm,3,68,12,29,41,E,2.0
F/HN/23/28702,Mass Communication,HND1,Male,19,Kogi,Joshua,Chukwu,joshua.chukwu@yabatech.edu.ng,+1-517-876-1193x37165,2024/2025,1st Semester,MAC 107,Intro to Broadcasting,3,44,6,14,20,F,0.0
F/HN/23/28702,Mass Communication,HND1,Male,19,Kogi,Joshua,Chukwu,joshua.chukwu@yabatech.edu.ng,+1-517-876-1193x37165,2024/2025,1st Semester,GNS 101,Use of English,2,26,9,21,30,F,0.0
F/HN/23/28702,Mass Communication,HND1,Male,19,Kogi,Joshua,Chukwu,joshua.chukwu@yabatech.edu.ng,+1-517-876-1193x37165,2024/2025,1st Semester,MAC 115,News Writing,3,62,9,23,32,F,0.0
F/HN/23/28702,Mass Communication,HND1,Male,19,Kogi,Joshua,Chukwu,joshua.chukwu@yabatech.edu.ng,+1-517-876-1193x37165,2024/2025,1st Semester,GNS 127,Citizenship Education,2,28,5,12,17,F,0.0
F/HN/23/18633,Mass Communication,HND2,Male,20,Bayelsa,Mary,Akinwale,mary.akinwale@yabatech.edu.ng,(200)586-5726x479,2024/2025,1st Semester,GNS 101,Use of English,2,87,23,55,78,A,4.0
F/HN/23/18633,Mass Communication,HND2,Male,20,Bayelsa,Mary,Akinwale,mary.akinwale@yabatech.edu.ng,(200)586-5726x479,2024/2025,1st Semester,GNS 127,Citizenship Education,2,55,28,66,94,A,4.0
F/HN/23/18633,Mass Communication,HND2,Male,20,Bayelsa,Mary,Akinwale,mary.akinwale@yabatech.edu.ng,(200)586-5726x479,2024/2025,1st Semester,MAC 115,News Writing,3,71,24,57,81,A,4.0
F/HN/23/18633,Mass Communication,HND2,Male,20,Bayelsa,Mary,Akinwale,mary.akinwale@yabatech.edu.ng,(200)586-5726x479,2024/2025,1st Semester,MAC 101,Intro to Mass Comm,3,83,27,64,91,A,4.0
F/HN/23/18633,Mass Communication,HND2,Male,20,Bayelsa,Mary,Akinwale,mary.akinwale@yabatech.edu.ng,(200)586-5726x479,2024/2025,1st Semester,MAC 107,Intro to Broadcasting,3,80,28,67,95,A,4.0
P/ND/23/18324,Science Lab Tech,ND1,Female,20,Kaduna,Faith,Adeyemi,faith.adeyemi@yabatech.edu.ng,5839127550,2024/2025,1st Semester,GLT 111,General Lab Techniques,4,88,20,47,67,B,3.25
P/ND/23/18324,Science Lab Tech,ND1,Female,20,Kaduna,Faith,Adeyemi,faith.adeyemi@yabatech.edu.ng,5839127550,2024/2025,1st Semester,STB 111,General Biology,3,59,17,40,57,C,2.75
P/ND/23/18324,Science Lab Tech,ND1,Female,20,Kaduna,Faith,Adeyemi,faith.adeyemi@yabatech.edu.ng,5839127550,2024/2025,1st Semester,MTH 111,Logic & Linear Algebra,2,82,17,40,57,C,2.75
P/ND/23/18324,Science Lab Tech,ND1,Female,20,Kaduna,Faith,Adeyemi,faith.adeyemi@yabatech.edu.ng,5839127550,2024/2025,1st Semester,GNS 101,Use of English,2,82,19,44,63,BC,3.0
P/ND/23/18324,Science Lab Tech,ND1,Female,20,Kaduna,Faith,Adeyemi,faith.adeyemi@yabatech.edu.ng,5839127550,2024/2025,1st Semester,STC 112,General Chemistry,3,75,18,42,60,BC,3.0
P/ND/23/4298,Business Administration,ND1,Female,17,Imo,Simon,Balogun,simon.balogun@yabatech.edu.ng,001-351-899-8270x887,2024/2025,1st Semester,ACC 111,Intro to Accounting,3,33,5,12,17,F,0.0
P/ND/23/4298,Business Administration,ND1,Female,17,Imo,Simon,Balogun,simon.balogun@yabatech.edu.ng,001-351-899-8270x887,2024/2025,1st Semester,BAM 101,Intro to Business Admin,3,86,11,27,38,F,0.0
P/ND/23/4298,Business Administration,ND1,Female,17,Imo,Simon,Balogun,simon.balogun@yabatech.edu.ng,001-351-899-8270x887,2024/2025,1st Semester,ECO 101,Intro to Economics,2,43,5,13,18,F,0.0
F/ND/23/25792,Electrical Engineering,ND2,Male,16,Ogun,Joshua,Ekwueme,joshua.ekwueme@yabatech.edu.ng,001-660-660-9721,2024/2025,1st Semester,MEC 112,Mechanical Workshop,2,65,19,45,64,BC,3.0
F/ND/23/25792,Electrical Engineering,ND2,Male,16,Ogun,Joshua,Ekwueme,joshua.ekwueme@yabatech.edu.ng,001-660-660-9721,2024/2025,1st Semester,GNS 101,Use of English,2,70,18,43,61,BC,3.0
F/ND/23/25792,Electrical Engineering,ND2,Male,16,Ogun,Joshua,Ekwueme,joshua.ekwueme@yabatech.edu.ng,001-660-660-9721,2024/2025,1st Semester,EEC 111,Electrical Science,3,67,19,45,64,BC,3.0
F/ND/23/25792,Electrical Engineering,ND2,Male,16,Ogun,Joshua,Ekwueme,joshua.ekwueme@yabatech.edu.ng,001-660-660-9721,2024/2025,1st Semester,MTH 111,Logic & Linear Algebra,2,74,23,54,77,A,4.0
F/ND/23/25792,Electrical Engineering,ND2,Male,16,Ogun,Joshua,Ekwueme,joshua.ekwueme@yabatech.edu.ng,001-660-660-9721,2024/2025,1st Semester,EEC 115,Electrical Graphics,2,57,22,51,73,AB,3.5
P/HN/23/43557,Mass Communication,HND2,Female,29,Abia,Ruth,Obasanjo,ruth.obasanjo@yabatech.edu.ng,+1-898-946-3108x385,2024/2025,1st Semester,MAC 107,Intro to Broadcasting,3,66,7,18,25,F,0.0
P/HN/23/43557,Mass Communication,HND2,Female,29,Abia,Ruth,Obasanjo,ruth.obasanjo@yabatech.edu.ng,+1-898-946-3108x385,2024/2025,1st Semester,MAC 115,News Writing,3,61,11,26,37,F,0.0
P/HN/23/43557,Mass Communication,HND2,Female,29,Abia,Ruth,Obasanjo,ruth.obasanjo@yabatech.edu.ng,+1-898-946-3108x385,2024/2025,1st Semester,MAC 101,Intro to Mass Comm,3,54,11,26,37,F,0.0
P/HN/23/43557,Mass Communication,HND2,Female,29,Abia,Ruth,Obasanjo,ruth.obasanjo@yabatech.edu.ng,+1-898-946-3108x385,2024/2025,1st Semester,GNS 127,Citizenship Education,2,81,13,31,44,E,2.0
P/HN/23/43557,Mass Communication,HND2,Female,29,Abia,Ruth,Obasanjo,ruth.obasanjo@yabatech.edu.ng,+1-898-946-3108x385,2024/2025,1st Semester,GNS 101,Use of English,2,72,13,30,43,E,2.0
F/ND/23/74651,Computer Science,ND1,Male,23,Ebonyi,Philip,Chukwu,philip.chukwu@yabatech.edu.ng,(780)389-0666x60644,2024/2025,1st Semester,COM 112,Digital Electronics,3,63,25,58,83,A,4.0
F/ND/23/74651,Computer Science,ND1,Male,23,Ebonyi,Philip,Chukwu,philip.chukwu@yabatech.edu.ng,(780)389-0666x60644,2024/2025,1st Semester,COM 101,Intro to Computing,4,70,20,48,68,B,3.25
F/ND/23/74651,Computer Science,ND1,Male,23,Ebonyi,Philip,Chukwu,philip.chukwu@yabatech.edu.ng,(780)389-0666x60644,2024/2025,1st Semester,GNS 101,Use of English,2,88,25,60,85,A,4.0
F/ND/23/74651,Computer Science,ND1,Male,23,Ebonyi,Philip,Chukwu,philip.chukwu@yabatech.edu.ng,(780)389-0666x60644,2024/2025,1st Semester,STA 111,Intro to Statistics,2,62,22,52,74,AB,3.5
F/ND/23/74651,Computer Science,ND1,Male,23,Ebonyi,Philip,Chukwu,philip.chukwu@yabatech.edu.ng,(780)389-0666x60644,2024/2025,1st Semester,COM 113,Intro to Programming,4,68,20,48,68,B,3.25
P/ND/23/8420,Mass Communication,ND2,Male,25,Edo,Joy,Eze,joy.eze@yabatech.edu.ng,(328)212-8957x06039,2024/2025,1st Semester,MAC 107,Intro to Broadcasting,3,44,9,22,31,F,0.0
P/ND/23/8420,Mass Communication,ND2,Male,25,Edo,Joy,Eze,joy.eze@yabatech.edu.ng,(328)212-8957x06039,2024/2025,1st Semester,GNS 127,Citizenship Education,2,56,7,17,24,F,0.0
P/ND/23/8420,Mass Communication,ND2,Male,25,Edo,Joy,Eze,joy.eze@yabatech.edu.ng,(328)212-8957x06039,2024/2025,1st Semester,MAC 115,News Writing,3,69,10,24,34,F,0.0
P/ND/23/8420,Mass Communication,ND2,Male,25,Edo,Joy,Eze,joy.eze@yabatech.edu.ng,(328)212-8957x06039,2024/2025,1st Semester,GNS 101,Use of English,2,35,6,14,20,F,0.0
P/ND/23/8420,Mass Communication,ND2,Male,25,Edo,Joy,Eze,joy.eze@yabatech.edu.ng,(328)212-8957x06039,2024/2025,1st Semester,MAC 101,Intro to Mass Comm,3,62,10,24,34,F,0.0
F/ND/23/17923,Electrical Engineering,ND1,Male,23,Kogi,Agnes,Adeyemi,agnes.adeyemi@yabatech.edu.ng,8692416513,2024/2025,1st Semester,MTH 111,Logic & Linear Algebra,2,81,27,64,91,A,4.0
F/ND/23/17923,Electrical Engineering,ND1,Male,23,Kogi,Agnes,Adeyemi,agnes.adeyemi@yabatech.edu.ng,8692416513,2024/2025,1st Semester,MEC 112,Mechanical Workshop,2,63,30,70,100,A,4.0
F/ND/23/17923,Electrical Engineering,ND1,Male,23,Kogi,Agnes,Adeyemi,agnes.adeyemi@yabatech.edu.ng,8692416513,2024/2025,1st Semester,EEC 115,Electrical Graphics,2,70,30,70,100,A,4.0
F/ND/23/17923,Electrical Engineering,ND1,Male,23,Kogi,Agnes,Adeyemi,agnes.adeyemi@yabatech.edu.ng,8692416513,2024/2025,1st Semester,GNS 101,Use of English,2,62,30,70,100,A,4.0
F/ND/23/17923,Electrical Engineering,ND1,Male,23,Kogi,Agnes,Adeyemi,agnes.adeyemi@yabatech.edu.ng,8692416513,2024/2025,1st Semester,EEC 111,Electrical Science,3,100,30,70,100,A,4.0
F/ND/23/52318,Computer Science,ND1,Female,30,Yobe,Peace,Ibrahim,peace.ibrahim@yabatech.edu.ng,874.619.6516x8841,2024/2025,1st Semester,COM 101,Intro to Computing,4,54,28,67,95,A,4.0
F/ND/23/52318,Computer Science,ND1,Female,30,Yobe,Peace,Ibrahim,peace.ibrahim@yabatech.edu.ng,874.619.6516x8841,2024/2025,1st Semester,COM 113,Intro to Programming,4,83,27,64,91,A,4.0
F/ND/23/52318,Computer Science,ND1,Female,30,Yobe,Peace,Ibrahim,peace.ibrahim@yabatech.edu.ng,874.619.6516x8841,2024/2025,1st Semester,MTH 111,Logic & Linear Algebra,2,74,24,56,80,A,4.0
F/ND/23/52318,Computer Science,ND1,Female,30,Yobe,Peace,Ibrahim,peace.ibrahim@yabatech.edu.ng,874.619.6516x8841,2024/2025,1st Semester,STA 111,Intro to Statistics,2,91,23,55,78,A,4.0
F/ND/23/52318,Computer Science,ND1,Female,30,Yobe,Peace,Ibrahim,peace.ibrahim@yabatech.edu.ng,874.619.6516x8841,2024/2025,1st Semester,GNS 101,Use of English,2,61,29,69,98,A,4.0
F/HN/23/41043,Civil Engineering,HND1,Male,19,Osun,Joshua,Eze,joshua.eze@yabatech.edu.ng,606.314.1998,2024/2025,1st Semester,CEC 101,Engineering Drawing,3,100,25,59,84,A,4.0
F/HN/23/41043,Civil Engineering,HND1,Male,19,Osun,Joshua,Eze,joshua.eze@yabatech.edu.ng,606.314.1998,2024/2025,1st Semester,MEC 101,Workshop Technology,2,74,25,58,83,A,4.0
F/HN/23/41043,Civil Engineering,HND1,Male,19,Osun,Joshua,Eze,joshua.eze@yabatech.edu.ng,606.314.1998,2024/2025,1st Semester,CEC 110,Fluid Mechanics,4,52,25,58,83,A,4.0
P/ND/23/12662,Computer Science,ND1,Female,20,Adamawa,Hope,Akinwale,hope.akinwale@yabatech.edu.ng,426.636.7899x1240,2024/2025,1st Semester,MTH 111,Logic & Linear Algebra,2,22,9,21,30,F,0.0
P/ND/23/12662,Computer Science,ND1,Female,20,Adamawa,Hope,Akinwale,hope.akinwale@yabatech.edu.ng,426.636.7899x1240,2024/2025,1st Semester,COM 112,Digital Electronics,3,47,7,17,24,F,0.0
P/ND/23/12662,Computer Science,ND1,Female,20,Adamawa,Hope,Akinwale,hope.akinwale@yabatech.edu.ng,426.636.7899x1240,2024/2025,1st Semester,COM 113,Intro to Programming,4,50,8,20,28,F,0.0
P/ND/23/12662,Computer Science,ND1,Female,20,Adamawa,Hope,Akinwale,hope.akinwale@yabatech.edu.ng,426.636.7899x1240,2024/2025,1st Semester,GNS 101,Use of English,2,49,8,20,28,F,0.0
P/ND/23/12662,Computer Science,ND1,Female,20,Adamawa,Hope,Akinwale,hope.akinwale@yabatech.edu.ng,426.636.7899x1240,2024/2025,1st Semester,STA 111,Intro to Statistics,2,54,13,31,44,E,2.0
F/ND/23/70207,Civil Engineering,ND1,Male,22,Kaduna,Blessing,Balogun,blessing.balogun@yabatech.edu.ng,267-562-1581,2024/2025,1st Semester,CEC 101,Engineering Drawing,3,32,13,31,44,E,2.0
F/ND/23/70207,Civil Engineering,ND1,Male,22,Kaduna,Blessing,Balogun,blessing.balogun@yabatech.edu.ng,267-562-1581,2024/2025,1st Semester,MEC 101,Workshop Technology,2,48,8,18,26,F,0.0
F/ND/23/70207,Civil Engineering,ND1,Male,22,Kaduna,Blessing,Balogun,blessing.balogun@yabatech.edu.ng,267-562-1581,2024/2025,1st Semester,CEC 110,Fluid Mechanics,4,40,13,31,44,E,2.0
F/HN/23/47483,Electrical Engineering,HND2,Female,20,Oyo,David,Eze,david.eze@yabatech.edu.ng,(865)286-2575x3649,2024/2025,1st Semester,EEC 115,Electrical Graphics,2,63,21,50,71,AB,3.5
F/HN/23/47483,Electrical Engineering,HND2,Female,20,Oyo,David,Eze,david.eze@yabatech.edu.ng,(865)286-2575x3649,2024/2025,1st Semester,MEC 112,Mechanical Workshop,2,64,23,54,77,A,4.0
F/HN/23/47483,Electrical Engineering,HND2,Female,20,Oyo,David,Eze,david.eze@yabatech.edu.ng,(865)286-2575x3649,2024/2025,1st Semester,GNS 101,Use of English,2,87,24,56,80,A,4.0
F/HN/23/47483,Electrical Engineering,HND2,Female,20,Oyo,David,Eze,david.eze@yabatech.edu.ng,(865)286-2575x3649,2024/2025,1st Semester,EEC 111,Electrical Science,3,80,23,54,77,A,4.0
F/HN/23/47483,Electrical Engineering,HND2,Female,20,Oyo,David,Eze,david.eze@yabatech.edu.ng,(865)286-2575x3649,2024/2025,1st Semester,MTH 111,Logic & Linear Algebra,2,97,23,54,77,A,4.0
P/HN/23/36224,Science Lab Tech,HND1,Female,17,Bauchi,Peace,Olawale,peace.olawale@yabatech.edu.ng,+1-872-237-9572x9704,2024/2025,1st Semester,STC 112,General Chemistry,3,76,23,55,78,A,4.0
P/HN/23/36224,Science Lab Tech,HND1,Female,17,Bauchi,Peace,Olawale,peace.olawale@yabatech.edu.ng,+1-872-237-9572x9704,2024/2025,1st Semester,MTH 111,Logic & Linear Algebra,2,68,21,50,71,AB,3.5
P/HN/23/36224,Science Lab Tech,HND1,Female,17,Bauchi,Peace,Olawale,peace.olawale@yabatech.edu.ng,+1-872-237-9572x9704,2024/2025,1st Semester,GNS 101,Use of English,2,71,20,48,68,B,3.25
P/HN/23/36224,Science Lab Tech,HND1,Female,17,Bauchi,Peace,Olawale,peace.olawale@yabatech.edu.ng,+1-872-237-9572x9704,2024/2025,1st Semester,STB 111,General Biology,3,87,23,55,78,A,4.0
P/HN/23/36224,Science Lab Tech,HND1,Female,17,Bauchi,Peace,Olawale,peace.olawale@yabatech.edu.ng,+1-872-237-9572x9704,2024/2025,1st Semester,GLT 111,General Lab Techniques,4,69,23,53,76,A,4.0
P/ND/23/33682,Mass Communication,ND2,Male,16,Abia,Benjamin,Abiola,benjamin.abiola@yabatech.edu.ng,417-609-1929x82798,2024/2025,1st Semester,GNS 127,Citizenship Education,2,85,23,55,78,A,4.0
P/ND/23/33682,Mass Communication,ND2,Male,16,Abia,Benjamin,Abiola,benjamin.abiola@yabatech.edu.ng,417-609-1929x82798,2024/2025,1st Semester,MAC 115,News Writing,3,64,18,44,62,BC,3.0
P/ND/23/33682,Mass Communication,ND2,Male,16,Abia,Benjamin,Abiola,benjamin.abiola@yabatech.edu.ng,417-609-1929x82798,2024/2025,1st Semester,MAC 101,Intro to Mass Comm,3,90,17,41,58,C,2.75
P/ND/23/33682,Mass Communication,ND2,Male,16,Abia,Benjamin,Abiola,benjamin.abiola@yabatech.edu.ng,417-609-1929x82798,2024/2025,1st Semester,MAC 107,Intro to Broadcasting,3,60,19,46,65,B,3.25
P/ND/23/33682,Mass Communication,ND2,Male,16,Abia,Benjamin,Abiola,benjamin.abiola@yabatech.edu.ng,417-609-1929x82798,2024/2025,1st Semester,GNS 101,Use of English,2,79,20,47,67,B,3.25
F/HN/23/34897,Business Administration,HND2,Male,30,Yobe,Peace,Akinwale,peace.akinwale@yabatech.edu.ng,(264)912-7952x99185,2024/2025,1st Semester,ACC 111,Intro to Accounting,3,75,13,30,43,E,2.0
F/HN/23/34897,Business Administration,HND2,Male,30,Yobe,Peace,Akinwale,peace.akinwale@yabatech.edu.ng,(264)912-7952x99185,2024/2025,1st Semester,ECO 101,Intro to Economics,2,48,8,20,28,F,0.0
F/HN/23/34897,Business Administration,HND2,Male,30,Yobe,Peace,Akinwale,peace.akinwale@yabatech.edu.ng,(264)912-7952x99185,2024/2025,1st Semester,BAM 101,Intro to Business Admin,3,52,9,22,31,F,0.0
F/HN/23/57118,Computer Science,HND1,Male,29,Anambra,Gabriel,Obi,gabriel.obi@yabatech.edu.ng,2506897161,2024/2025,1st Semester,COM 112,Digital Electronics,3,81,19,44,63,BC,3.0
F/HN/23/57118,Computer Science,HND1,Male,29,Anambra,Gabriel,Obi,gabriel.obi@yabatech.edu.ng,2506897161,2024/2025,1st Semester,GNS 101,Use of English,2,81,22,51,73,AB,3.5
F/HN/23/57118,Computer Science,HND1,Male,29,Anambra,Gabriel,Obi,gabriel.obi@yabatech.edu.ng,2506897161,2024/2025,1st Semester,COM 113,Intro to Programming,4,96,18,42,60,BC,3.0
F/HN/23/57118,Computer Science,HND1,Male,29,Anambra,Gabriel,Obi,gabriel.obi@yabatech.edu.ng,2506897161,2024/2025,1st Semester,COM 101,Intro to Computing,4,56,18,43,61,BC,3.0
F/HN/23/57118,Computer Science,HND1,Male,29,Anambra,Gabriel,Obi,gabriel.obi@yabatech.edu.ng,2506897161,2024/2025,1st Semester,MTH 111,Logic & Linear Algebra,2,100,20,48,68,B,3.25
P/ND/23/48169,Mass Communication,ND1,Female,28,Ogun,Philip,Akinwale,philip.akinwale@yabatech.edu.ng,(498)572-1967,2024/2025,1st Semester,GNS 101,Use of English,2,84,28,65,93,A,4.0
P/ND/23/48169,Mass Communication,ND1,Female,28,Ogun,Philip,Akinwale,philip.akinwale@yabatech.edu.ng,(498)572-1967,2024/2025,1st Semester,MAC 107,Intro to Broadcasting,3,84,30,70,100,A,4.0
P/ND/23/48169,Mass Communication,ND1,Female,28,Ogun,Philip,Akinwale,philip.akinwale@yabatech.edu.ng,(498)572-1967,2024/2025,1st Semester,MAC 115,News Writing,3,89,27,64,91,A,4.0
P/ND/23/48169,Mass Communication,ND1,Female,28,Ogun,Philip,Akinwale,philip.akinwale@yabatech.edu.ng,(498)572-1967,2024/2025,1st Semester,MAC 101,Intro to Mass Comm,3,81,27,64,91,A,4.0
P/ND/23/48169,Mass Communication,ND1,Female,28,Ogun,Philip,Akinwale,philip.akinwale@yabatech.edu.ng,(498)572-1967,2024/2025,1st Semester,GNS 127,Citizenship Education,2,99,28,66,94,A,4.0
F/HN/23/62502,Computer Science,HND2,Female,28,Ekiti,Blessing,Oyekan,blessing.oyekan@yabatech.edu.ng,537-572-9648,2024/2025,1st Semester,GNS 101,Use of English,2,53,12,30,42,E,2.0
F/HN/23/62502,Computer Science,HND2,Female,28,Ekiti,Blessing,Oyekan,blessing.oyekan@yabatech.edu.ng,537-572-9648,2024/2025,1st Semester,STA 111,Intro to Statistics,2,54,11,25,36,F,0.0
F/HN/23/62502,Computer Science,HND2,Female,28,Ekiti,Blessing,Oyekan,blessing.oyekan@yabatech.edu.ng,537-572-9648,2024/2025,1st Semester,COM 101,Intro to Computing,4,42,4,9,13,F,0.0
F/HN/23/62502,Computer Science,HND2,Female,28,Ekiti,Blessing,Oyekan,blessing.oyekan@yabatech.edu.ng,537-572-9648,2024/2025,1st Semester,COM 112,Digital Electronics,3,47,5,13,18,F,0.0
F/HN/23/62502,Computer Science,HND2,Female,28,Ekiti,Blessing,Oyekan,blessing.oyekan@yabatech.edu.ng,537-572-9648,2024/2025,1st Semester,MTH 111,Logic & Linear Algebra,2,67,11,27,38,F,0.0
F/HN/23/62502,Computer Science,HND2,Female,28,Ekiti,Blessing,Oyekan,blessing.oyekan@yabatech.edu.ng,537-572-9648,2024/2025,1st Semester,COM 113,Intro to Programming,4,25,9,23,32,F,0.0
P/HN/23/86502,Mass Communication,HND2,Male,27,Zamfara,Peter,Ibrahim,peter.ibrahim@yabatech.edu.ng,856-359-2934x43579,2024/2025,1st Semester,MAC 107,Intro to Broadcasting,3,26,9,22,31,F,0.0
P/HN/23/86502,Mass Communication,HND2,Male,27,Zamfara,Peter,Ibrahim,peter.ibrahim@yabatech.edu.ng,856-359-2934x43579,2024/2025,1st Semester,GNS 101,Use of English,2,49,9,22,31,F,0.0
P/HN/23/86502,Mass Communication,HND2,Male,27,Zamfara,Peter,Ibrahim,peter.ibrahim@yabatech.edu.ng,856-359-2934x43579,2024/2025,1st Semester,GNS 127,Citizenship Education,2,62,13,31,44,E,2.0
P/HN/23/86502,Mass Communication,HND2,Male,27,Zamfara,Peter,Ibrahim,peter.ibrahim@yabatech.edu.ng,856-359-2934x43579,2024/2025,1st Semester,MAC 101,Intro to Mass Comm,3,31,11,25,36,F,0.0
P/HN/23/86502,Mass Communication,HND2,Male,27,Zamfara,Peter,Ibrahim,peter.ibrahim@yabatech.edu.ng,856-359-2934x43579,2024/2025,1st Semester,MAC 115,News Writing,3,34,12,29,41,E,2.0
P/HN/23/93524,Science Lab Tech,HND2,Male,17,Kano,Daniel,Balogun,daniel.balogun@yabatech.edu.ng,943-509-4491x152,2024/2025,1st Semester,STB 111,General Biology,3,70,21,51,72,AB,3.5
P/HN/23/93524,Science Lab Tech,HND2,Male,17,Kano,Daniel,Balogun,daniel.balogun@yabatech.edu.ng,943-509-4491x152,2024/2025,1st Semester,STC 112,General Chemistry,3,85,17,40,57,C,2.75
P/HN/23/93524,Science Lab Tech,HND2,Male,17,Kano,Daniel,Balogun,daniel.balogun@yabatech.edu.ng,943-509-4491x152,2024/2025,1st Semester,MTH 111,Logic & Linear Algebra,2,95,18,44,62,BC,3.0
P/HN/23/93524,Science Lab Tech,HND2,Male,17,Kano,Daniel,Balogun,daniel.balogun@yabatech.edu.ng,943-509-4491x152,2024/2025,1st Semester,GNS 101,Use of English,2,91,19,44,63,BC,3.0
P/HN/23/93524,Science Lab Tech,HND2,Male,17,Kano,Daniel,Balogun,daniel.balogun@yabatech.edu.ng,943-509-4491x152,2024/2025,1st Semester,GLT 111,General Lab Techniques,4,68,15,37,52,CD,2.5
F/ND/23/55172,Computer Science,ND1,Female,20,Ekiti,Comfort,Ogunleye,comfort.ogunleye@yabatech.edu.ng,652.957.2019x527,2024/2025,1st Semester,COM 113,Intro to Programming,4,71,30,70,100,A,4.0
F/ND/23/55172,Computer Science,ND1,Female,20,Ekiti,Comfort,Ogunleye,comfort.ogunleye@yabatech.edu.ng,652.957.2019x527,2024/2025,1st Semester,COM 101,Intro to Computing,4,67,30,70,100,A,4.0
F/ND/23/55172,Computer Science,ND1,Female,20,Ekiti,Comfort,Ogunleye,comfort.ogunleye@yabatech.edu.ng,652.957.2019x527,2024/2025,1st Semester,COM 112,Digital Electronics,3,69,26,62,88,A,4.0
F/ND/23/55172,Computer Science,ND1,Female,20,Ekiti,Comfort,Ogunleye,comfort.ogunleye@yabatech.edu.ng,652.957.2019x527,2024/2025,1st Semester,STA 111,Intro to Statistics,2,72,27,65,92,A,4.0
F/ND/23/55172,Computer Science,ND1,Female,20,Ekiti,Comfort,Ogunleye,comfort.ogunleye@yabatech.edu.ng,652.957.2019x527,2024/2025,1st Semester,MTH 111,Logic & Linear Algebra,2,94,26,61,87,A,4.0
F/ND/23/55172,Computer Science,ND1,Female,20,Ekiti,Comfort,Ogunleye,comfort.ogunleye@yabatech.edu.ng,652.957.2019x527,2024/2025,1st Semester,GNS 101,Use of English,2,94,29,68,97,A,4.0
P/HN/23/67016,Electrical Engineering,HND1,Female,21,Adamawa,Patience,Akinwale,patience.akinwale@yabatech.edu.ng,964.723.6422x813,2024/2025,1st Semester,MEC 112,Mechanical Workshop,2,48,25,58,83,A,4.0
P/HN/23/67016,Electrical Engineering,HND1,Female,21,Adamawa,Patience,Akinwale,patience.akinwale@yabatech.edu.ng,964.723.6422x813,2024/2025,1st Semester,GNS 101,Use of English,2,81,27,63,90,A,4.0
P/HN/23/67016,Electrical Engineering,HND1,Female,21,Adamawa,Patience,Akinwale,patience.akinwale@yabatech.edu.ng,964.723.6422x813,2024/2025,1st Semester,EEC 115,Electrical Graphics,2,100,28,66,94,A,4.0
P/HN/23/67016,Electrical Engineering,HND1,Female,21,Adamawa,Patience,Akinwale,patience.akinwale@yabatech.edu.ng,964.723.6422x813,2024/2025,1st Semester,MTH 111,Logic & Linear Algebra,2,98,30,70,100,A,4.0
P/HN/23/67016,Electrical Engineering,HND1,Female,21,Adamawa,Patience,Akinwale,patience.akinwale@yabatech.edu.ng,964.723.6422x813,2024/2025,1st Semester,EEC 111,Electrical Science,3,61,26,61,87,A,4.0
F/HN/23/34042,Electrical Engineering,HND1,Female,17,Sokoto,Angela,Oshodi,angela.oshodi@yabatech.edu.ng,866-663-7938,2024/2025,1st Semester,EEC 111,Electrical Science,3,84,20,47,67,B,3.25
F/HN/23/34042,Electrical Engineering,HND1,Female,17,Sokoto,Angela,Oshodi,angela.oshodi@yabatech.edu.ng,866-663-7938,2024/2025,1st Semester,EEC 115,Electrical Graphics,2,74,21,51,72,AB,3.5
F/HN/23/34042,Electrical Engineering,HND1,Female,17,Sokoto,Angela,Oshodi,angela.oshodi@yabatech.edu.ng,866-663-7938,2024/2025,1st Semester,MTH 111,Logic & Linear Algebra,2,90,23,54,77,A,4.0
F/HN/23/34042,Electrical Engineering,HND1,Female,17,Sokoto,Angela,Oshodi,angela.oshodi@yabatech.edu.ng,866-663-7938,2024/2025,1st Semester,GNS 101,Use of English,2,100,23,54,77,A,4.0
F/HN/23/34042,Electrical Engineering,HND1,Female,17,Sokoto,Angela,Oshodi,angela.oshodi@yabatech.edu.ng,866-663-7938,2024/2025,1st Semester,MEC 112,Mechanical Workshop,2,96,23,55,78,A,4.0
P/HN/23/43764,Mass Communication,HND2,Male,25,Kano,Paul,Adetokunbo,paul.adetokunbo@yabatech.edu.ng,783-933-3870,2024/2025,1st Semester,MAC 101,Intro to Mass Comm,3,46,12,28,40,E,2.0
P/HN/23/43764,Mass Communication,HND2,Male,25,Kano,Paul,Adetokunbo,paul.adetokunbo@yabatech.edu.ng,783-933-3870,2024/2025,1st Semester,MAC 115,News Writing,3,54,18,44,62,BC,3.0
P/HN/23/43764,Mass Communication,HND2,Male,25,Kano,Paul,Adetokunbo,paul.adetokunbo@yabatech.edu.ng,783-933-3870,2024/2025,1st Semester,GNS 127,Citizenship Education,2,39,15,35,50,CD,2.5
P/HN/23/43764,Mass Communication,HND2,Male,25,Kano,Paul,Adetokunbo,paul.adetokunbo@yabatech.edu.ng,783-933-3870,2024/2025,1st Semester,MAC 107,Intro to Broadcasting,3,51,19,45,64,BC,3.0
P/HN/23/43764,Mass Communication,HND2,Male,25,Kano,Paul,Adetokunbo,paul.adetokunbo@yabatech.edu.ng,783-933-3870,2024/2025,1st Semester,GNS 101,Use of English,2,49,10,25,35,F,0.0
P/HN/23/25975,Electrical Engineering,HND2,Female,24,Delta,James,Akinwale,james.akinwale@yabatech.edu.ng,(557)330-8964x508,2024/2025,1st Semester,EEC 111,Electrical Science,3,4,9,22,31,F,0.0
P/HN/23/25975,Electrical Engineering,HND2,Female,24,Delta,James,Akinwale,james.akinwale@yabatech.edu.ng,(557)330-8964x508,2024/2025,1st Semester,MEC 112,Mechanical Workshop,2,65,11,27,38,F,0.0
P/HN/23/25975,Electrical Engineering,HND2,Female,24,Delta,James,Akinwale,james.akinwale@yabatech.edu.ng,(557)330-8964x508,2024/2025,1st Semester,GNS 101,Use of English,2,39,8,18,26,F,0.0
P/HN/23/25975,Electrical Engineering,HND2,Female,24,Delta,James,Akinwale,james.akinwale@yabatech.edu.ng,(557)330-8964x508,2024/2025,1st Semester,EEC 115,Electrical Graphics,2,37,8,20,28,F,0.0
P/HN/23/25975,Electrical Engineering,HND2,Female,24,Delta,James,Akinwale,james.akinwale@yabatech.edu.ng,(557)330-8964x508,2024/2025,1st Semester,MTH 111,Logic & Linear Algebra,2,53,14,34,48,D,2.25
P/ND/23/3903,Mass Communication,ND2,Female,27,Plateau,Angela,Oyekan,angela.oyekan@yabatech.edu.ng,(428)288-3604,2024/2025,1st Semester,GNS 127,Citizenship Education,2,90,26,62,88,A,4.0
P/ND/23/3903,Mass Communication,ND2,Female,27,Plateau,Angela,Oyekan,angela.oyekan@yabatech.edu.ng,(428)288-3604,2024/2025,1st Semester,GNS 101,Use of English,2,88,25,59,84,A,4.0
P/ND/23/3903,Mass Communication,ND2,Female,27,Plateau,Angela,Oyekan,angela.oyekan@yabatech.edu.ng,(428)288-3604,2024/2025,1st Semester,MAC 107,Intro to Broadcasting,3,77,25,58,83,A,4.0
P/ND/23/3903,Mass Communication,ND2,Female,27,Plateau,Angela,Oyekan,angela.oyekan@yabatech.edu.ng,(428)288-3604,2024/2025,1st Semester,MAC 101,Intro to Mass Comm,3,69,26,61,87,A,4.0
P/ND/23/3903,Mass Communication,ND2,Female,27,Plateau,Angela,Oyekan,angela.oyekan@yabatech.edu.ng,(428)288-3604,2024/2025,1st Semester,MAC 115,News Writing,3,59,28,67,95,A,4.0
P/HN/23/68540,Mass Communication,HND1,Female,16,Oyo,Stephen,Okafor,stephen.okafor@yabatech.edu.ng,(465)904-0911x744,2024/2025,1st Semester,GNS 101,Use of English,2,72,21,49,70,AB,3.5
P/HN/23/68540,Mass Communication,HND1,Female,16,Oyo,Stephen,Okafor,stephen.okafor@yabatech.edu.ng,(465)904-0911x744,2024/2025,1st Semester,MAC 107,Intro to Broadcasting,3,68,21,51,72,AB,3.5
P/HN/23/68540,Mass Communication,HND1,Female,16,Oyo,Stephen,Okafor,stephen.okafor@yabatech.edu.ng,(465)904-0911x744,2024/2025,1st Semester,GNS 127,Citizenship Education,2,83,21,49,70,AB,3.5
P/HN/23/68540,Mass Communication,HND1,Female,16,Oyo,Stephen,Okafor,stephen.okafor@yabatech.edu.ng,(465)904-0911x744,2024/2025,1st Semester,MAC 115,News Writing,3,75,21,51,72,AB,3.5
P/HN/23/68540,Mass Communication,HND1,Female,16,Oyo,Stephen,Okafor,stephen.okafor@yabatech.edu.ng,(465)904-0911x744,2024/2025,1st Semester,MAC 101,Intro to Mass Comm,3,93,24,56,80,A,4.0
P/HN/23/36274,Mass Communication,HND2,Male,23,Sokoto,Esther,Chukwu,esther.chukwu@yabatech.edu.ng,320.733.9013x5535,2024/2025,1st Semester,GNS 101,Use of English,2,99,23,55,78,A,4.0
P/HN/23/36274,Mass Communication,HND2,Male,23,Sokoto,Esther,Chukwu,esther.chukwu@yabatech.edu.ng,320.733.9013x5535,2024/2025,1st Semester,MAC 115,News Writing,3,92,25,59,84,A,4.0
P/HN/23/36274,Mass Communication,HND2,Male,23,Sokoto,Esther,Chukwu,esther.chukwu@yabatech.edu.ng,320.733.9013x5535,2024/2025,1st Semester,GNS 127,Citizenship Education,2,65,23,54,77,A,4.0
P/HN/23/36274,Mass Communication,HND2,Male,23,Sokoto,Esther,Chukwu,esther.chukwu@yabatech.edu.ng,320.733.9013x5535,2024/2025,1st Semester,MAC 101,Intro to Mass Comm,3,93,25,59,84,A,4.0
P/HN/23/36274,Mass Communication,HND2,Male,23,Sokoto,Esther,Chukwu,esther.chukwu@yabatech.edu.ng,320.733.9013x5535,2024/2025,1st Semester,MAC 107,Intro to Broadcasting,3,50,22,51,73,AB,3.5
P/ND/23/36817,Civil Engineering,ND1,Male,19,Oyo,Elizabeth,Abiola,elizabeth.abiola@yabatech.edu.ng,4672294103,2024/2025,1st Semester,CEC 101,Engineering Drawing,3,41,8,19,27,F,0.0
P/ND/23/36817,Civil Engineering,ND1,Male,19,Oyo,Elizabeth,Abiola,elizabeth.abiola@yabatech.edu.ng,4672294103,2024/2025,1st Semester,CEC 110,Fluid Mechanics,4,66,17,39,56,C,2.75
P/ND/23/36817,Civil Engineering,ND1,Male,19,Oyo,Elizabeth,Abiola,elizabeth.abiola@yabatech.edu.ng,4672294103,2024/2025,1st Semester,MEC 101,Workshop Technology,2,60,13,31,44,E,2.0
F/ND/23/83181,Mass Communication,ND1,Male,24,Kano,Juliet,Adeyemi,juliet.adeyemi@yabatech.edu.ng,+1-570-802-1014x08418,2024/2025,1st Semester,GNS 127,Citizenship Education,2,71,24,58,82,A,4.0
F/ND/23/83181,Mass Communication,ND1,Male,24,Kano,Juliet,Adeyemi,juliet.adeyemi@yabatech.edu.ng,+1-570-802-1014x08418,2024/2025,1st Semester,MAC 107,Intro to Broadcasting,3,74,23,54,77,A,4.0
F/ND/23/83181,Mass Communication,ND1,Male,24,Kano,Juliet,Adeyemi,juliet.adeyemi@yabatech.edu.ng,+1-570-802-1014x08418,2024/2025,1st Semester,GNS 101,Use of English,2,87,23,54,77,A,4.0
F/ND/23/83181,Mass Communication,ND1,Male,24,Kano,Juliet,Adeyemi,juliet.adeyemi@yabatech.edu.ng,+1-570-802-1014x08418,2024/2025,1st Semester,MAC 115,News Writing,3,100,23,54,77,A,4.0
F/ND/23/83181,Mass Communication,ND1,Male,24,Kano,Juliet,Adeyemi,juliet.adeyemi@yabatech.edu.ng,+1-570-802-1014x08418,2024/2025,1st Semester,MAC 101,Intro to Mass Comm,3,61,23,54,77,A,4.0
P/ND/23/60673,Electrical Engineering,ND1,Male,27,Kano,Daniel,Obi,daniel.obi@yabatech.edu.ng,3992550751,2024/2025,1st Semester,MTH 111,Logic & Linear Algebra,2,75,21,49,70,AB,3.5
P/ND/23/60673,Electrical Engineering,ND1,Male,27,Kano,Daniel,Obi,daniel.obi@yabatech.edu.ng,3992550751,2024/2025,1st Semester,EEC 115,Electrical Graphics,2,73,20,47,67,B,3.25
P/ND/23/60673,Electrical Engineering,ND1,Male,27,Kano,Daniel,Obi,daniel.obi@yabatech.edu.ng,3992550751,2024/2025,1st Semester,GNS 101,Use of English,2,97,18,42,60,BC,3.0
P/ND/23/60673,Electrical Engineering,ND1,Male,27,Kano,Daniel,Obi,daniel.obi@yabatech.edu.ng,3992550751,2024/2025,1st Semester,EEC 111,Electrical Science,3,75,21,49,70,AB,3.5
P/ND/23/60673,Electrical Engineering,ND1,Male,27,Kano,Daniel,Obi,daniel.obi@yabatech.edu.ng,3992550751,2024/2025,1st Semester,MEC 112,Mechanical Workshop,2,77,21,49,70,AB,3.5
F/HN/23/31826,Business Administration,HND2,Male,20,Nasarawa,Juliet,Uche,juliet.uche@yabatech.edu.ng,+1-601-434-8177x6314,2024/2025,1st Semester,ACC 111,Intro to Accounting,3,53,20,47,67,B,3.25
F/HN/23/31826,Business Administration,HND2,Male,20,Nasarawa,Juliet,Uche,juliet.uche@yabatech.edu.ng,+1-601-434-8177x6314,2024/2025,1st Semester,BAM 101,Intro to Business Admin,3,75,18,42,60,BC,3.0
F/HN/23/31826,Business Administration,HND2,Male,20,Nasarawa,Juliet,Uche,juliet.uche@yabatech.edu.ng,+1-601-434-8177x6314,2024/2025,1st Semester,ECO 101,Intro to Economics,2,69,16,38,54,CD,2.5
F/HN/23/49260,Computer Science,HND2,Female,20,Delta,Stephen,Akinwale,stephen.akinwale@yabatech.edu.ng,001-879-747-8338x14540,2024/2025,1st Semester,GNS 101,Use of English,2,81,26,61,87,A,4.0
F/HN/23/49260,Computer Science,HND2,Female,20,Delta,Stephen,Akinwale,stephen.akinwale@yabatech.edu.ng,001-879-747-8338x14540,2024/2025,1st Semester,MTH 111,Logic & Linear Algebra,2,100,25,60,85,A,4.0
F/HN/23/49260,Computer Science,HND2,Female,20,Delta,Stephen,Akinwale,stephen.akinwale@yabatech.edu.ng,001-879-747-8338x14540,2024/2025,1st Semester,COM 113,Intro to Programming,4,100,29,68,97,A,4.0
F/HN/23/49260,Computer Science,HND2,Female,20,Delta,Stephen,Akinwale,stephen.akinwale@yabatech.edu.ng,001-879-747-8338x14540,2024/2025,1st Semester,COM 112,Digital Electronics,3,77,24,58,82,A,4.0
F/HN/23/49260,Computer Science,HND2,Female,20,Delta,Stephen,Akinwale,stephen.akinwale@yabatech.edu.ng,001-879-747-8338x14540,2024/2025,1st Semester,COM 101,Intro to Computing,4,58,30,70,100,A,4.0
F/ND/23/82172,Science Lab Tech,ND2,Male,18,Abia,Peace,Ekwueme,peace.ekwueme@yabatech.edu.ng,838.927.4445x1620,2024/2025,1st Semester,STB 111,General Biology,3,67,8,19,27,F,0.0
F/ND/23/82172,Science Lab Tech,ND2,Male,18,Abia,Peace,Ekwueme,peace.ekwueme@yabatech.edu.ng,838.927.4445x1620,2024/2025,1st Semester,STC 112,General Chemistry,3,66,12,29,41,E,2.0
F/ND/23/82172,Science Lab Tech,ND2,Male,18,Abia,Peace,Ekwueme,peace.ekwueme@yabatech.edu.ng,838.927.4445x1620,2024/2025,1st Semester,GLT 111,General Lab Techniques,4,57,12,29,41,E,2.0
F/ND/23/82172,Science Lab Tech,ND2,Male,18,Abia,Peace,Ekwueme,peace.ekwueme@yabatech.edu.ng,838.927.4445x1620,2024/2025,1st Semester,MTH 111,Logic & Linear Algebra,2,46,3,7,10,F,0.0
F/ND/23/82172,Science Lab Tech,ND2,Male,18,Abia,Peace,Ekwueme,peace.ekwueme@yabatech.edu.ng,838.927.4445x1620,2024/2025,1st Semester,GNS 101,Use of English,2,53,14,33,47,D,2.25
F/HN/23/31066,Business Administration,HND2,Female,16,Kaduna,Simon,Nnamani,simon.nnamani@yabatech.edu.ng,001-783-770-5662x117,2024/2025,1st Semester,ACC 111,Intro to Accounting,3,71,25,58,83,A,4.0
F/HN/23/31066,Business Administration,HND2,Female,16,Kaduna,Simon,Nnamani,simon.nnamani@yabatech.edu.ng,001-783-770-5662x117,2024/2025,1st Semester,ECO 101,Intro to Economics,2,100,28,65,93,A,4.0
F/HN/23/31066,Business Administration,HND2,Female,16,Kaduna,Simon,Nnamani,simon.nnamani@yabatech.edu.ng,001-783-770-5662x117,2024/2025,1st Semester,BAM 101,Intro to Business Admin,3,76,25,58,83,A,4.0
P/ND/23/50715,Civil Engineering,ND1,Male,20,Taraba,Andrew,Chukwu,andrew.chukwu@yabatech.edu.ng,650-299-9156x47255,2024/2025,1st Semester,CEC 101,Engineering Drawing,3,92,26,61,87,A,4.0
P/ND/23/50715,Civil Engineering,ND1,Male,20,Taraba,Andrew,Chukwu,andrew.chukwu@yabatech.edu.ng,650-299-9156x47255,2024/2025,1st Semester,CEC 110,Fluid Mechanics,4,93,23,54,77,A,4.0
P/ND/23/50715,Civil Engineering,ND1,Male,20,Taraba,Andrew,Chukwu,andrew.chukwu@yabatech.edu.ng,650-299-9156x47255,2024/2025,1st Semester,MEC 101,Workshop Technology,2,65,22,53,75,A,4.0
P/ND/23/92471,Computer Science,ND2,Male,29,Sokoto,Comfort,Ibrahim,comfort.ibrahim@yabatech.edu.ng,782-753-8007,2024/2025,1st Semester,COM 112,Digital Electronics,3,74,25,58,83,A,4.0
P/ND/23/92471,Computer Science,ND2,Male,29,Sokoto,Comfort,Ibrahim,comfort.ibrahim@yabatech.edu.ng,782-753-8007,2024/2025,1st Semester,STA 111,Intro to Statistics,2,82,25,59,84,A,4.0
P/ND/23/92471,Computer Science,ND2,Male,29,Sokoto,Comfort,Ibrahim,comfort.ibrahim@yabatech.edu.ng,782-753-8007,2024/2025,1st Semester,GNS 101,Use of English,2,43,24,56,80,A,4.0
P/ND/23/92471,Computer Science,ND2,Male,29,Sokoto,Comfort,Ibrahim,comfort.ibrahim@yabatech.edu.ng,782-753-8007,2024/2025,1st Semester,MTH 111,Logic & Linear Algebra,2,95,27,64,91,A,4.0
P/ND/23/92471,Computer Science,ND2,Male,29,Sokoto,Comfort,Ibrahim,comfort.ibrahim@yabatech.edu.ng,782-753-8007,2024/2025,1st Semester,COM 113,Intro to Programming,4,82,30,70,100,A,4.0
F/HN/23/6598,Electrical Engineering,HND1,Female,27,Kaduna,Hope,Uche,hope.uche@yabatech.edu.ng,972-864-1466x478,2024/2025,1st Semester,MEC 112,Mechanical Workshop,2,81,24,56,80,A,4.0
F/HN/23/6598,Electrical Engineering,HND1,Female,27,Kaduna,Hope,Uche,hope.uche@yabatech.edu.ng,972-864-1466x478,2024/2025,1st Semester,EEC 115,Electrical Graphics,2,54,26,61,87,A,4.0
F/HN/23/6598,Electrical Engineering,HND1,Female,27,Kaduna,Hope,Uche,hope.uche@yabatech.edu.ng,972-864-1466x478,2024/2025,1st Semester,EEC 111,Electrical Science,3,57,23,54,77,A,4.0
F/HN/23/6598,Electrical Engineering,HND1,Female,27,Kaduna,Hope,Uche,hope.uche@yabatech.edu.ng,972-864-1466x478,2024/2025,1st Semester,GNS 101,Use of English,2,82,25,59,84,A,4.0
F/HN/23/6598,Electrical Engineering,HND1,Female,27,Kaduna,Hope,Uche,hope.uche@yabatech.edu.ng,972-864-1466x478,2024/2025,1st Semester,MTH 111,Logic & Linear Algebra,2,63,26,61,87,A,4.0
